ISO-10303-21;
HEADER;
FILE_DESCRIPTION(('KiCad electronic assembly'),'2;1');
FILE_NAME('RPi5VacuumIO.step','2026-09-28T02:57:57',('Pcbnew'),('Kicad')
  ,'Open CASCADE STEP processor 7.6','KiCad to STEP converter','Unknown'
  );
FILE_SCHEMA(('AUTOMOTIVE_DESIGN { 1 0 10303 214 1 1 1 1 }'));
ENDSEC;
DATA;
#1 = APPLICATION_PROTOCOL_DEFINITION('international standard',
  'automotive_design',2000,#2);
#2 = APPLICATION_CONTEXT(
  'core data for automotive mechanical design processes');
#3 = SHAPE_DEFINITION_REPRESENTATION(#4,#10);
#4 = PRODUCT_DEFINITION_SHAPE('','',#5);
#5 = PRODUCT_DEFINITION('design','',#6,#9);
#6 = PRODUCT_DEFINITION_FORMATION('','',#7);
#7 = PRODUCT('RPi5VacuumIO 1','RPi5VacuumIO 1','',(#8));
#8 = PRODUCT_CONTEXT('',#2,'mechanical');
#9 = PRODUCT_DEFINITION_CONTEXT('part definition',#2,'design');
#10 = SHAPE_REPRESENTATION('',(#11,#15),#19);
#11 = AXIS2_PLACEMENT_3D('',#12,#13,#14);
#12 = CARTESIAN_POINT('',(0.,0.,0.));
#13 = DIRECTION('',(0.,0.,1.));
#14 = DIRECTION('',(1.,0.,-0.));
#15 = AXIS2_PLACEMENT_3D('',#16,#17,#18);
#16 = CARTESIAN_POINT('',(0.,0.,0.));
#17 = DIRECTION('',(0.,0.,1.));
#18 = DIRECTION('',(1.,0.,-0.));
#19 = ( GEOMETRIC_REPRESENTATION_CONTEXT(3) 
GLOBAL_UNCERTAINTY_ASSIGNED_CONTEXT((#23)) GLOBAL_UNIT_ASSIGNED_CONTEXT(
(#20,#21,#22)) REPRESENTATION_CONTEXT('Context #1',
  '3D Context with UNIT and UNCERTAINTY') );
#20 = ( LENGTH_UNIT() NAMED_UNIT(*) SI_UNIT(.MILLI.,.METRE.) );
#21 = ( NAMED_UNIT(*) PLANE_ANGLE_UNIT() SI_UNIT($,.RADIAN.) );
#22 = ( NAMED_UNIT(*) SI_UNIT($,.STERADIAN.) SOLID_ANGLE_UNIT() );
#23 = UNCERTAINTY_MEASURE_WITH_UNIT(LENGTH_MEASURE(1.E-07),#20,
  'distance_accuracy_value','confusion accuracy');
#24 = PRODUCT_RELATED_PRODUCT_CATEGORY('part',$,(#7));
#25 = SHAPE_DEFINITION_REPRESENTATION(#26,#32);
#26 = PRODUCT_DEFINITION_SHAPE('','',#27);
#27 = PRODUCT_DEFINITION('design','',#28,#31);
#28 = PRODUCT_DEFINITION_FORMATION('','',#29);
#29 = PRODUCT('RPi5VacuumIO PCB','RPi5VacuumIO PCB','',(#30));
#30 = PRODUCT_CONTEXT('',#2,'mechanical');
#31 = PRODUCT_DEFINITION_CONTEXT('part definition',#2,'design');
#32 = ADVANCED_BREP_SHAPE_REPRESENTATION('',(#11,#33),#17475);
#33 = MANIFOLD_SOLID_BREP('',#34);
#34 = CLOSED_SHELL('',(#35,#155,#231,#302,#6839,#12446,#12453,#12480,
    #12507,#12534,#12561,#12588,#12615,#12642,#12669,#12696,#12723,
    #12750,#12777,#12804,#12831,#12858,#12885,#12912,#12939,#12966,
    #12993,#13020,#13047,#13074,#13101,#13128,#13155,#13182,#13209,
    #13236,#13263,#13290,#13317,#13344,#13371,#13398,#13425,#13452,
    #13479,#13506,#13533,#13560,#13587,#13614,#13641,#13668,#13695,
    #13722,#13749,#13776,#13803,#13830,#13857,#13884,#13911,#13938,
    #13965,#13992,#14019,#14046,#14073,#14100,#14127,#14154,#14181,
    #14208,#14235,#14262,#14289,#14316,#14343,#14370,#14397,#14424,
    #14451,#14478,#14505,#14532,#14559,#14586,#14613,#14640,#14667,
    #14694,#14721,#14748,#14775,#14802,#14829,#14856,#14883,#14910,
    #14937,#14964,#14991,#15018,#15045,#15072,#15099,#15126,#15153,
    #15180,#15207,#15234,#15261,#15288,#15315,#15342,#15369,#15396,
    #15423,#15450,#15477,#15504,#15531,#15558,#15585,#15612,#15639,
    #15666,#15693,#15720,#15747,#15774,#15801,#15828,#15855,#15882,
    #15909,#15936,#15963,#15990,#16017,#16044,#16071,#16098,#16125,
    #16152,#16179,#16206,#16233,#16260,#16287,#16314,#16341,#16368,
    #16395,#16422,#16449,#16476,#16503,#16530,#16557,#16584,#16611,
    #16638,#16665,#16692,#16719,#16746,#16773,#16800,#16827,#16854,
    #16881,#16908,#16935,#16962,#16989,#17016,#17043,#17070,#17097,
    #17124,#17151,#17178,#17205,#17232,#17259,#17286,#17313,#17340,
    #17367,#17394,#17421,#17448));
#35 = ADVANCED_FACE('',(#36),#50,.T.);
#36 = FACE_BOUND('',#37,.T.);
#37 = EDGE_LOOP('',(#38,#73,#101,#129));
#38 = ORIENTED_EDGE('',*,*,#39,.T.);
#39 = EDGE_CURVE('',#40,#42,#44,.T.);
#40 = VERTEX_POINT('',#41);
#41 = CARTESIAN_POINT('',(295.,-260.,0.));
#42 = VERTEX_POINT('',#43);
#43 = CARTESIAN_POINT('',(295.,-260.,1.6));
#44 = SURFACE_CURVE('',#45,(#49,#61),.PCURVE_S1.);
#45 = LINE('',#46,#47);
#46 = CARTESIAN_POINT('',(295.,-260.,0.));
#47 = VECTOR('',#48,1.);
#48 = DIRECTION('',(0.,0.,1.));
#49 = PCURVE('',#50,#55);
#50 = PLANE('',#51);
#51 = AXIS2_PLACEMENT_3D('',#52,#53,#54);
#52 = CARTESIAN_POINT('',(295.,-260.,0.));
#53 = DIRECTION('',(0.,-1.,0.));
#54 = DIRECTION('',(-1.,0.,0.));
#55 = DEFINITIONAL_REPRESENTATION('',(#56),#60);
#56 = LINE('',#57,#58);
#57 = CARTESIAN_POINT('',(0.,-0.));
#58 = VECTOR('',#59,1.);
#59 = DIRECTION('',(0.,-1.));
#60 = ( GEOMETRIC_REPRESENTATION_CONTEXT(2) 
PARAMETRIC_REPRESENTATION_CONTEXT() REPRESENTATION_CONTEXT('2D SPACE',''
  ) );
#61 = PCURVE('',#62,#67);
#62 = PLANE('',#63);
#63 = AXIS2_PLACEMENT_3D('',#64,#65,#66);
#64 = CARTESIAN_POINT('',(295.,-100.,0.));
#65 = DIRECTION('',(1.,0.,-0.));
#66 = DIRECTION('',(0.,-1.,0.));
#67 = DEFINITIONAL_REPRESENTATION('',(#68),#72);
#68 = LINE('',#69,#70);
#69 = CARTESIAN_POINT('',(160.,0.));
#70 = VECTOR('',#71,1.);
#71 = DIRECTION('',(0.,-1.));
#72 = ( GEOMETRIC_REPRESENTATION_CONTEXT(2) 
PARAMETRIC_REPRESENTATION_CONTEXT() REPRESENTATION_CONTEXT('2D SPACE',''
  ) );
#73 = ORIENTED_EDGE('',*,*,#74,.T.);
#74 = EDGE_CURVE('',#42,#75,#77,.T.);
#75 = VERTEX_POINT('',#76);
#76 = CARTESIAN_POINT('',(100.,-260.,1.6));
#77 = SURFACE_CURVE('',#78,(#82,#89),.PCURVE_S1.);
#78 = LINE('',#79,#80);
#79 = CARTESIAN_POINT('',(295.,-260.,1.6));
#80 = VECTOR('',#81,1.);
#81 = DIRECTION('',(-1.,0.,0.));
#82 = PCURVE('',#50,#83);
#83 = DEFINITIONAL_REPRESENTATION('',(#84),#88);
#84 = LINE('',#85,#86);
#85 = CARTESIAN_POINT('',(0.,-1.6));
#86 = VECTOR('',#87,1.);
#87 = DIRECTION('',(1.,0.));
#88 = ( GEOMETRIC_REPRESENTATION_CONTEXT(2) 
PARAMETRIC_REPRESENTATION_CONTEXT() REPRESENTATION_CONTEXT('2D SPACE',''
  ) );
#89 = PCURVE('',#90,#95);
#90 = PLANE('',#91);
#91 = AXIS2_PLACEMENT_3D('',#92,#93,#94);
#92 = CARTESIAN_POINT('',(197.5,-180.,1.6));
#93 = DIRECTION('',(-0.,-0.,-1.));
#94 = DIRECTION('',(-1.,0.,0.));
#95 = DEFINITIONAL_REPRESENTATION('',(#96),#100);
#96 = LINE('',#97,#98);
#97 = CARTESIAN_POINT('',(-97.5,-80.));
#98 = VECTOR('',#99,1.);
#99 = DIRECTION('',(1.,0.));
#100 = ( GEOMETRIC_REPRESENTATION_CONTEXT(2) 
PARAMETRIC_REPRESENTATION_CONTEXT() REPRESENTATION_CONTEXT('2D SPACE',''
  ) );
#101 = ORIENTED_EDGE('',*,*,#102,.F.);
#102 = EDGE_CURVE('',#103,#75,#105,.T.);
#103 = VERTEX_POINT('',#104);
#104 = CARTESIAN_POINT('',(100.,-260.,0.));
#105 = SURFACE_CURVE('',#106,(#110,#117),.PCURVE_S1.);
#106 = LINE('',#107,#108);
#107 = CARTESIAN_POINT('',(100.,-260.,0.));
#108 = VECTOR('',#109,1.);
#109 = DIRECTION('',(0.,0.,1.));
#110 = PCURVE('',#50,#111);
#111 = DEFINITIONAL_REPRESENTATION('',(#112),#116);
#112 = LINE('',#113,#114);
#113 = CARTESIAN_POINT('',(195.,0.));
#114 = VECTOR('',#115,1.);
#115 = DIRECTION('',(0.,-1.));
#116 = ( GEOMETRIC_REPRESENTATION_CONTEXT(2) 
PARAMETRIC_REPRESENTATION_CONTEXT() REPRESENTATION_CONTEXT('2D SPACE',''
  ) );
#117 = PCURVE('',#118,#123);
#118 = PLANE('',#119);
#119 = AXIS2_PLACEMENT_3D('',#120,#121,#122);
#120 = CARTESIAN_POINT('',(100.,-260.,0.));
#121 = DIRECTION('',(-1.,0.,0.));
#122 = DIRECTION('',(0.,1.,0.));
#123 = DEFINITIONAL_REPRESENTATION('',(#124),#128);
#124 = LINE('',#125,#126);
#125 = CARTESIAN_POINT('',(0.,0.));
#126 = VECTOR('',#127,1.);
#127 = DIRECTION('',(0.,-1.));
#128 = ( GEOMETRIC_REPRESENTATION_CONTEXT(2) 
PARAMETRIC_REPRESENTATION_CONTEXT() REPRESENTATION_CONTEXT('2D SPACE',''
  ) );
#129 = ORIENTED_EDGE('',*,*,#130,.F.);
#130 = EDGE_CURVE('',#40,#103,#131,.T.);
#131 = SURFACE_CURVE('',#132,(#136,#143),.PCURVE_S1.);
#132 = LINE('',#133,#134);
#133 = CARTESIAN_POINT('',(295.,-260.,0.));
#134 = VECTOR('',#135,1.);
#135 = DIRECTION('',(-1.,0.,0.));
#136 = PCURVE('',#50,#137);
#137 = DEFINITIONAL_REPRESENTATION('',(#138),#142);
#138 = LINE('',#139,#140);
#139 = CARTESIAN_POINT('',(0.,-0.));
#140 = VECTOR('',#141,1.);
#141 = DIRECTION('',(1.,0.));
#142 = ( GEOMETRIC_REPRESENTATION_CONTEXT(2) 
PARAMETRIC_REPRESENTATION_CONTEXT() REPRESENTATION_CONTEXT('2D SPACE',''
  ) );
#143 = PCURVE('',#144,#149);
#144 = PLANE('',#145);
#145 = AXIS2_PLACEMENT_3D('',#146,#147,#148);
#146 = CARTESIAN_POINT('',(197.5,-180.,0.));
#147 = DIRECTION('',(-0.,-0.,-1.));
#148 = DIRECTION('',(-1.,0.,0.));
#149 = DEFINITIONAL_REPRESENTATION('',(#150),#154);
#150 = LINE('',#151,#152);
#151 = CARTESIAN_POINT('',(-97.5,-80.));
#152 = VECTOR('',#153,1.);
#153 = DIRECTION('',(1.,0.));
#154 = ( GEOMETRIC_REPRESENTATION_CONTEXT(2) 
PARAMETRIC_REPRESENTATION_CONTEXT() REPRESENTATION_CONTEXT('2D SPACE',''
  ) );
#155 = ADVANCED_FACE('',(#156),#62,.T.);
#156 = FACE_BOUND('',#157,.T.);
#157 = EDGE_LOOP('',(#158,#188,#209,#210));
#158 = ORIENTED_EDGE('',*,*,#159,.T.);
#159 = EDGE_CURVE('',#160,#162,#164,.T.);
#160 = VERTEX_POINT('',#161);
#161 = CARTESIAN_POINT('',(295.,-100.,0.));
#162 = VERTEX_POINT('',#163);
#163 = CARTESIAN_POINT('',(295.,-100.,1.6));
#164 = SURFACE_CURVE('',#165,(#169,#176),.PCURVE_S1.);
#165 = LINE('',#166,#167);
#166 = CARTESIAN_POINT('',(295.,-100.,0.));
#167 = VECTOR('',#168,1.);
#168 = DIRECTION('',(0.,0.,1.));
#169 = PCURVE('',#62,#170);
#170 = DEFINITIONAL_REPRESENTATION('',(#171),#175);
#171 = LINE('',#172,#173);
#172 = CARTESIAN_POINT('',(0.,0.));
#173 = VECTOR('',#174,1.);
#174 = DIRECTION('',(0.,-1.));
#175 = ( GEOMETRIC_REPRESENTATION_CONTEXT(2) 
PARAMETRIC_REPRESENTATION_CONTEXT() REPRESENTATION_CONTEXT('2D SPACE',''
  ) );
#176 = PCURVE('',#177,#182);
#177 = PLANE('',#178);
#178 = AXIS2_PLACEMENT_3D('',#179,#180,#181);
#179 = CARTESIAN_POINT('',(100.,-100.,0.));
#180 = DIRECTION('',(0.,1.,0.));
#181 = DIRECTION('',(1.,0.,0.));
#182 = DEFINITIONAL_REPRESENTATION('',(#183),#187);
#183 = LINE('',#184,#185);
#184 = CARTESIAN_POINT('',(195.,0.));
#185 = VECTOR('',#186,1.);
#186 = DIRECTION('',(0.,-1.));
#187 = ( GEOMETRIC_REPRESENTATION_CONTEXT(2) 
PARAMETRIC_REPRESENTATION_CONTEXT() REPRESENTATION_CONTEXT('2D SPACE',''
  ) );
#188 = ORIENTED_EDGE('',*,*,#189,.T.);
#189 = EDGE_CURVE('',#162,#42,#190,.T.);
#190 = SURFACE_CURVE('',#191,(#195,#202),.PCURVE_S1.);
#191 = LINE('',#192,#193);
#192 = CARTESIAN_POINT('',(295.,-100.,1.6));
#193 = VECTOR('',#194,1.);
#194 = DIRECTION('',(0.,-1.,0.));
#195 = PCURVE('',#62,#196);
#196 = DEFINITIONAL_REPRESENTATION('',(#197),#201);
#197 = LINE('',#198,#199);
#198 = CARTESIAN_POINT('',(0.,-1.6));
#199 = VECTOR('',#200,1.);
#200 = DIRECTION('',(1.,0.));
#201 = ( GEOMETRIC_REPRESENTATION_CONTEXT(2) 
PARAMETRIC_REPRESENTATION_CONTEXT() REPRESENTATION_CONTEXT('2D SPACE',''
  ) );
#202 = PCURVE('',#90,#203);
#203 = DEFINITIONAL_REPRESENTATION('',(#204),#208);
#204 = LINE('',#205,#206);
#205 = CARTESIAN_POINT('',(-97.5,80.));
#206 = VECTOR('',#207,1.);
#207 = DIRECTION('',(0.,-1.));
#208 = ( GEOMETRIC_REPRESENTATION_CONTEXT(2) 
PARAMETRIC_REPRESENTATION_CONTEXT() REPRESENTATION_CONTEXT('2D SPACE',''
  ) );
#209 = ORIENTED_EDGE('',*,*,#39,.F.);
#210 = ORIENTED_EDGE('',*,*,#211,.F.);
#211 = EDGE_CURVE('',#160,#40,#212,.T.);
#212 = SURFACE_CURVE('',#213,(#217,#224),.PCURVE_S1.);
#213 = LINE('',#214,#215);
#214 = CARTESIAN_POINT('',(295.,-100.,0.));
#215 = VECTOR('',#216,1.);
#216 = DIRECTION('',(0.,-1.,0.));
#217 = PCURVE('',#62,#218);
#218 = DEFINITIONAL_REPRESENTATION('',(#219),#223);
#219 = LINE('',#220,#221);
#220 = CARTESIAN_POINT('',(0.,0.));
#221 = VECTOR('',#222,1.);
#222 = DIRECTION('',(1.,0.));
#223 = ( GEOMETRIC_REPRESENTATION_CONTEXT(2) 
PARAMETRIC_REPRESENTATION_CONTEXT() REPRESENTATION_CONTEXT('2D SPACE',''
  ) );
#224 = PCURVE('',#144,#225);
#225 = DEFINITIONAL_REPRESENTATION('',(#226),#230);
#226 = LINE('',#227,#228);
#227 = CARTESIAN_POINT('',(-97.5,80.));
#228 = VECTOR('',#229,1.);
#229 = DIRECTION('',(0.,-1.));
#230 = ( GEOMETRIC_REPRESENTATION_CONTEXT(2) 
PARAMETRIC_REPRESENTATION_CONTEXT() REPRESENTATION_CONTEXT('2D SPACE',''
  ) );
#231 = ADVANCED_FACE('',(#232),#118,.T.);
#232 = FACE_BOUND('',#233,.T.);
#233 = EDGE_LOOP('',(#234,#235,#258,#281));
#234 = ORIENTED_EDGE('',*,*,#102,.T.);
#235 = ORIENTED_EDGE('',*,*,#236,.T.);
#236 = EDGE_CURVE('',#75,#237,#239,.T.);
#237 = VERTEX_POINT('',#238);
#238 = CARTESIAN_POINT('',(100.,-100.,1.6));
#239 = SURFACE_CURVE('',#240,(#244,#251),.PCURVE_S1.);
#240 = LINE('',#241,#242);
#241 = CARTESIAN_POINT('',(100.,-260.,1.6));
#242 = VECTOR('',#243,1.);
#243 = DIRECTION('',(0.,1.,0.));
#244 = PCURVE('',#118,#245);
#245 = DEFINITIONAL_REPRESENTATION('',(#246),#250);
#246 = LINE('',#247,#248);
#247 = CARTESIAN_POINT('',(0.,-1.6));
#248 = VECTOR('',#249,1.);
#249 = DIRECTION('',(1.,0.));
#250 = ( GEOMETRIC_REPRESENTATION_CONTEXT(2) 
PARAMETRIC_REPRESENTATION_CONTEXT() REPRESENTATION_CONTEXT('2D SPACE',''
  ) );
#251 = PCURVE('',#90,#252);
#252 = DEFINITIONAL_REPRESENTATION('',(#253),#257);
#253 = LINE('',#254,#255);
#254 = CARTESIAN_POINT('',(97.5,-80.));
#255 = VECTOR('',#256,1.);
#256 = DIRECTION('',(0.,1.));
#257 = ( GEOMETRIC_REPRESENTATION_CONTEXT(2) 
PARAMETRIC_REPRESENTATION_CONTEXT() REPRESENTATION_CONTEXT('2D SPACE',''
  ) );
#258 = ORIENTED_EDGE('',*,*,#259,.F.);
#259 = EDGE_CURVE('',#260,#237,#262,.T.);
#260 = VERTEX_POINT('',#261);
#261 = CARTESIAN_POINT('',(100.,-100.,0.));
#262 = SURFACE_CURVE('',#263,(#267,#274),.PCURVE_S1.);
#263 = LINE('',#264,#265);
#264 = CARTESIAN_POINT('',(100.,-100.,0.));
#265 = VECTOR('',#266,1.);
#266 = DIRECTION('',(0.,0.,1.));
#267 = PCURVE('',#118,#268);
#268 = DEFINITIONAL_REPRESENTATION('',(#269),#273);
#269 = LINE('',#270,#271);
#270 = CARTESIAN_POINT('',(160.,0.));
#271 = VECTOR('',#272,1.);
#272 = DIRECTION('',(0.,-1.));
#273 = ( GEOMETRIC_REPRESENTATION_CONTEXT(2) 
PARAMETRIC_REPRESENTATION_CONTEXT() REPRESENTATION_CONTEXT('2D SPACE',''
  ) );
#274 = PCURVE('',#177,#275);
#275 = DEFINITIONAL_REPRESENTATION('',(#276),#280);
#276 = LINE('',#277,#278);
#277 = CARTESIAN_POINT('',(0.,0.));
#278 = VECTOR('',#279,1.);
#279 = DIRECTION('',(0.,-1.));
#280 = ( GEOMETRIC_REPRESENTATION_CONTEXT(2) 
PARAMETRIC_REPRESENTATION_CONTEXT() REPRESENTATION_CONTEXT('2D SPACE',''
  ) );
#281 = ORIENTED_EDGE('',*,*,#282,.F.);
#282 = EDGE_CURVE('',#103,#260,#283,.T.);
#283 = SURFACE_CURVE('',#284,(#288,#295),.PCURVE_S1.);
#284 = LINE('',#285,#286);
#285 = CARTESIAN_POINT('',(100.,-260.,0.));
#286 = VECTOR('',#287,1.);
#287 = DIRECTION('',(0.,1.,0.));
#288 = PCURVE('',#118,#289);
#289 = DEFINITIONAL_REPRESENTATION('',(#290),#294);
#290 = LINE('',#291,#292);
#291 = CARTESIAN_POINT('',(0.,0.));
#292 = VECTOR('',#293,1.);
#293 = DIRECTION('',(1.,0.));
#294 = ( GEOMETRIC_REPRESENTATION_CONTEXT(2) 
PARAMETRIC_REPRESENTATION_CONTEXT() REPRESENTATION_CONTEXT('2D SPACE',''
  ) );
#295 = PCURVE('',#144,#296);
#296 = DEFINITIONAL_REPRESENTATION('',(#297),#301);
#297 = LINE('',#298,#299);
#298 = CARTESIAN_POINT('',(97.5,-80.));
#299 = VECTOR('',#300,1.);
#300 = DIRECTION('',(0.,1.));
#301 = ( GEOMETRIC_REPRESENTATION_CONTEXT(2) 
PARAMETRIC_REPRESENTATION_CONTEXT() REPRESENTATION_CONTEXT('2D SPACE',''
  ) );
#302 = ADVANCED_FACE('',(#303,#329,#364,#399,#434,#469,#504,#539,#574,
    #609,#644,#679,#714,#749,#784,#819,#854,#889,#924,#959,#994,#1029,
    #1064,#1099,#1134,#1169,#1204,#1239,#1274,#1309,#1344,#1379,#1414,
    #1449,#1484,#1519,#1554,#1589,#1624,#1659,#1694,#1729,#1764,#1799,
    #1834,#1869,#1904,#1939,#1974,#2009,#2044,#2079,#2114,#2149,#2184,
    #2219,#2254,#2289,#2324,#2359,#2394,#2429,#2464,#2499,#2534,#2569,
    #2604,#2639,#2674,#2709,#2744,#2779,#2814,#2849,#2884,#2919,#2954,
    #2989,#3024,#3059,#3094,#3129,#3164,#3199,#3234,#3269,#3304,#3339,
    #3374,#3409,#3444,#3479,#3514,#3549,#3584,#3619,#3654,#3689,#3724,
    #3759,#3794,#3829,#3864,#3899,#3934,#3969,#4004,#4039,#4074,#4109,
    #4144,#4179,#4214,#4249,#4284,#4319,#4354,#4389,#4424,#4459,#4494,
    #4529,#4564,#4599,#4634,#4669,#4704,#4739,#4774,#4809,#4844,#4879,
    #4914,#4949,#4984,#5019,#5054,#5089,#5124,#5159,#5194,#5229,#5264,
    #5299,#5334,#5369,#5404,#5439,#5474,#5509,#5544,#5579,#5614,#5649,
    #5684,#5719,#5754,#5789,#5824,#5859,#5894,#5929,#5964,#5999,#6034,
    #6069,#6104,#6139,#6174,#6209,#6244,#6279,#6314,#6349,#6384,#6419,
    #6454,#6489,#6524,#6559,#6594,#6629,#6664,#6699,#6734,#6769,#6804),
  #144,.T.);
#303 = FACE_BOUND('',#304,.T.);
#304 = EDGE_LOOP('',(#305,#306,#307,#328));
#305 = ORIENTED_EDGE('',*,*,#130,.T.);
#306 = ORIENTED_EDGE('',*,*,#282,.T.);
#307 = ORIENTED_EDGE('',*,*,#308,.T.);
#308 = EDGE_CURVE('',#260,#160,#309,.T.);
#309 = SURFACE_CURVE('',#310,(#314,#321),.PCURVE_S1.);
#310 = LINE('',#311,#312);
#311 = CARTESIAN_POINT('',(100.,-100.,0.));
#312 = VECTOR('',#313,1.);
#313 = DIRECTION('',(1.,0.,0.));
#314 = PCURVE('',#144,#315);
#315 = DEFINITIONAL_REPRESENTATION('',(#316),#320);
#316 = LINE('',#317,#318);
#317 = CARTESIAN_POINT('',(97.5,80.));
#318 = VECTOR('',#319,1.);
#319 = DIRECTION('',(-1.,0.));
#320 = ( GEOMETRIC_REPRESENTATION_CONTEXT(2) 
PARAMETRIC_REPRESENTATION_CONTEXT() REPRESENTATION_CONTEXT('2D SPACE',''
  ) );
#321 = PCURVE('',#177,#322);
#322 = DEFINITIONAL_REPRESENTATION('',(#323),#327);
#323 = LINE('',#324,#325);
#324 = CARTESIAN_POINT('',(0.,0.));
#325 = VECTOR('',#326,1.);
#326 = DIRECTION('',(1.,0.));
#327 = ( GEOMETRIC_REPRESENTATION_CONTEXT(2) 
PARAMETRIC_REPRESENTATION_CONTEXT() REPRESENTATION_CONTEXT('2D SPACE',''
  ) );
#328 = ORIENTED_EDGE('',*,*,#211,.T.);
#329 = FACE_BOUND('',#330,.T.);
#330 = EDGE_LOOP('',(#331));
#331 = ORIENTED_EDGE('',*,*,#332,.T.);
#332 = EDGE_CURVE('',#333,#333,#335,.T.);
#333 = VERTEX_POINT('',#334);
#334 = CARTESIAN_POINT('',(293.1,-256.5,0.));
#335 = SURFACE_CURVE('',#336,(#341,#352),.PCURVE_S1.);
#336 = CIRCLE('',#337,1.6);
#337 = AXIS2_PLACEMENT_3D('',#338,#339,#340);
#338 = CARTESIAN_POINT('',(291.5,-256.5,0.));
#339 = DIRECTION('',(0.,0.,1.));
#340 = DIRECTION('',(1.,0.,-0.));
#341 = PCURVE('',#144,#342);
#342 = DEFINITIONAL_REPRESENTATION('',(#343),#351);
#343 = ( BOUNDED_CURVE() B_SPLINE_CURVE(2,(#344,#345,#346,#347,#348,#349
,#350),.UNSPECIFIED.,.T.,.F.) B_SPLINE_CURVE_WITH_KNOTS((1,2,2,2,2,1),(
    -2.094395102393,0.,2.094395102393,4.188790204786,6.28318530718,
8.377580409573),.UNSPECIFIED.) CURVE() GEOMETRIC_REPRESENTATION_ITEM() 
RATIONAL_B_SPLINE_CURVE((1.,0.5,1.,0.5,1.,0.5,1.)) REPRESENTATION_ITEM(
  '') );
#344 = CARTESIAN_POINT('',(-95.6,-76.5));
#345 = CARTESIAN_POINT('',(-95.6,-73.72871870789));
#346 = CARTESIAN_POINT('',(-93.2,-75.11435935394));
#347 = CARTESIAN_POINT('',(-90.8,-76.5));
#348 = CARTESIAN_POINT('',(-93.2,-77.88564064605));
#349 = CARTESIAN_POINT('',(-95.6,-79.27128129211));
#350 = CARTESIAN_POINT('',(-95.6,-76.5));
#351 = ( GEOMETRIC_REPRESENTATION_CONTEXT(2) 
PARAMETRIC_REPRESENTATION_CONTEXT() REPRESENTATION_CONTEXT('2D SPACE',''
  ) );
#352 = PCURVE('',#353,#358);
#353 = CYLINDRICAL_SURFACE('',#354,1.6);
#354 = AXIS2_PLACEMENT_3D('',#355,#356,#357);
#355 = CARTESIAN_POINT('',(291.5,-256.5,-1.E-02));
#356 = DIRECTION('',(0.,0.,1.));
#357 = DIRECTION('',(1.,0.,-0.));
#358 = DEFINITIONAL_REPRESENTATION('',(#359),#363);
#359 = LINE('',#360,#361);
#360 = CARTESIAN_POINT('',(0.,1.E-02));
#361 = VECTOR('',#362,1.);
#362 = DIRECTION('',(1.,0.));
#363 = ( GEOMETRIC_REPRESENTATION_CONTEXT(2) 
PARAMETRIC_REPRESENTATION_CONTEXT() REPRESENTATION_CONTEXT('2D SPACE',''
  ) );
#364 = FACE_BOUND('',#365,.T.);
#365 = EDGE_LOOP('',(#366));
#366 = ORIENTED_EDGE('',*,*,#367,.T.);
#367 = EDGE_CURVE('',#368,#368,#370,.T.);
#368 = VERTEX_POINT('',#369);
#369 = CARTESIAN_POINT('',(287.07,-249.5,0.));
#370 = SURFACE_CURVE('',#371,(#376,#387),.PCURVE_S1.);
#371 = CIRCLE('',#372,0.6);
#372 = AXIS2_PLACEMENT_3D('',#373,#374,#375);
#373 = CARTESIAN_POINT('',(286.47,-249.5,0.));
#374 = DIRECTION('',(0.,0.,1.));
#375 = DIRECTION('',(1.,0.,-0.));
#376 = PCURVE('',#144,#377);
#377 = DEFINITIONAL_REPRESENTATION('',(#378),#386);
#378 = ( BOUNDED_CURVE() B_SPLINE_CURVE(2,(#379,#380,#381,#382,#383,#384
,#385),.UNSPECIFIED.,.T.,.F.) B_SPLINE_CURVE_WITH_KNOTS((1,2,2,2,2,1),(
    -2.094395102393,0.,2.094395102393,4.188790204786,6.28318530718,
8.377580409573),.UNSPECIFIED.) CURVE() GEOMETRIC_REPRESENTATION_ITEM() 
RATIONAL_B_SPLINE_CURVE((1.,0.5,1.,0.5,1.,0.5,1.)) REPRESENTATION_ITEM(
  '') );
#379 = CARTESIAN_POINT('',(-89.57,-69.5));
#380 = CARTESIAN_POINT('',(-89.57,-68.46076951545));
#381 = CARTESIAN_POINT('',(-88.67,-68.98038475772));
#382 = CARTESIAN_POINT('',(-87.77,-69.5));
#383 = CARTESIAN_POINT('',(-88.67,-70.01961524227));
#384 = CARTESIAN_POINT('',(-89.57,-70.53923048454));
#385 = CARTESIAN_POINT('',(-89.57,-69.5));
#386 = ( GEOMETRIC_REPRESENTATION_CONTEXT(2) 
PARAMETRIC_REPRESENTATION_CONTEXT() REPRESENTATION_CONTEXT('2D SPACE',''
  ) );
#387 = PCURVE('',#388,#393);
#388 = CYLINDRICAL_SURFACE('',#389,0.6);
#389 = AXIS2_PLACEMENT_3D('',#390,#391,#392);
#390 = CARTESIAN_POINT('',(286.47,-249.5,-1.E-02));
#391 = DIRECTION('',(0.,0.,1.));
#392 = DIRECTION('',(1.,0.,-0.));
#393 = DEFINITIONAL_REPRESENTATION('',(#394),#398);
#394 = LINE('',#395,#396);
#395 = CARTESIAN_POINT('',(0.,1.E-02));
#396 = VECTOR('',#397,1.);
#397 = DIRECTION('',(1.,0.));
#398 = ( GEOMETRIC_REPRESENTATION_CONTEXT(2) 
PARAMETRIC_REPRESENTATION_CONTEXT() REPRESENTATION_CONTEXT('2D SPACE',''
  ) );
#399 = FACE_BOUND('',#400,.T.);
#400 = EDGE_LOOP('',(#401));
#401 = ORIENTED_EDGE('',*,*,#402,.T.);
#402 = EDGE_CURVE('',#403,#403,#405,.T.);
#403 = VERTEX_POINT('',#404);
#404 = CARTESIAN_POINT('',(277.1,-251.47,0.));
#405 = SURFACE_CURVE('',#406,(#411,#422),.PCURVE_S1.);
#406 = CIRCLE('',#407,0.6);
#407 = AXIS2_PLACEMENT_3D('',#408,#409,#410);
#408 = CARTESIAN_POINT('',(276.5,-251.47,0.));
#409 = DIRECTION('',(0.,0.,1.));
#410 = DIRECTION('',(1.,0.,-0.));
#411 = PCURVE('',#144,#412);
#412 = DEFINITIONAL_REPRESENTATION('',(#413),#421);
#413 = ( BOUNDED_CURVE() B_SPLINE_CURVE(2,(#414,#415,#416,#417,#418,#419
,#420),.UNSPECIFIED.,.T.,.F.) B_SPLINE_CURVE_WITH_KNOTS((1,2,2,2,2,1),(
    -2.094395102393,0.,2.094395102393,4.188790204786,6.28318530718,
8.377580409573),.UNSPECIFIED.) CURVE() GEOMETRIC_REPRESENTATION_ITEM() 
RATIONAL_B_SPLINE_CURVE((1.,0.5,1.,0.5,1.,0.5,1.)) REPRESENTATION_ITEM(
  '') );
#414 = CARTESIAN_POINT('',(-79.6,-71.47));
#415 = CARTESIAN_POINT('',(-79.6,-70.43076951545));
#416 = CARTESIAN_POINT('',(-78.7,-70.95038475772));
#417 = CARTESIAN_POINT('',(-77.8,-71.47));
#418 = CARTESIAN_POINT('',(-78.7,-71.98961524227));
#419 = CARTESIAN_POINT('',(-79.6,-72.50923048454));
#420 = CARTESIAN_POINT('',(-79.6,-71.47));
#421 = ( GEOMETRIC_REPRESENTATION_CONTEXT(2) 
PARAMETRIC_REPRESENTATION_CONTEXT() REPRESENTATION_CONTEXT('2D SPACE',''
  ) );
#422 = PCURVE('',#423,#428);
#423 = CYLINDRICAL_SURFACE('',#424,0.6);
#424 = AXIS2_PLACEMENT_3D('',#425,#426,#427);
#425 = CARTESIAN_POINT('',(276.5,-251.47,-1.E-02));
#426 = DIRECTION('',(0.,0.,1.));
#427 = DIRECTION('',(1.,0.,-0.));
#428 = DEFINITIONAL_REPRESENTATION('',(#429),#433);
#429 = LINE('',#430,#431);
#430 = CARTESIAN_POINT('',(0.,1.E-02));
#431 = VECTOR('',#432,1.);
#432 = DIRECTION('',(1.,0.));
#433 = ( GEOMETRIC_REPRESENTATION_CONTEXT(2) 
PARAMETRIC_REPRESENTATION_CONTEXT() REPRESENTATION_CONTEXT('2D SPACE',''
  ) );
#434 = FACE_BOUND('',#435,.T.);
#435 = EDGE_LOOP('',(#436));
#436 = ORIENTED_EDGE('',*,*,#437,.T.);
#437 = EDGE_CURVE('',#438,#438,#440,.T.);
#438 = VERTEX_POINT('',#439);
#439 = CARTESIAN_POINT('',(273.6,-251.47,0.));
#440 = SURFACE_CURVE('',#441,(#446,#457),.PCURVE_S1.);
#441 = CIRCLE('',#442,0.6);
#442 = AXIS2_PLACEMENT_3D('',#443,#444,#445);
#443 = CARTESIAN_POINT('',(273.,-251.47,0.));
#444 = DIRECTION('',(0.,0.,1.));
#445 = DIRECTION('',(1.,0.,-0.));
#446 = PCURVE('',#144,#447);
#447 = DEFINITIONAL_REPRESENTATION('',(#448),#456);
#448 = ( BOUNDED_CURVE() B_SPLINE_CURVE(2,(#449,#450,#451,#452,#453,#454
,#455),.UNSPECIFIED.,.T.,.F.) B_SPLINE_CURVE_WITH_KNOTS((1,2,2,2,2,1),(
    -2.094395102393,0.,2.094395102393,4.188790204786,6.28318530718,
8.377580409573),.UNSPECIFIED.) CURVE() GEOMETRIC_REPRESENTATION_ITEM() 
RATIONAL_B_SPLINE_CURVE((1.,0.5,1.,0.5,1.,0.5,1.)) REPRESENTATION_ITEM(
  '') );
#449 = CARTESIAN_POINT('',(-76.1,-71.47));
#450 = CARTESIAN_POINT('',(-76.1,-70.43076951545));
#451 = CARTESIAN_POINT('',(-75.2,-70.95038475772));
#452 = CARTESIAN_POINT('',(-74.3,-71.47));
#453 = CARTESIAN_POINT('',(-75.2,-71.98961524227));
#454 = CARTESIAN_POINT('',(-76.1,-72.50923048454));
#455 = CARTESIAN_POINT('',(-76.1,-71.47));
#456 = ( GEOMETRIC_REPRESENTATION_CONTEXT(2) 
PARAMETRIC_REPRESENTATION_CONTEXT() REPRESENTATION_CONTEXT('2D SPACE',''
  ) );
#457 = PCURVE('',#458,#463);
#458 = CYLINDRICAL_SURFACE('',#459,0.6);
#459 = AXIS2_PLACEMENT_3D('',#460,#461,#462);
#460 = CARTESIAN_POINT('',(273.,-251.47,-1.E-02));
#461 = DIRECTION('',(0.,0.,1.));
#462 = DIRECTION('',(1.,0.,-0.));
#463 = DEFINITIONAL_REPRESENTATION('',(#464),#468);
#464 = LINE('',#465,#466);
#465 = CARTESIAN_POINT('',(0.,1.E-02));
#466 = VECTOR('',#467,1.);
#467 = DIRECTION('',(1.,0.));
#468 = ( GEOMETRIC_REPRESENTATION_CONTEXT(2) 
PARAMETRIC_REPRESENTATION_CONTEXT() REPRESENTATION_CONTEXT('2D SPACE',''
  ) );
#469 = FACE_BOUND('',#470,.T.);
#470 = EDGE_LOOP('',(#471));
#471 = ORIENTED_EDGE('',*,*,#472,.T.);
#472 = EDGE_CURVE('',#473,#473,#475,.T.);
#473 = VERTEX_POINT('',#474);
#474 = CARTESIAN_POINT('',(270.1,-251.47,0.));
#475 = SURFACE_CURVE('',#476,(#481,#492),.PCURVE_S1.);
#476 = CIRCLE('',#477,0.6);
#477 = AXIS2_PLACEMENT_3D('',#478,#479,#480);
#478 = CARTESIAN_POINT('',(269.5,-251.47,0.));
#479 = DIRECTION('',(0.,0.,1.));
#480 = DIRECTION('',(1.,0.,-0.));
#481 = PCURVE('',#144,#482);
#482 = DEFINITIONAL_REPRESENTATION('',(#483),#491);
#483 = ( BOUNDED_CURVE() B_SPLINE_CURVE(2,(#484,#485,#486,#487,#488,#489
,#490),.UNSPECIFIED.,.T.,.F.) B_SPLINE_CURVE_WITH_KNOTS((1,2,2,2,2,1),(
    -2.094395102393,0.,2.094395102393,4.188790204786,6.28318530718,
8.377580409573),.UNSPECIFIED.) CURVE() GEOMETRIC_REPRESENTATION_ITEM() 
RATIONAL_B_SPLINE_CURVE((1.,0.5,1.,0.5,1.,0.5,1.)) REPRESENTATION_ITEM(
  '') );
#484 = CARTESIAN_POINT('',(-72.6,-71.47));
#485 = CARTESIAN_POINT('',(-72.6,-70.43076951545));
#486 = CARTESIAN_POINT('',(-71.7,-70.95038475772));
#487 = CARTESIAN_POINT('',(-70.8,-71.47));
#488 = CARTESIAN_POINT('',(-71.7,-71.98961524227));
#489 = CARTESIAN_POINT('',(-72.6,-72.50923048454));
#490 = CARTESIAN_POINT('',(-72.6,-71.47));
#491 = ( GEOMETRIC_REPRESENTATION_CONTEXT(2) 
PARAMETRIC_REPRESENTATION_CONTEXT() REPRESENTATION_CONTEXT('2D SPACE',''
  ) );
#492 = PCURVE('',#493,#498);
#493 = CYLINDRICAL_SURFACE('',#494,0.6);
#494 = AXIS2_PLACEMENT_3D('',#495,#496,#497);
#495 = CARTESIAN_POINT('',(269.5,-251.47,-1.E-02));
#496 = DIRECTION('',(0.,0.,1.));
#497 = DIRECTION('',(1.,0.,-0.));
#498 = DEFINITIONAL_REPRESENTATION('',(#499),#503);
#499 = LINE('',#500,#501);
#500 = CARTESIAN_POINT('',(0.,1.E-02));
#501 = VECTOR('',#502,1.);
#502 = DIRECTION('',(1.,0.));
#503 = ( GEOMETRIC_REPRESENTATION_CONTEXT(2) 
PARAMETRIC_REPRESENTATION_CONTEXT() REPRESENTATION_CONTEXT('2D SPACE',''
  ) );
#504 = FACE_BOUND('',#505,.T.);
#505 = EDGE_LOOP('',(#506));
#506 = ORIENTED_EDGE('',*,*,#507,.T.);
#507 = EDGE_CURVE('',#508,#508,#510,.T.);
#508 = VERTEX_POINT('',#509);
#509 = CARTESIAN_POINT('',(287.07,-246.,0.));
#510 = SURFACE_CURVE('',#511,(#516,#527),.PCURVE_S1.);
#511 = CIRCLE('',#512,0.6);
#512 = AXIS2_PLACEMENT_3D('',#513,#514,#515);
#513 = CARTESIAN_POINT('',(286.47,-246.,0.));
#514 = DIRECTION('',(0.,0.,1.));
#515 = DIRECTION('',(1.,0.,-0.));
#516 = PCURVE('',#144,#517);
#517 = DEFINITIONAL_REPRESENTATION('',(#518),#526);
#518 = ( BOUNDED_CURVE() B_SPLINE_CURVE(2,(#519,#520,#521,#522,#523,#524
,#525),.UNSPECIFIED.,.T.,.F.) B_SPLINE_CURVE_WITH_KNOTS((1,2,2,2,2,1),(
    -2.094395102393,0.,2.094395102393,4.188790204786,6.28318530718,
8.377580409573),.UNSPECIFIED.) CURVE() GEOMETRIC_REPRESENTATION_ITEM() 
RATIONAL_B_SPLINE_CURVE((1.,0.5,1.,0.5,1.,0.5,1.)) REPRESENTATION_ITEM(
  '') );
#519 = CARTESIAN_POINT('',(-89.57,-66.));
#520 = CARTESIAN_POINT('',(-89.57,-64.96076951545));
#521 = CARTESIAN_POINT('',(-88.67,-65.48038475772));
#522 = CARTESIAN_POINT('',(-87.77,-66.));
#523 = CARTESIAN_POINT('',(-88.67,-66.51961524227));
#524 = CARTESIAN_POINT('',(-89.57,-67.03923048454));
#525 = CARTESIAN_POINT('',(-89.57,-66.));
#526 = ( GEOMETRIC_REPRESENTATION_CONTEXT(2) 
PARAMETRIC_REPRESENTATION_CONTEXT() REPRESENTATION_CONTEXT('2D SPACE',''
  ) );
#527 = PCURVE('',#528,#533);
#528 = CYLINDRICAL_SURFACE('',#529,0.6);
#529 = AXIS2_PLACEMENT_3D('',#530,#531,#532);
#530 = CARTESIAN_POINT('',(286.47,-246.,-1.E-02));
#531 = DIRECTION('',(0.,0.,1.));
#532 = DIRECTION('',(1.,0.,-0.));
#533 = DEFINITIONAL_REPRESENTATION('',(#534),#538);
#534 = LINE('',#535,#536);
#535 = CARTESIAN_POINT('',(0.,1.E-02));
#536 = VECTOR('',#537,1.);
#537 = DIRECTION('',(1.,0.));
#538 = ( GEOMETRIC_REPRESENTATION_CONTEXT(2) 
PARAMETRIC_REPRESENTATION_CONTEXT() REPRESENTATION_CONTEXT('2D SPACE',''
  ) );
#539 = FACE_BOUND('',#540,.T.);
#540 = EDGE_LOOP('',(#541));
#541 = ORIENTED_EDGE('',*,*,#542,.T.);
#542 = EDGE_CURVE('',#543,#543,#545,.T.);
#543 = VERTEX_POINT('',#544);
#544 = CARTESIAN_POINT('',(287.07,-242.5,0.));
#545 = SURFACE_CURVE('',#546,(#551,#562),.PCURVE_S1.);
#546 = CIRCLE('',#547,0.6);
#547 = AXIS2_PLACEMENT_3D('',#548,#549,#550);
#548 = CARTESIAN_POINT('',(286.47,-242.5,0.));
#549 = DIRECTION('',(0.,0.,1.));
#550 = DIRECTION('',(1.,0.,-0.));
#551 = PCURVE('',#144,#552);
#552 = DEFINITIONAL_REPRESENTATION('',(#553),#561);
#553 = ( BOUNDED_CURVE() B_SPLINE_CURVE(2,(#554,#555,#556,#557,#558,#559
,#560),.UNSPECIFIED.,.T.,.F.) B_SPLINE_CURVE_WITH_KNOTS((1,2,2,2,2,1),(
    -2.094395102393,0.,2.094395102393,4.188790204786,6.28318530718,
8.377580409573),.UNSPECIFIED.) CURVE() GEOMETRIC_REPRESENTATION_ITEM() 
RATIONAL_B_SPLINE_CURVE((1.,0.5,1.,0.5,1.,0.5,1.)) REPRESENTATION_ITEM(
  '') );
#554 = CARTESIAN_POINT('',(-89.57,-62.5));
#555 = CARTESIAN_POINT('',(-89.57,-61.46076951545));
#556 = CARTESIAN_POINT('',(-88.67,-61.98038475772));
#557 = CARTESIAN_POINT('',(-87.77,-62.5));
#558 = CARTESIAN_POINT('',(-88.67,-63.01961524227));
#559 = CARTESIAN_POINT('',(-89.57,-63.53923048454));
#560 = CARTESIAN_POINT('',(-89.57,-62.5));
#561 = ( GEOMETRIC_REPRESENTATION_CONTEXT(2) 
PARAMETRIC_REPRESENTATION_CONTEXT() REPRESENTATION_CONTEXT('2D SPACE',''
  ) );
#562 = PCURVE('',#563,#568);
#563 = CYLINDRICAL_SURFACE('',#564,0.6);
#564 = AXIS2_PLACEMENT_3D('',#565,#566,#567);
#565 = CARTESIAN_POINT('',(286.47,-242.5,-1.E-02));
#566 = DIRECTION('',(0.,0.,1.));
#567 = DIRECTION('',(1.,0.,-0.));
#568 = DEFINITIONAL_REPRESENTATION('',(#569),#573);
#569 = LINE('',#570,#571);
#570 = CARTESIAN_POINT('',(0.,1.E-02));
#571 = VECTOR('',#572,1.);
#572 = DIRECTION('',(1.,0.));
#573 = ( GEOMETRIC_REPRESENTATION_CONTEXT(2) 
PARAMETRIC_REPRESENTATION_CONTEXT() REPRESENTATION_CONTEXT('2D SPACE',''
  ) );
#574 = FACE_BOUND('',#575,.T.);
#575 = EDGE_LOOP('',(#576));
#576 = ORIENTED_EDGE('',*,*,#577,.T.);
#577 = EDGE_CURVE('',#578,#578,#580,.T.);
#578 = VERTEX_POINT('',#579);
#579 = CARTESIAN_POINT('',(287.07,-239.,0.));
#580 = SURFACE_CURVE('',#581,(#586,#597),.PCURVE_S1.);
#581 = CIRCLE('',#582,0.6);
#582 = AXIS2_PLACEMENT_3D('',#583,#584,#585);
#583 = CARTESIAN_POINT('',(286.47,-239.,0.));
#584 = DIRECTION('',(0.,0.,1.));
#585 = DIRECTION('',(1.,0.,-0.));
#586 = PCURVE('',#144,#587);
#587 = DEFINITIONAL_REPRESENTATION('',(#588),#596);
#588 = ( BOUNDED_CURVE() B_SPLINE_CURVE(2,(#589,#590,#591,#592,#593,#594
,#595),.UNSPECIFIED.,.T.,.F.) B_SPLINE_CURVE_WITH_KNOTS((1,2,2,2,2,1),(
    -2.094395102393,0.,2.094395102393,4.188790204786,6.28318530718,
8.377580409573),.UNSPECIFIED.) CURVE() GEOMETRIC_REPRESENTATION_ITEM() 
RATIONAL_B_SPLINE_CURVE((1.,0.5,1.,0.5,1.,0.5,1.)) REPRESENTATION_ITEM(
  '') );
#589 = CARTESIAN_POINT('',(-89.57,-59.));
#590 = CARTESIAN_POINT('',(-89.57,-57.96076951545));
#591 = CARTESIAN_POINT('',(-88.67,-58.48038475772));
#592 = CARTESIAN_POINT('',(-87.77,-59.));
#593 = CARTESIAN_POINT('',(-88.67,-59.51961524227));
#594 = CARTESIAN_POINT('',(-89.57,-60.03923048454));
#595 = CARTESIAN_POINT('',(-89.57,-59.));
#596 = ( GEOMETRIC_REPRESENTATION_CONTEXT(2) 
PARAMETRIC_REPRESENTATION_CONTEXT() REPRESENTATION_CONTEXT('2D SPACE',''
  ) );
#597 = PCURVE('',#598,#603);
#598 = CYLINDRICAL_SURFACE('',#599,0.6);
#599 = AXIS2_PLACEMENT_3D('',#600,#601,#602);
#600 = CARTESIAN_POINT('',(286.47,-239.,-1.E-02));
#601 = DIRECTION('',(0.,0.,1.));
#602 = DIRECTION('',(1.,0.,-0.));
#603 = DEFINITIONAL_REPRESENTATION('',(#604),#608);
#604 = LINE('',#605,#606);
#605 = CARTESIAN_POINT('',(0.,1.E-02));
#606 = VECTOR('',#607,1.);
#607 = DIRECTION('',(1.,0.));
#608 = ( GEOMETRIC_REPRESENTATION_CONTEXT(2) 
PARAMETRIC_REPRESENTATION_CONTEXT() REPRESENTATION_CONTEXT('2D SPACE',''
  ) );
#609 = FACE_BOUND('',#610,.T.);
#610 = EDGE_LOOP('',(#611));
#611 = ORIENTED_EDGE('',*,*,#612,.T.);
#612 = EDGE_CURVE('',#613,#613,#615,.T.);
#613 = VERTEX_POINT('',#614);
#614 = CARTESIAN_POINT('',(266.6,-251.47,0.));
#615 = SURFACE_CURVE('',#616,(#621,#632),.PCURVE_S1.);
#616 = CIRCLE('',#617,0.6);
#617 = AXIS2_PLACEMENT_3D('',#618,#619,#620);
#618 = CARTESIAN_POINT('',(266.,-251.47,0.));
#619 = DIRECTION('',(0.,0.,1.));
#620 = DIRECTION('',(1.,0.,-0.));
#621 = PCURVE('',#144,#622);
#622 = DEFINITIONAL_REPRESENTATION('',(#623),#631);
#623 = ( BOUNDED_CURVE() B_SPLINE_CURVE(2,(#624,#625,#626,#627,#628,#629
,#630),.UNSPECIFIED.,.T.,.F.) B_SPLINE_CURVE_WITH_KNOTS((1,2,2,2,2,1),(
    -2.094395102393,0.,2.094395102393,4.188790204786,6.28318530718,
8.377580409573),.UNSPECIFIED.) CURVE() GEOMETRIC_REPRESENTATION_ITEM() 
RATIONAL_B_SPLINE_CURVE((1.,0.5,1.,0.5,1.,0.5,1.)) REPRESENTATION_ITEM(
  '') );
#624 = CARTESIAN_POINT('',(-69.1,-71.47));
#625 = CARTESIAN_POINT('',(-69.1,-70.43076951545));
#626 = CARTESIAN_POINT('',(-68.2,-70.95038475772));
#627 = CARTESIAN_POINT('',(-67.3,-71.47));
#628 = CARTESIAN_POINT('',(-68.2,-71.98961524227));
#629 = CARTESIAN_POINT('',(-69.1,-72.50923048454));
#630 = CARTESIAN_POINT('',(-69.1,-71.47));
#631 = ( GEOMETRIC_REPRESENTATION_CONTEXT(2) 
PARAMETRIC_REPRESENTATION_CONTEXT() REPRESENTATION_CONTEXT('2D SPACE',''
  ) );
#632 = PCURVE('',#633,#638);
#633 = CYLINDRICAL_SURFACE('',#634,0.6);
#634 = AXIS2_PLACEMENT_3D('',#635,#636,#637);
#635 = CARTESIAN_POINT('',(266.,-251.47,-1.E-02));
#636 = DIRECTION('',(0.,0.,1.));
#637 = DIRECTION('',(1.,0.,-0.));
#638 = DEFINITIONAL_REPRESENTATION('',(#639),#643);
#639 = LINE('',#640,#641);
#640 = CARTESIAN_POINT('',(0.,1.E-02));
#641 = VECTOR('',#642,1.);
#642 = DIRECTION('',(1.,0.));
#643 = ( GEOMETRIC_REPRESENTATION_CONTEXT(2) 
PARAMETRIC_REPRESENTATION_CONTEXT() REPRESENTATION_CONTEXT('2D SPACE',''
  ) );
#644 = FACE_BOUND('',#645,.T.);
#645 = EDGE_LOOP('',(#646));
#646 = ORIENTED_EDGE('',*,*,#647,.T.);
#647 = EDGE_CURVE('',#648,#648,#650,.T.);
#648 = VERTEX_POINT('',#649);
#649 = CARTESIAN_POINT('',(263.1,-251.47,0.));
#650 = SURFACE_CURVE('',#651,(#656,#667),.PCURVE_S1.);
#651 = CIRCLE('',#652,0.6);
#652 = AXIS2_PLACEMENT_3D('',#653,#654,#655);
#653 = CARTESIAN_POINT('',(262.5,-251.47,0.));
#654 = DIRECTION('',(0.,0.,1.));
#655 = DIRECTION('',(1.,0.,-0.));
#656 = PCURVE('',#144,#657);
#657 = DEFINITIONAL_REPRESENTATION('',(#658),#666);
#658 = ( BOUNDED_CURVE() B_SPLINE_CURVE(2,(#659,#660,#661,#662,#663,#664
,#665),.UNSPECIFIED.,.T.,.F.) B_SPLINE_CURVE_WITH_KNOTS((1,2,2,2,2,1),(
    -2.094395102393,0.,2.094395102393,4.188790204786,6.28318530718,
8.377580409573),.UNSPECIFIED.) CURVE() GEOMETRIC_REPRESENTATION_ITEM() 
RATIONAL_B_SPLINE_CURVE((1.,0.5,1.,0.5,1.,0.5,1.)) REPRESENTATION_ITEM(
  '') );
#659 = CARTESIAN_POINT('',(-65.6,-71.47));
#660 = CARTESIAN_POINT('',(-65.6,-70.43076951545));
#661 = CARTESIAN_POINT('',(-64.7,-70.95038475772));
#662 = CARTESIAN_POINT('',(-63.8,-71.47));
#663 = CARTESIAN_POINT('',(-64.7,-71.98961524227));
#664 = CARTESIAN_POINT('',(-65.6,-72.50923048454));
#665 = CARTESIAN_POINT('',(-65.6,-71.47));
#666 = ( GEOMETRIC_REPRESENTATION_CONTEXT(2) 
PARAMETRIC_REPRESENTATION_CONTEXT() REPRESENTATION_CONTEXT('2D SPACE',''
  ) );
#667 = PCURVE('',#668,#673);
#668 = CYLINDRICAL_SURFACE('',#669,0.6);
#669 = AXIS2_PLACEMENT_3D('',#670,#671,#672);
#670 = CARTESIAN_POINT('',(262.5,-251.47,-1.E-02));
#671 = DIRECTION('',(0.,0.,1.));
#672 = DIRECTION('',(1.,0.,-0.));
#673 = DEFINITIONAL_REPRESENTATION('',(#674),#678);
#674 = LINE('',#675,#676);
#675 = CARTESIAN_POINT('',(0.,1.E-02));
#676 = VECTOR('',#677,1.);
#677 = DIRECTION('',(1.,0.));
#678 = ( GEOMETRIC_REPRESENTATION_CONTEXT(2) 
PARAMETRIC_REPRESENTATION_CONTEXT() REPRESENTATION_CONTEXT('2D SPACE',''
  ) );
#679 = FACE_BOUND('',#680,.T.);
#680 = EDGE_LOOP('',(#681));
#681 = ORIENTED_EDGE('',*,*,#682,.T.);
#682 = EDGE_CURVE('',#683,#683,#685,.T.);
#683 = VERTEX_POINT('',#684);
#684 = CARTESIAN_POINT('',(259.6,-251.47,0.));
#685 = SURFACE_CURVE('',#686,(#691,#702),.PCURVE_S1.);
#686 = CIRCLE('',#687,0.6);
#687 = AXIS2_PLACEMENT_3D('',#688,#689,#690);
#688 = CARTESIAN_POINT('',(259.,-251.47,0.));
#689 = DIRECTION('',(0.,0.,1.));
#690 = DIRECTION('',(1.,0.,-0.));
#691 = PCURVE('',#144,#692);
#692 = DEFINITIONAL_REPRESENTATION('',(#693),#701);
#693 = ( BOUNDED_CURVE() B_SPLINE_CURVE(2,(#694,#695,#696,#697,#698,#699
,#700),.UNSPECIFIED.,.T.,.F.) B_SPLINE_CURVE_WITH_KNOTS((1,2,2,2,2,1),(
    -2.094395102393,0.,2.094395102393,4.188790204786,6.28318530718,
8.377580409573),.UNSPECIFIED.) CURVE() GEOMETRIC_REPRESENTATION_ITEM() 
RATIONAL_B_SPLINE_CURVE((1.,0.5,1.,0.5,1.,0.5,1.)) REPRESENTATION_ITEM(
  '') );
#694 = CARTESIAN_POINT('',(-62.1,-71.47));
#695 = CARTESIAN_POINT('',(-62.1,-70.43076951545));
#696 = CARTESIAN_POINT('',(-61.2,-70.95038475772));
#697 = CARTESIAN_POINT('',(-60.3,-71.47));
#698 = CARTESIAN_POINT('',(-61.2,-71.98961524227));
#699 = CARTESIAN_POINT('',(-62.1,-72.50923048454));
#700 = CARTESIAN_POINT('',(-62.1,-71.47));
#701 = ( GEOMETRIC_REPRESENTATION_CONTEXT(2) 
PARAMETRIC_REPRESENTATION_CONTEXT() REPRESENTATION_CONTEXT('2D SPACE',''
  ) );
#702 = PCURVE('',#703,#708);
#703 = CYLINDRICAL_SURFACE('',#704,0.6);
#704 = AXIS2_PLACEMENT_3D('',#705,#706,#707);
#705 = CARTESIAN_POINT('',(259.,-251.47,-1.E-02));
#706 = DIRECTION('',(0.,0.,1.));
#707 = DIRECTION('',(1.,0.,-0.));
#708 = DEFINITIONAL_REPRESENTATION('',(#709),#713);
#709 = LINE('',#710,#711);
#710 = CARTESIAN_POINT('',(0.,1.E-02));
#711 = VECTOR('',#712,1.);
#712 = DIRECTION('',(1.,0.));
#713 = ( GEOMETRIC_REPRESENTATION_CONTEXT(2) 
PARAMETRIC_REPRESENTATION_CONTEXT() REPRESENTATION_CONTEXT('2D SPACE',''
  ) );
#714 = FACE_BOUND('',#715,.T.);
#715 = EDGE_LOOP('',(#716));
#716 = ORIENTED_EDGE('',*,*,#717,.T.);
#717 = EDGE_CURVE('',#718,#718,#720,.T.);
#718 = VERTEX_POINT('',#719);
#719 = CARTESIAN_POINT('',(252.1,-251.47,0.));
#720 = SURFACE_CURVE('',#721,(#726,#737),.PCURVE_S1.);
#721 = CIRCLE('',#722,0.6);
#722 = AXIS2_PLACEMENT_3D('',#723,#724,#725);
#723 = CARTESIAN_POINT('',(251.5,-251.47,0.));
#724 = DIRECTION('',(0.,0.,1.));
#725 = DIRECTION('',(1.,0.,-0.));
#726 = PCURVE('',#144,#727);
#727 = DEFINITIONAL_REPRESENTATION('',(#728),#736);
#728 = ( BOUNDED_CURVE() B_SPLINE_CURVE(2,(#729,#730,#731,#732,#733,#734
,#735),.UNSPECIFIED.,.T.,.F.) B_SPLINE_CURVE_WITH_KNOTS((1,2,2,2,2,1),(
    -2.094395102393,0.,2.094395102393,4.188790204786,6.28318530718,
8.377580409573),.UNSPECIFIED.) CURVE() GEOMETRIC_REPRESENTATION_ITEM() 
RATIONAL_B_SPLINE_CURVE((1.,0.5,1.,0.5,1.,0.5,1.)) REPRESENTATION_ITEM(
  '') );
#729 = CARTESIAN_POINT('',(-54.6,-71.47));
#730 = CARTESIAN_POINT('',(-54.6,-70.43076951545));
#731 = CARTESIAN_POINT('',(-53.7,-70.95038475772));
#732 = CARTESIAN_POINT('',(-52.8,-71.47));
#733 = CARTESIAN_POINT('',(-53.7,-71.98961524227));
#734 = CARTESIAN_POINT('',(-54.6,-72.50923048454));
#735 = CARTESIAN_POINT('',(-54.6,-71.47));
#736 = ( GEOMETRIC_REPRESENTATION_CONTEXT(2) 
PARAMETRIC_REPRESENTATION_CONTEXT() REPRESENTATION_CONTEXT('2D SPACE',''
  ) );
#737 = PCURVE('',#738,#743);
#738 = CYLINDRICAL_SURFACE('',#739,0.6);
#739 = AXIS2_PLACEMENT_3D('',#740,#741,#742);
#740 = CARTESIAN_POINT('',(251.5,-251.47,-1.E-02));
#741 = DIRECTION('',(0.,0.,1.));
#742 = DIRECTION('',(1.,0.,-0.));
#743 = DEFINITIONAL_REPRESENTATION('',(#744),#748);
#744 = LINE('',#745,#746);
#745 = CARTESIAN_POINT('',(0.,1.E-02));
#746 = VECTOR('',#747,1.);
#747 = DIRECTION('',(1.,0.));
#748 = ( GEOMETRIC_REPRESENTATION_CONTEXT(2) 
PARAMETRIC_REPRESENTATION_CONTEXT() REPRESENTATION_CONTEXT('2D SPACE',''
  ) );
#749 = FACE_BOUND('',#750,.T.);
#750 = EDGE_LOOP('',(#751));
#751 = ORIENTED_EDGE('',*,*,#752,.T.);
#752 = EDGE_CURVE('',#753,#753,#755,.T.);
#753 = VERTEX_POINT('',#754);
#754 = CARTESIAN_POINT('',(248.6,-251.47,0.));
#755 = SURFACE_CURVE('',#756,(#761,#772),.PCURVE_S1.);
#756 = CIRCLE('',#757,0.6);
#757 = AXIS2_PLACEMENT_3D('',#758,#759,#760);
#758 = CARTESIAN_POINT('',(248.,-251.47,0.));
#759 = DIRECTION('',(0.,0.,1.));
#760 = DIRECTION('',(1.,0.,-0.));
#761 = PCURVE('',#144,#762);
#762 = DEFINITIONAL_REPRESENTATION('',(#763),#771);
#763 = ( BOUNDED_CURVE() B_SPLINE_CURVE(2,(#764,#765,#766,#767,#768,#769
,#770),.UNSPECIFIED.,.T.,.F.) B_SPLINE_CURVE_WITH_KNOTS((1,2,2,2,2,1),(
    -2.094395102393,0.,2.094395102393,4.188790204786,6.28318530718,
8.377580409573),.UNSPECIFIED.) CURVE() GEOMETRIC_REPRESENTATION_ITEM() 
RATIONAL_B_SPLINE_CURVE((1.,0.5,1.,0.5,1.,0.5,1.)) REPRESENTATION_ITEM(
  '') );
#764 = CARTESIAN_POINT('',(-51.1,-71.47));
#765 = CARTESIAN_POINT('',(-51.1,-70.43076951545));
#766 = CARTESIAN_POINT('',(-50.2,-70.95038475772));
#767 = CARTESIAN_POINT('',(-49.3,-71.47));
#768 = CARTESIAN_POINT('',(-50.2,-71.98961524227));
#769 = CARTESIAN_POINT('',(-51.1,-72.50923048454));
#770 = CARTESIAN_POINT('',(-51.1,-71.47));
#771 = ( GEOMETRIC_REPRESENTATION_CONTEXT(2) 
PARAMETRIC_REPRESENTATION_CONTEXT() REPRESENTATION_CONTEXT('2D SPACE',''
  ) );
#772 = PCURVE('',#773,#778);
#773 = CYLINDRICAL_SURFACE('',#774,0.6);
#774 = AXIS2_PLACEMENT_3D('',#775,#776,#777);
#775 = CARTESIAN_POINT('',(248.,-251.47,-1.E-02));
#776 = DIRECTION('',(0.,0.,1.));
#777 = DIRECTION('',(1.,0.,-0.));
#778 = DEFINITIONAL_REPRESENTATION('',(#779),#783);
#779 = LINE('',#780,#781);
#780 = CARTESIAN_POINT('',(0.,1.E-02));
#781 = VECTOR('',#782,1.);
#782 = DIRECTION('',(1.,0.));
#783 = ( GEOMETRIC_REPRESENTATION_CONTEXT(2) 
PARAMETRIC_REPRESENTATION_CONTEXT() REPRESENTATION_CONTEXT('2D SPACE',''
  ) );
#784 = FACE_BOUND('',#785,.T.);
#785 = EDGE_LOOP('',(#786));
#786 = ORIENTED_EDGE('',*,*,#787,.T.);
#787 = EDGE_CURVE('',#788,#788,#790,.T.);
#788 = VERTEX_POINT('',#789);
#789 = CARTESIAN_POINT('',(287.07,-235.5,0.));
#790 = SURFACE_CURVE('',#791,(#796,#807),.PCURVE_S1.);
#791 = CIRCLE('',#792,0.6);
#792 = AXIS2_PLACEMENT_3D('',#793,#794,#795);
#793 = CARTESIAN_POINT('',(286.47,-235.5,0.));
#794 = DIRECTION('',(0.,0.,1.));
#795 = DIRECTION('',(1.,0.,-0.));
#796 = PCURVE('',#144,#797);
#797 = DEFINITIONAL_REPRESENTATION('',(#798),#806);
#798 = ( BOUNDED_CURVE() B_SPLINE_CURVE(2,(#799,#800,#801,#802,#803,#804
,#805),.UNSPECIFIED.,.T.,.F.) B_SPLINE_CURVE_WITH_KNOTS((1,2,2,2,2,1),(
    -2.094395102393,0.,2.094395102393,4.188790204786,6.28318530718,
8.377580409573),.UNSPECIFIED.) CURVE() GEOMETRIC_REPRESENTATION_ITEM() 
RATIONAL_B_SPLINE_CURVE((1.,0.5,1.,0.5,1.,0.5,1.)) REPRESENTATION_ITEM(
  '') );
#799 = CARTESIAN_POINT('',(-89.57,-55.5));
#800 = CARTESIAN_POINT('',(-89.57,-54.46076951545));
#801 = CARTESIAN_POINT('',(-88.67,-54.98038475772));
#802 = CARTESIAN_POINT('',(-87.77,-55.5));
#803 = CARTESIAN_POINT('',(-88.67,-56.01961524227));
#804 = CARTESIAN_POINT('',(-89.57,-56.53923048454));
#805 = CARTESIAN_POINT('',(-89.57,-55.5));
#806 = ( GEOMETRIC_REPRESENTATION_CONTEXT(2) 
PARAMETRIC_REPRESENTATION_CONTEXT() REPRESENTATION_CONTEXT('2D SPACE',''
  ) );
#807 = PCURVE('',#808,#813);
#808 = CYLINDRICAL_SURFACE('',#809,0.6);
#809 = AXIS2_PLACEMENT_3D('',#810,#811,#812);
#810 = CARTESIAN_POINT('',(286.47,-235.5,-1.E-02));
#811 = DIRECTION('',(0.,0.,1.));
#812 = DIRECTION('',(1.,0.,-0.));
#813 = DEFINITIONAL_REPRESENTATION('',(#814),#818);
#814 = LINE('',#815,#816);
#815 = CARTESIAN_POINT('',(0.,1.E-02));
#816 = VECTOR('',#817,1.);
#817 = DIRECTION('',(1.,0.));
#818 = ( GEOMETRIC_REPRESENTATION_CONTEXT(2) 
PARAMETRIC_REPRESENTATION_CONTEXT() REPRESENTATION_CONTEXT('2D SPACE',''
  ) );
#819 = FACE_BOUND('',#820,.T.);
#820 = EDGE_LOOP('',(#821));
#821 = ORIENTED_EDGE('',*,*,#822,.T.);
#822 = EDGE_CURVE('',#823,#823,#825,.T.);
#823 = VERTEX_POINT('',#824);
#824 = CARTESIAN_POINT('',(287.07,-232.,0.));
#825 = SURFACE_CURVE('',#826,(#831,#842),.PCURVE_S1.);
#826 = CIRCLE('',#827,0.6);
#827 = AXIS2_PLACEMENT_3D('',#828,#829,#830);
#828 = CARTESIAN_POINT('',(286.47,-232.,0.));
#829 = DIRECTION('',(0.,0.,1.));
#830 = DIRECTION('',(1.,0.,-0.));
#831 = PCURVE('',#144,#832);
#832 = DEFINITIONAL_REPRESENTATION('',(#833),#841);
#833 = ( BOUNDED_CURVE() B_SPLINE_CURVE(2,(#834,#835,#836,#837,#838,#839
,#840),.UNSPECIFIED.,.T.,.F.) B_SPLINE_CURVE_WITH_KNOTS((1,2,2,2,2,1),(
    -2.094395102393,0.,2.094395102393,4.188790204786,6.28318530718,
8.377580409573),.UNSPECIFIED.) CURVE() GEOMETRIC_REPRESENTATION_ITEM() 
RATIONAL_B_SPLINE_CURVE((1.,0.5,1.,0.5,1.,0.5,1.)) REPRESENTATION_ITEM(
  '') );
#834 = CARTESIAN_POINT('',(-89.57,-52.));
#835 = CARTESIAN_POINT('',(-89.57,-50.96076951545));
#836 = CARTESIAN_POINT('',(-88.67,-51.48038475772));
#837 = CARTESIAN_POINT('',(-87.77,-52.));
#838 = CARTESIAN_POINT('',(-88.67,-52.51961524227));
#839 = CARTESIAN_POINT('',(-89.57,-53.03923048454));
#840 = CARTESIAN_POINT('',(-89.57,-52.));
#841 = ( GEOMETRIC_REPRESENTATION_CONTEXT(2) 
PARAMETRIC_REPRESENTATION_CONTEXT() REPRESENTATION_CONTEXT('2D SPACE',''
  ) );
#842 = PCURVE('',#843,#848);
#843 = CYLINDRICAL_SURFACE('',#844,0.6);
#844 = AXIS2_PLACEMENT_3D('',#845,#846,#847);
#845 = CARTESIAN_POINT('',(286.47,-232.,-1.E-02));
#846 = DIRECTION('',(0.,0.,1.));
#847 = DIRECTION('',(1.,0.,-0.));
#848 = DEFINITIONAL_REPRESENTATION('',(#849),#853);
#849 = LINE('',#850,#851);
#850 = CARTESIAN_POINT('',(0.,1.E-02));
#851 = VECTOR('',#852,1.);
#852 = DIRECTION('',(1.,0.));
#853 = ( GEOMETRIC_REPRESENTATION_CONTEXT(2) 
PARAMETRIC_REPRESENTATION_CONTEXT() REPRESENTATION_CONTEXT('2D SPACE',''
  ) );
#854 = FACE_BOUND('',#855,.T.);
#855 = EDGE_LOOP('',(#856));
#856 = ORIENTED_EDGE('',*,*,#857,.T.);
#857 = EDGE_CURVE('',#858,#858,#860,.T.);
#858 = VERTEX_POINT('',#859);
#859 = CARTESIAN_POINT('',(287.07,-228.5,0.));
#860 = SURFACE_CURVE('',#861,(#866,#877),.PCURVE_S1.);
#861 = CIRCLE('',#862,0.6);
#862 = AXIS2_PLACEMENT_3D('',#863,#864,#865);
#863 = CARTESIAN_POINT('',(286.47,-228.5,0.));
#864 = DIRECTION('',(0.,0.,1.));
#865 = DIRECTION('',(1.,0.,-0.));
#866 = PCURVE('',#144,#867);
#867 = DEFINITIONAL_REPRESENTATION('',(#868),#876);
#868 = ( BOUNDED_CURVE() B_SPLINE_CURVE(2,(#869,#870,#871,#872,#873,#874
,#875),.UNSPECIFIED.,.T.,.F.) B_SPLINE_CURVE_WITH_KNOTS((1,2,2,2,2,1),(
    -2.094395102393,0.,2.094395102393,4.188790204786,6.28318530718,
8.377580409573),.UNSPECIFIED.) CURVE() GEOMETRIC_REPRESENTATION_ITEM() 
RATIONAL_B_SPLINE_CURVE((1.,0.5,1.,0.5,1.,0.5,1.)) REPRESENTATION_ITEM(
  '') );
#869 = CARTESIAN_POINT('',(-89.57,-48.5));
#870 = CARTESIAN_POINT('',(-89.57,-47.46076951545));
#871 = CARTESIAN_POINT('',(-88.67,-47.98038475772));
#872 = CARTESIAN_POINT('',(-87.77,-48.5));
#873 = CARTESIAN_POINT('',(-88.67,-49.01961524227));
#874 = CARTESIAN_POINT('',(-89.57,-49.53923048454));
#875 = CARTESIAN_POINT('',(-89.57,-48.5));
#876 = ( GEOMETRIC_REPRESENTATION_CONTEXT(2) 
PARAMETRIC_REPRESENTATION_CONTEXT() REPRESENTATION_CONTEXT('2D SPACE',''
  ) );
#877 = PCURVE('',#878,#883);
#878 = CYLINDRICAL_SURFACE('',#879,0.6);
#879 = AXIS2_PLACEMENT_3D('',#880,#881,#882);
#880 = CARTESIAN_POINT('',(286.47,-228.5,-1.E-02));
#881 = DIRECTION('',(0.,0.,1.));
#882 = DIRECTION('',(1.,0.,-0.));
#883 = DEFINITIONAL_REPRESENTATION('',(#884),#888);
#884 = LINE('',#885,#886);
#885 = CARTESIAN_POINT('',(0.,1.E-02));
#886 = VECTOR('',#887,1.);
#887 = DIRECTION('',(1.,0.));
#888 = ( GEOMETRIC_REPRESENTATION_CONTEXT(2) 
PARAMETRIC_REPRESENTATION_CONTEXT() REPRESENTATION_CONTEXT('2D SPACE',''
  ) );
#889 = FACE_BOUND('',#890,.T.);
#890 = EDGE_LOOP('',(#891));
#891 = ORIENTED_EDGE('',*,*,#892,.T.);
#892 = EDGE_CURVE('',#893,#893,#895,.T.);
#893 = VERTEX_POINT('',#894);
#894 = CARTESIAN_POINT('',(287.07,-225.,0.));
#895 = SURFACE_CURVE('',#896,(#901,#912),.PCURVE_S1.);
#896 = CIRCLE('',#897,0.6);
#897 = AXIS2_PLACEMENT_3D('',#898,#899,#900);
#898 = CARTESIAN_POINT('',(286.47,-225.,0.));
#899 = DIRECTION('',(0.,0.,1.));
#900 = DIRECTION('',(1.,0.,-0.));
#901 = PCURVE('',#144,#902);
#902 = DEFINITIONAL_REPRESENTATION('',(#903),#911);
#903 = ( BOUNDED_CURVE() B_SPLINE_CURVE(2,(#904,#905,#906,#907,#908,#909
,#910),.UNSPECIFIED.,.T.,.F.) B_SPLINE_CURVE_WITH_KNOTS((1,2,2,2,2,1),(
    -2.094395102393,0.,2.094395102393,4.188790204786,6.28318530718,
8.377580409573),.UNSPECIFIED.) CURVE() GEOMETRIC_REPRESENTATION_ITEM() 
RATIONAL_B_SPLINE_CURVE((1.,0.5,1.,0.5,1.,0.5,1.)) REPRESENTATION_ITEM(
  '') );
#904 = CARTESIAN_POINT('',(-89.57,-45.));
#905 = CARTESIAN_POINT('',(-89.57,-43.96076951545));
#906 = CARTESIAN_POINT('',(-88.67,-44.48038475772));
#907 = CARTESIAN_POINT('',(-87.77,-45.));
#908 = CARTESIAN_POINT('',(-88.67,-45.51961524227));
#909 = CARTESIAN_POINT('',(-89.57,-46.03923048454));
#910 = CARTESIAN_POINT('',(-89.57,-45.));
#911 = ( GEOMETRIC_REPRESENTATION_CONTEXT(2) 
PARAMETRIC_REPRESENTATION_CONTEXT() REPRESENTATION_CONTEXT('2D SPACE',''
  ) );
#912 = PCURVE('',#913,#918);
#913 = CYLINDRICAL_SURFACE('',#914,0.6);
#914 = AXIS2_PLACEMENT_3D('',#915,#916,#917);
#915 = CARTESIAN_POINT('',(286.47,-225.,-1.E-02));
#916 = DIRECTION('',(0.,0.,1.));
#917 = DIRECTION('',(1.,0.,-0.));
#918 = DEFINITIONAL_REPRESENTATION('',(#919),#923);
#919 = LINE('',#920,#921);
#920 = CARTESIAN_POINT('',(0.,1.E-02));
#921 = VECTOR('',#922,1.);
#922 = DIRECTION('',(1.,0.));
#923 = ( GEOMETRIC_REPRESENTATION_CONTEXT(2) 
PARAMETRIC_REPRESENTATION_CONTEXT() REPRESENTATION_CONTEXT('2D SPACE',''
  ) );
#924 = FACE_BOUND('',#925,.T.);
#925 = EDGE_LOOP('',(#926));
#926 = ORIENTED_EDGE('',*,*,#927,.T.);
#927 = EDGE_CURVE('',#928,#928,#930,.T.);
#928 = VERTEX_POINT('',#929);
#929 = CARTESIAN_POINT('',(245.1,-251.47,0.));
#930 = SURFACE_CURVE('',#931,(#936,#947),.PCURVE_S1.);
#931 = CIRCLE('',#932,0.6);
#932 = AXIS2_PLACEMENT_3D('',#933,#934,#935);
#933 = CARTESIAN_POINT('',(244.5,-251.47,0.));
#934 = DIRECTION('',(0.,0.,1.));
#935 = DIRECTION('',(1.,0.,-0.));
#936 = PCURVE('',#144,#937);
#937 = DEFINITIONAL_REPRESENTATION('',(#938),#946);
#938 = ( BOUNDED_CURVE() B_SPLINE_CURVE(2,(#939,#940,#941,#942,#943,#944
,#945),.UNSPECIFIED.,.T.,.F.) B_SPLINE_CURVE_WITH_KNOTS((1,2,2,2,2,1),(
    -2.094395102393,0.,2.094395102393,4.188790204786,6.28318530718,
8.377580409573),.UNSPECIFIED.) CURVE() GEOMETRIC_REPRESENTATION_ITEM() 
RATIONAL_B_SPLINE_CURVE((1.,0.5,1.,0.5,1.,0.5,1.)) REPRESENTATION_ITEM(
  '') );
#939 = CARTESIAN_POINT('',(-47.6,-71.47));
#940 = CARTESIAN_POINT('',(-47.6,-70.43076951545));
#941 = CARTESIAN_POINT('',(-46.7,-70.95038475772));
#942 = CARTESIAN_POINT('',(-45.8,-71.47));
#943 = CARTESIAN_POINT('',(-46.7,-71.98961524227));
#944 = CARTESIAN_POINT('',(-47.6,-72.50923048454));
#945 = CARTESIAN_POINT('',(-47.6,-71.47));
#946 = ( GEOMETRIC_REPRESENTATION_CONTEXT(2) 
PARAMETRIC_REPRESENTATION_CONTEXT() REPRESENTATION_CONTEXT('2D SPACE',''
  ) );
#947 = PCURVE('',#948,#953);
#948 = CYLINDRICAL_SURFACE('',#949,0.6);
#949 = AXIS2_PLACEMENT_3D('',#950,#951,#952);
#950 = CARTESIAN_POINT('',(244.5,-251.47,-1.E-02));
#951 = DIRECTION('',(0.,0.,1.));
#952 = DIRECTION('',(1.,0.,-0.));
#953 = DEFINITIONAL_REPRESENTATION('',(#954),#958);
#954 = LINE('',#955,#956);
#955 = CARTESIAN_POINT('',(0.,1.E-02));
#956 = VECTOR('',#957,1.);
#957 = DIRECTION('',(1.,0.));
#958 = ( GEOMETRIC_REPRESENTATION_CONTEXT(2) 
PARAMETRIC_REPRESENTATION_CONTEXT() REPRESENTATION_CONTEXT('2D SPACE',''
  ) );
#959 = FACE_BOUND('',#960,.T.);
#960 = EDGE_LOOP('',(#961));
#961 = ORIENTED_EDGE('',*,*,#962,.T.);
#962 = EDGE_CURVE('',#963,#963,#965,.T.);
#963 = VERTEX_POINT('',#964);
#964 = CARTESIAN_POINT('',(241.6,-251.47,0.));
#965 = SURFACE_CURVE('',#966,(#971,#982),.PCURVE_S1.);
#966 = CIRCLE('',#967,0.6);
#967 = AXIS2_PLACEMENT_3D('',#968,#969,#970);
#968 = CARTESIAN_POINT('',(241.,-251.47,0.));
#969 = DIRECTION('',(0.,0.,1.));
#970 = DIRECTION('',(1.,0.,-0.));
#971 = PCURVE('',#144,#972);
#972 = DEFINITIONAL_REPRESENTATION('',(#973),#981);
#973 = ( BOUNDED_CURVE() B_SPLINE_CURVE(2,(#974,#975,#976,#977,#978,#979
,#980),.UNSPECIFIED.,.T.,.F.) B_SPLINE_CURVE_WITH_KNOTS((1,2,2,2,2,1),(
    -2.094395102393,0.,2.094395102393,4.188790204786,6.28318530718,
8.377580409573),.UNSPECIFIED.) CURVE() GEOMETRIC_REPRESENTATION_ITEM() 
RATIONAL_B_SPLINE_CURVE((1.,0.5,1.,0.5,1.,0.5,1.)) REPRESENTATION_ITEM(
  '') );
#974 = CARTESIAN_POINT('',(-44.1,-71.47));
#975 = CARTESIAN_POINT('',(-44.1,-70.43076951545));
#976 = CARTESIAN_POINT('',(-43.2,-70.95038475772));
#977 = CARTESIAN_POINT('',(-42.3,-71.47));
#978 = CARTESIAN_POINT('',(-43.2,-71.98961524227));
#979 = CARTESIAN_POINT('',(-44.1,-72.50923048454));
#980 = CARTESIAN_POINT('',(-44.1,-71.47));
#981 = ( GEOMETRIC_REPRESENTATION_CONTEXT(2) 
PARAMETRIC_REPRESENTATION_CONTEXT() REPRESENTATION_CONTEXT('2D SPACE',''
  ) );
#982 = PCURVE('',#983,#988);
#983 = CYLINDRICAL_SURFACE('',#984,0.6);
#984 = AXIS2_PLACEMENT_3D('',#985,#986,#987);
#985 = CARTESIAN_POINT('',(241.,-251.47,-1.E-02));
#986 = DIRECTION('',(0.,0.,1.));
#987 = DIRECTION('',(1.,0.,-0.));
#988 = DEFINITIONAL_REPRESENTATION('',(#989),#993);
#989 = LINE('',#990,#991);
#990 = CARTESIAN_POINT('',(0.,1.E-02));
#991 = VECTOR('',#992,1.);
#992 = DIRECTION('',(1.,0.));
#993 = ( GEOMETRIC_REPRESENTATION_CONTEXT(2) 
PARAMETRIC_REPRESENTATION_CONTEXT() REPRESENTATION_CONTEXT('2D SPACE',''
  ) );
#994 = FACE_BOUND('',#995,.T.);
#995 = EDGE_LOOP('',(#996));
#996 = ORIENTED_EDGE('',*,*,#997,.T.);
#997 = EDGE_CURVE('',#998,#998,#1000,.T.);
#998 = VERTEX_POINT('',#999);
#999 = CARTESIAN_POINT('',(238.1,-251.47,0.));
#1000 = SURFACE_CURVE('',#1001,(#1006,#1017),.PCURVE_S1.);
#1001 = CIRCLE('',#1002,0.6);
#1002 = AXIS2_PLACEMENT_3D('',#1003,#1004,#1005);
#1003 = CARTESIAN_POINT('',(237.5,-251.47,0.));
#1004 = DIRECTION('',(0.,0.,1.));
#1005 = DIRECTION('',(1.,0.,-0.));
#1006 = PCURVE('',#144,#1007);
#1007 = DEFINITIONAL_REPRESENTATION('',(#1008),#1016);
#1008 = ( BOUNDED_CURVE() B_SPLINE_CURVE(2,(#1009,#1010,#1011,#1012,
#1013,#1014,#1015),.UNSPECIFIED.,.T.,.F.) B_SPLINE_CURVE_WITH_KNOTS((1,2
    ,2,2,2,1),(-2.094395102393,0.,2.094395102393,4.188790204786,
6.28318530718,8.377580409573),.UNSPECIFIED.) CURVE() 
GEOMETRIC_REPRESENTATION_ITEM() RATIONAL_B_SPLINE_CURVE((1.,0.5,1.,0.5,
1.,0.5,1.)) REPRESENTATION_ITEM('') );
#1009 = CARTESIAN_POINT('',(-40.6,-71.47));
#1010 = CARTESIAN_POINT('',(-40.6,-70.43076951545));
#1011 = CARTESIAN_POINT('',(-39.7,-70.95038475772));
#1012 = CARTESIAN_POINT('',(-38.8,-71.47));
#1013 = CARTESIAN_POINT('',(-39.7,-71.98961524227));
#1014 = CARTESIAN_POINT('',(-40.6,-72.50923048454));
#1015 = CARTESIAN_POINT('',(-40.6,-71.47));
#1016 = ( GEOMETRIC_REPRESENTATION_CONTEXT(2) 
PARAMETRIC_REPRESENTATION_CONTEXT() REPRESENTATION_CONTEXT('2D SPACE',''
  ) );
#1017 = PCURVE('',#1018,#1023);
#1018 = CYLINDRICAL_SURFACE('',#1019,0.6);
#1019 = AXIS2_PLACEMENT_3D('',#1020,#1021,#1022);
#1020 = CARTESIAN_POINT('',(237.5,-251.47,-1.E-02));
#1021 = DIRECTION('',(0.,0.,1.));
#1022 = DIRECTION('',(1.,0.,-0.));
#1023 = DEFINITIONAL_REPRESENTATION('',(#1024),#1028);
#1024 = LINE('',#1025,#1026);
#1025 = CARTESIAN_POINT('',(0.,1.E-02));
#1026 = VECTOR('',#1027,1.);
#1027 = DIRECTION('',(1.,0.));
#1028 = ( GEOMETRIC_REPRESENTATION_CONTEXT(2) 
PARAMETRIC_REPRESENTATION_CONTEXT() REPRESENTATION_CONTEXT('2D SPACE',''
  ) );
#1029 = FACE_BOUND('',#1030,.T.);
#1030 = EDGE_LOOP('',(#1031));
#1031 = ORIENTED_EDGE('',*,*,#1032,.T.);
#1032 = EDGE_CURVE('',#1033,#1033,#1035,.T.);
#1033 = VERTEX_POINT('',#1034);
#1034 = CARTESIAN_POINT('',(234.6,-251.47,0.));
#1035 = SURFACE_CURVE('',#1036,(#1041,#1052),.PCURVE_S1.);
#1036 = CIRCLE('',#1037,0.6);
#1037 = AXIS2_PLACEMENT_3D('',#1038,#1039,#1040);
#1038 = CARTESIAN_POINT('',(234.,-251.47,0.));
#1039 = DIRECTION('',(0.,0.,1.));
#1040 = DIRECTION('',(1.,0.,-0.));
#1041 = PCURVE('',#144,#1042);
#1042 = DEFINITIONAL_REPRESENTATION('',(#1043),#1051);
#1043 = ( BOUNDED_CURVE() B_SPLINE_CURVE(2,(#1044,#1045,#1046,#1047,
#1048,#1049,#1050),.UNSPECIFIED.,.T.,.F.) B_SPLINE_CURVE_WITH_KNOTS((1,2
    ,2,2,2,1),(-2.094395102393,0.,2.094395102393,4.188790204786,
6.28318530718,8.377580409573),.UNSPECIFIED.) CURVE() 
GEOMETRIC_REPRESENTATION_ITEM() RATIONAL_B_SPLINE_CURVE((1.,0.5,1.,0.5,
1.,0.5,1.)) REPRESENTATION_ITEM('') );
#1044 = CARTESIAN_POINT('',(-37.1,-71.47));
#1045 = CARTESIAN_POINT('',(-37.1,-70.43076951545));
#1046 = CARTESIAN_POINT('',(-36.2,-70.95038475772));
#1047 = CARTESIAN_POINT('',(-35.3,-71.47));
#1048 = CARTESIAN_POINT('',(-36.2,-71.98961524227));
#1049 = CARTESIAN_POINT('',(-37.1,-72.50923048454));
#1050 = CARTESIAN_POINT('',(-37.1,-71.47));
#1051 = ( GEOMETRIC_REPRESENTATION_CONTEXT(2) 
PARAMETRIC_REPRESENTATION_CONTEXT() REPRESENTATION_CONTEXT('2D SPACE',''
  ) );
#1052 = PCURVE('',#1053,#1058);
#1053 = CYLINDRICAL_SURFACE('',#1054,0.6);
#1054 = AXIS2_PLACEMENT_3D('',#1055,#1056,#1057);
#1055 = CARTESIAN_POINT('',(234.,-251.47,-1.E-02));
#1056 = DIRECTION('',(0.,0.,1.));
#1057 = DIRECTION('',(1.,0.,-0.));
#1058 = DEFINITIONAL_REPRESENTATION('',(#1059),#1063);
#1059 = LINE('',#1060,#1061);
#1060 = CARTESIAN_POINT('',(0.,1.E-02));
#1061 = VECTOR('',#1062,1.);
#1062 = DIRECTION('',(1.,0.));
#1063 = ( GEOMETRIC_REPRESENTATION_CONTEXT(2) 
PARAMETRIC_REPRESENTATION_CONTEXT() REPRESENTATION_CONTEXT('2D SPACE',''
  ) );
#1064 = FACE_BOUND('',#1065,.T.);
#1065 = EDGE_LOOP('',(#1066));
#1066 = ORIENTED_EDGE('',*,*,#1067,.T.);
#1067 = EDGE_CURVE('',#1068,#1068,#1070,.T.);
#1068 = VERTEX_POINT('',#1069);
#1069 = CARTESIAN_POINT('',(227.1,-251.47,0.));
#1070 = SURFACE_CURVE('',#1071,(#1076,#1087),.PCURVE_S1.);
#1071 = CIRCLE('',#1072,0.6);
#1072 = AXIS2_PLACEMENT_3D('',#1073,#1074,#1075);
#1073 = CARTESIAN_POINT('',(226.5,-251.47,0.));
#1074 = DIRECTION('',(0.,0.,1.));
#1075 = DIRECTION('',(1.,0.,-0.));
#1076 = PCURVE('',#144,#1077);
#1077 = DEFINITIONAL_REPRESENTATION('',(#1078),#1086);
#1078 = ( BOUNDED_CURVE() B_SPLINE_CURVE(2,(#1079,#1080,#1081,#1082,
#1083,#1084,#1085),.UNSPECIFIED.,.T.,.F.) B_SPLINE_CURVE_WITH_KNOTS((1,2
    ,2,2,2,1),(-2.094395102393,0.,2.094395102393,4.188790204786,
6.28318530718,8.377580409573),.UNSPECIFIED.) CURVE() 
GEOMETRIC_REPRESENTATION_ITEM() RATIONAL_B_SPLINE_CURVE((1.,0.5,1.,0.5,
1.,0.5,1.)) REPRESENTATION_ITEM('') );
#1079 = CARTESIAN_POINT('',(-29.6,-71.47));
#1080 = CARTESIAN_POINT('',(-29.6,-70.43076951545));
#1081 = CARTESIAN_POINT('',(-28.7,-70.95038475772));
#1082 = CARTESIAN_POINT('',(-27.8,-71.47));
#1083 = CARTESIAN_POINT('',(-28.7,-71.98961524227));
#1084 = CARTESIAN_POINT('',(-29.6,-72.50923048454));
#1085 = CARTESIAN_POINT('',(-29.6,-71.47));
#1086 = ( GEOMETRIC_REPRESENTATION_CONTEXT(2) 
PARAMETRIC_REPRESENTATION_CONTEXT() REPRESENTATION_CONTEXT('2D SPACE',''
  ) );
#1087 = PCURVE('',#1088,#1093);
#1088 = CYLINDRICAL_SURFACE('',#1089,0.6);
#1089 = AXIS2_PLACEMENT_3D('',#1090,#1091,#1092);
#1090 = CARTESIAN_POINT('',(226.5,-251.47,-1.E-02));
#1091 = DIRECTION('',(0.,0.,1.));
#1092 = DIRECTION('',(1.,0.,-0.));
#1093 = DEFINITIONAL_REPRESENTATION('',(#1094),#1098);
#1094 = LINE('',#1095,#1096);
#1095 = CARTESIAN_POINT('',(0.,1.E-02));
#1096 = VECTOR('',#1097,1.);
#1097 = DIRECTION('',(1.,0.));
#1098 = ( GEOMETRIC_REPRESENTATION_CONTEXT(2) 
PARAMETRIC_REPRESENTATION_CONTEXT() REPRESENTATION_CONTEXT('2D SPACE',''
  ) );
#1099 = FACE_BOUND('',#1100,.T.);
#1100 = EDGE_LOOP('',(#1101));
#1101 = ORIENTED_EDGE('',*,*,#1102,.T.);
#1102 = EDGE_CURVE('',#1103,#1103,#1105,.T.);
#1103 = VERTEX_POINT('',#1104);
#1104 = CARTESIAN_POINT('',(223.6,-251.47,0.));
#1105 = SURFACE_CURVE('',#1106,(#1111,#1122),.PCURVE_S1.);
#1106 = CIRCLE('',#1107,0.6);
#1107 = AXIS2_PLACEMENT_3D('',#1108,#1109,#1110);
#1108 = CARTESIAN_POINT('',(223.,-251.47,0.));
#1109 = DIRECTION('',(0.,0.,1.));
#1110 = DIRECTION('',(1.,0.,-0.));
#1111 = PCURVE('',#144,#1112);
#1112 = DEFINITIONAL_REPRESENTATION('',(#1113),#1121);
#1113 = ( BOUNDED_CURVE() B_SPLINE_CURVE(2,(#1114,#1115,#1116,#1117,
#1118,#1119,#1120),.UNSPECIFIED.,.T.,.F.) B_SPLINE_CURVE_WITH_KNOTS((1,2
    ,2,2,2,1),(-2.094395102393,0.,2.094395102393,4.188790204786,
6.28318530718,8.377580409573),.UNSPECIFIED.) CURVE() 
GEOMETRIC_REPRESENTATION_ITEM() RATIONAL_B_SPLINE_CURVE((1.,0.5,1.,0.5,
1.,0.5,1.)) REPRESENTATION_ITEM('') );
#1114 = CARTESIAN_POINT('',(-26.1,-71.47));
#1115 = CARTESIAN_POINT('',(-26.1,-70.43076951545));
#1116 = CARTESIAN_POINT('',(-25.2,-70.95038475772));
#1117 = CARTESIAN_POINT('',(-24.3,-71.47));
#1118 = CARTESIAN_POINT('',(-25.2,-71.98961524227));
#1119 = CARTESIAN_POINT('',(-26.1,-72.50923048454));
#1120 = CARTESIAN_POINT('',(-26.1,-71.47));
#1121 = ( GEOMETRIC_REPRESENTATION_CONTEXT(2) 
PARAMETRIC_REPRESENTATION_CONTEXT() REPRESENTATION_CONTEXT('2D SPACE',''
  ) );
#1122 = PCURVE('',#1123,#1128);
#1123 = CYLINDRICAL_SURFACE('',#1124,0.6);
#1124 = AXIS2_PLACEMENT_3D('',#1125,#1126,#1127);
#1125 = CARTESIAN_POINT('',(223.,-251.47,-1.E-02));
#1126 = DIRECTION('',(0.,0.,1.));
#1127 = DIRECTION('',(1.,0.,-0.));
#1128 = DEFINITIONAL_REPRESENTATION('',(#1129),#1133);
#1129 = LINE('',#1130,#1131);
#1130 = CARTESIAN_POINT('',(0.,1.E-02));
#1131 = VECTOR('',#1132,1.);
#1132 = DIRECTION('',(1.,0.));
#1133 = ( GEOMETRIC_REPRESENTATION_CONTEXT(2) 
PARAMETRIC_REPRESENTATION_CONTEXT() REPRESENTATION_CONTEXT('2D SPACE',''
  ) );
#1134 = FACE_BOUND('',#1135,.T.);
#1135 = EDGE_LOOP('',(#1136));
#1136 = ORIENTED_EDGE('',*,*,#1137,.T.);
#1137 = EDGE_CURVE('',#1138,#1138,#1140,.T.);
#1138 = VERTEX_POINT('',#1139);
#1139 = CARTESIAN_POINT('',(220.1,-251.47,0.));
#1140 = SURFACE_CURVE('',#1141,(#1146,#1157),.PCURVE_S1.);
#1141 = CIRCLE('',#1142,0.6);
#1142 = AXIS2_PLACEMENT_3D('',#1143,#1144,#1145);
#1143 = CARTESIAN_POINT('',(219.5,-251.47,0.));
#1144 = DIRECTION('',(0.,0.,1.));
#1145 = DIRECTION('',(1.,0.,-0.));
#1146 = PCURVE('',#144,#1147);
#1147 = DEFINITIONAL_REPRESENTATION('',(#1148),#1156);
#1148 = ( BOUNDED_CURVE() B_SPLINE_CURVE(2,(#1149,#1150,#1151,#1152,
#1153,#1154,#1155),.UNSPECIFIED.,.T.,.F.) B_SPLINE_CURVE_WITH_KNOTS((1,2
    ,2,2,2,1),(-2.094395102393,0.,2.094395102393,4.188790204786,
6.28318530718,8.377580409573),.UNSPECIFIED.) CURVE() 
GEOMETRIC_REPRESENTATION_ITEM() RATIONAL_B_SPLINE_CURVE((1.,0.5,1.,0.5,
1.,0.5,1.)) REPRESENTATION_ITEM('') );
#1149 = CARTESIAN_POINT('',(-22.6,-71.47));
#1150 = CARTESIAN_POINT('',(-22.6,-70.43076951545));
#1151 = CARTESIAN_POINT('',(-21.7,-70.95038475772));
#1152 = CARTESIAN_POINT('',(-20.8,-71.47));
#1153 = CARTESIAN_POINT('',(-21.7,-71.98961524227));
#1154 = CARTESIAN_POINT('',(-22.6,-72.50923048454));
#1155 = CARTESIAN_POINT('',(-22.6,-71.47));
#1156 = ( GEOMETRIC_REPRESENTATION_CONTEXT(2) 
PARAMETRIC_REPRESENTATION_CONTEXT() REPRESENTATION_CONTEXT('2D SPACE',''
  ) );
#1157 = PCURVE('',#1158,#1163);
#1158 = CYLINDRICAL_SURFACE('',#1159,0.6);
#1159 = AXIS2_PLACEMENT_3D('',#1160,#1161,#1162);
#1160 = CARTESIAN_POINT('',(219.5,-251.47,-1.E-02));
#1161 = DIRECTION('',(0.,0.,1.));
#1162 = DIRECTION('',(1.,0.,-0.));
#1163 = DEFINITIONAL_REPRESENTATION('',(#1164),#1168);
#1164 = LINE('',#1165,#1166);
#1165 = CARTESIAN_POINT('',(0.,1.E-02));
#1166 = VECTOR('',#1167,1.);
#1167 = DIRECTION('',(1.,0.));
#1168 = ( GEOMETRIC_REPRESENTATION_CONTEXT(2) 
PARAMETRIC_REPRESENTATION_CONTEXT() REPRESENTATION_CONTEXT('2D SPACE',''
  ) );
#1169 = FACE_BOUND('',#1170,.T.);
#1170 = EDGE_LOOP('',(#1171));
#1171 = ORIENTED_EDGE('',*,*,#1172,.T.);
#1172 = EDGE_CURVE('',#1173,#1173,#1175,.T.);
#1173 = VERTEX_POINT('',#1174);
#1174 = CARTESIAN_POINT('',(216.6,-251.47,0.));
#1175 = SURFACE_CURVE('',#1176,(#1181,#1192),.PCURVE_S1.);
#1176 = CIRCLE('',#1177,0.6);
#1177 = AXIS2_PLACEMENT_3D('',#1178,#1179,#1180);
#1178 = CARTESIAN_POINT('',(216.,-251.47,0.));
#1179 = DIRECTION('',(0.,0.,1.));
#1180 = DIRECTION('',(1.,0.,-0.));
#1181 = PCURVE('',#144,#1182);
#1182 = DEFINITIONAL_REPRESENTATION('',(#1183),#1191);
#1183 = ( BOUNDED_CURVE() B_SPLINE_CURVE(2,(#1184,#1185,#1186,#1187,
#1188,#1189,#1190),.UNSPECIFIED.,.T.,.F.) B_SPLINE_CURVE_WITH_KNOTS((1,2
    ,2,2,2,1),(-2.094395102393,0.,2.094395102393,4.188790204786,
6.28318530718,8.377580409573),.UNSPECIFIED.) CURVE() 
GEOMETRIC_REPRESENTATION_ITEM() RATIONAL_B_SPLINE_CURVE((1.,0.5,1.,0.5,
1.,0.5,1.)) REPRESENTATION_ITEM('') );
#1184 = CARTESIAN_POINT('',(-19.1,-71.47));
#1185 = CARTESIAN_POINT('',(-19.1,-70.43076951545));
#1186 = CARTESIAN_POINT('',(-18.2,-70.95038475772));
#1187 = CARTESIAN_POINT('',(-17.3,-71.47));
#1188 = CARTESIAN_POINT('',(-18.2,-71.98961524227));
#1189 = CARTESIAN_POINT('',(-19.1,-72.50923048454));
#1190 = CARTESIAN_POINT('',(-19.1,-71.47));
#1191 = ( GEOMETRIC_REPRESENTATION_CONTEXT(2) 
PARAMETRIC_REPRESENTATION_CONTEXT() REPRESENTATION_CONTEXT('2D SPACE',''
  ) );
#1192 = PCURVE('',#1193,#1198);
#1193 = CYLINDRICAL_SURFACE('',#1194,0.6);
#1194 = AXIS2_PLACEMENT_3D('',#1195,#1196,#1197);
#1195 = CARTESIAN_POINT('',(216.,-251.47,-1.E-02));
#1196 = DIRECTION('',(0.,0.,1.));
#1197 = DIRECTION('',(1.,0.,-0.));
#1198 = DEFINITIONAL_REPRESENTATION('',(#1199),#1203);
#1199 = LINE('',#1200,#1201);
#1200 = CARTESIAN_POINT('',(0.,1.E-02));
#1201 = VECTOR('',#1202,1.);
#1202 = DIRECTION('',(1.,0.));
#1203 = ( GEOMETRIC_REPRESENTATION_CONTEXT(2) 
PARAMETRIC_REPRESENTATION_CONTEXT() REPRESENTATION_CONTEXT('2D SPACE',''
  ) );
#1204 = FACE_BOUND('',#1205,.T.);
#1205 = EDGE_LOOP('',(#1206));
#1206 = ORIENTED_EDGE('',*,*,#1207,.T.);
#1207 = EDGE_CURVE('',#1208,#1208,#1210,.T.);
#1208 = VERTEX_POINT('',#1209);
#1209 = CARTESIAN_POINT('',(213.1,-251.47,0.));
#1210 = SURFACE_CURVE('',#1211,(#1216,#1227),.PCURVE_S1.);
#1211 = CIRCLE('',#1212,0.6);
#1212 = AXIS2_PLACEMENT_3D('',#1213,#1214,#1215);
#1213 = CARTESIAN_POINT('',(212.5,-251.47,0.));
#1214 = DIRECTION('',(0.,0.,1.));
#1215 = DIRECTION('',(1.,0.,-0.));
#1216 = PCURVE('',#144,#1217);
#1217 = DEFINITIONAL_REPRESENTATION('',(#1218),#1226);
#1218 = ( BOUNDED_CURVE() B_SPLINE_CURVE(2,(#1219,#1220,#1221,#1222,
#1223,#1224,#1225),.UNSPECIFIED.,.T.,.F.) B_SPLINE_CURVE_WITH_KNOTS((1,2
    ,2,2,2,1),(-2.094395102393,0.,2.094395102393,4.188790204786,
6.28318530718,8.377580409573),.UNSPECIFIED.) CURVE() 
GEOMETRIC_REPRESENTATION_ITEM() RATIONAL_B_SPLINE_CURVE((1.,0.5,1.,0.5,
1.,0.5,1.)) REPRESENTATION_ITEM('') );
#1219 = CARTESIAN_POINT('',(-15.6,-71.47));
#1220 = CARTESIAN_POINT('',(-15.6,-70.43076951545));
#1221 = CARTESIAN_POINT('',(-14.7,-70.95038475772));
#1222 = CARTESIAN_POINT('',(-13.8,-71.47));
#1223 = CARTESIAN_POINT('',(-14.7,-71.98961524227));
#1224 = CARTESIAN_POINT('',(-15.6,-72.50923048454));
#1225 = CARTESIAN_POINT('',(-15.6,-71.47));
#1226 = ( GEOMETRIC_REPRESENTATION_CONTEXT(2) 
PARAMETRIC_REPRESENTATION_CONTEXT() REPRESENTATION_CONTEXT('2D SPACE',''
  ) );
#1227 = PCURVE('',#1228,#1233);
#1228 = CYLINDRICAL_SURFACE('',#1229,0.6);
#1229 = AXIS2_PLACEMENT_3D('',#1230,#1231,#1232);
#1230 = CARTESIAN_POINT('',(212.5,-251.47,-1.E-02));
#1231 = DIRECTION('',(0.,0.,1.));
#1232 = DIRECTION('',(1.,0.,-0.));
#1233 = DEFINITIONAL_REPRESENTATION('',(#1234),#1238);
#1234 = LINE('',#1235,#1236);
#1235 = CARTESIAN_POINT('',(0.,1.E-02));
#1236 = VECTOR('',#1237,1.);
#1237 = DIRECTION('',(1.,0.));
#1238 = ( GEOMETRIC_REPRESENTATION_CONTEXT(2) 
PARAMETRIC_REPRESENTATION_CONTEXT() REPRESENTATION_CONTEXT('2D SPACE',''
  ) );
#1239 = FACE_BOUND('',#1240,.T.);
#1240 = EDGE_LOOP('',(#1241));
#1241 = ORIENTED_EDGE('',*,*,#1242,.T.);
#1242 = EDGE_CURVE('',#1243,#1243,#1245,.T.);
#1243 = VERTEX_POINT('',#1244);
#1244 = CARTESIAN_POINT('',(209.6,-251.47,0.));
#1245 = SURFACE_CURVE('',#1246,(#1251,#1262),.PCURVE_S1.);
#1246 = CIRCLE('',#1247,0.6);
#1247 = AXIS2_PLACEMENT_3D('',#1248,#1249,#1250);
#1248 = CARTESIAN_POINT('',(209.,-251.47,0.));
#1249 = DIRECTION('',(0.,0.,1.));
#1250 = DIRECTION('',(1.,0.,-0.));
#1251 = PCURVE('',#144,#1252);
#1252 = DEFINITIONAL_REPRESENTATION('',(#1253),#1261);
#1253 = ( BOUNDED_CURVE() B_SPLINE_CURVE(2,(#1254,#1255,#1256,#1257,
#1258,#1259,#1260),.UNSPECIFIED.,.T.,.F.) B_SPLINE_CURVE_WITH_KNOTS((1,2
    ,2,2,2,1),(-2.094395102393,0.,2.094395102393,4.188790204786,
6.28318530718,8.377580409573),.UNSPECIFIED.) CURVE() 
GEOMETRIC_REPRESENTATION_ITEM() RATIONAL_B_SPLINE_CURVE((1.,0.5,1.,0.5,
1.,0.5,1.)) REPRESENTATION_ITEM('') );
#1254 = CARTESIAN_POINT('',(-12.1,-71.47));
#1255 = CARTESIAN_POINT('',(-12.1,-70.43076951545));
#1256 = CARTESIAN_POINT('',(-11.2,-70.95038475772));
#1257 = CARTESIAN_POINT('',(-10.3,-71.47));
#1258 = CARTESIAN_POINT('',(-11.2,-71.98961524227));
#1259 = CARTESIAN_POINT('',(-12.1,-72.50923048454));
#1260 = CARTESIAN_POINT('',(-12.1,-71.47));
#1261 = ( GEOMETRIC_REPRESENTATION_CONTEXT(2) 
PARAMETRIC_REPRESENTATION_CONTEXT() REPRESENTATION_CONTEXT('2D SPACE',''
  ) );
#1262 = PCURVE('',#1263,#1268);
#1263 = CYLINDRICAL_SURFACE('',#1264,0.6);
#1264 = AXIS2_PLACEMENT_3D('',#1265,#1266,#1267);
#1265 = CARTESIAN_POINT('',(209.,-251.47,-1.E-02));
#1266 = DIRECTION('',(0.,0.,1.));
#1267 = DIRECTION('',(1.,0.,-0.));
#1268 = DEFINITIONAL_REPRESENTATION('',(#1269),#1273);
#1269 = LINE('',#1270,#1271);
#1270 = CARTESIAN_POINT('',(0.,1.E-02));
#1271 = VECTOR('',#1272,1.);
#1272 = DIRECTION('',(1.,0.));
#1273 = ( GEOMETRIC_REPRESENTATION_CONTEXT(2) 
PARAMETRIC_REPRESENTATION_CONTEXT() REPRESENTATION_CONTEXT('2D SPACE',''
  ) );
#1274 = FACE_BOUND('',#1275,.T.);
#1275 = EDGE_LOOP('',(#1276));
#1276 = ORIENTED_EDGE('',*,*,#1277,.T.);
#1277 = EDGE_CURVE('',#1278,#1278,#1280,.T.);
#1278 = VERTEX_POINT('',#1279);
#1279 = CARTESIAN_POINT('',(202.1,-251.47,0.));
#1280 = SURFACE_CURVE('',#1281,(#1286,#1297),.PCURVE_S1.);
#1281 = CIRCLE('',#1282,0.6);
#1282 = AXIS2_PLACEMENT_3D('',#1283,#1284,#1285);
#1283 = CARTESIAN_POINT('',(201.5,-251.47,0.));
#1284 = DIRECTION('',(0.,0.,1.));
#1285 = DIRECTION('',(1.,0.,-0.));
#1286 = PCURVE('',#144,#1287);
#1287 = DEFINITIONAL_REPRESENTATION('',(#1288),#1296);
#1288 = ( BOUNDED_CURVE() B_SPLINE_CURVE(2,(#1289,#1290,#1291,#1292,
#1293,#1294,#1295),.UNSPECIFIED.,.T.,.F.) B_SPLINE_CURVE_WITH_KNOTS((1,2
    ,2,2,2,1),(-2.094395102393,0.,2.094395102393,4.188790204786,
6.28318530718,8.377580409573),.UNSPECIFIED.) CURVE() 
GEOMETRIC_REPRESENTATION_ITEM() RATIONAL_B_SPLINE_CURVE((1.,0.5,1.,0.5,
1.,0.5,1.)) REPRESENTATION_ITEM('') );
#1289 = CARTESIAN_POINT('',(-4.6,-71.47));
#1290 = CARTESIAN_POINT('',(-4.6,-70.43076951545));
#1291 = CARTESIAN_POINT('',(-3.7,-70.95038475772));
#1292 = CARTESIAN_POINT('',(-2.8,-71.47));
#1293 = CARTESIAN_POINT('',(-3.7,-71.98961524227));
#1294 = CARTESIAN_POINT('',(-4.6,-72.50923048454));
#1295 = CARTESIAN_POINT('',(-4.6,-71.47));
#1296 = ( GEOMETRIC_REPRESENTATION_CONTEXT(2) 
PARAMETRIC_REPRESENTATION_CONTEXT() REPRESENTATION_CONTEXT('2D SPACE',''
  ) );
#1297 = PCURVE('',#1298,#1303);
#1298 = CYLINDRICAL_SURFACE('',#1299,0.6);
#1299 = AXIS2_PLACEMENT_3D('',#1300,#1301,#1302);
#1300 = CARTESIAN_POINT('',(201.5,-251.47,-1.E-02));
#1301 = DIRECTION('',(0.,0.,1.));
#1302 = DIRECTION('',(1.,0.,-0.));
#1303 = DEFINITIONAL_REPRESENTATION('',(#1304),#1308);
#1304 = LINE('',#1305,#1306);
#1305 = CARTESIAN_POINT('',(0.,1.E-02));
#1306 = VECTOR('',#1307,1.);
#1307 = DIRECTION('',(1.,0.));
#1308 = ( GEOMETRIC_REPRESENTATION_CONTEXT(2) 
PARAMETRIC_REPRESENTATION_CONTEXT() REPRESENTATION_CONTEXT('2D SPACE',''
  ) );
#1309 = FACE_BOUND('',#1310,.T.);
#1310 = EDGE_LOOP('',(#1311));
#1311 = ORIENTED_EDGE('',*,*,#1312,.T.);
#1312 = EDGE_CURVE('',#1313,#1313,#1315,.T.);
#1313 = VERTEX_POINT('',#1314);
#1314 = CARTESIAN_POINT('',(198.6,-251.47,0.));
#1315 = SURFACE_CURVE('',#1316,(#1321,#1332),.PCURVE_S1.);
#1316 = CIRCLE('',#1317,0.6);
#1317 = AXIS2_PLACEMENT_3D('',#1318,#1319,#1320);
#1318 = CARTESIAN_POINT('',(198.,-251.47,0.));
#1319 = DIRECTION('',(0.,0.,1.));
#1320 = DIRECTION('',(1.,0.,-0.));
#1321 = PCURVE('',#144,#1322);
#1322 = DEFINITIONAL_REPRESENTATION('',(#1323),#1331);
#1323 = ( BOUNDED_CURVE() B_SPLINE_CURVE(2,(#1324,#1325,#1326,#1327,
#1328,#1329,#1330),.UNSPECIFIED.,.T.,.F.) B_SPLINE_CURVE_WITH_KNOTS((1,2
    ,2,2,2,1),(-2.094395102393,0.,2.094395102393,4.188790204786,
6.28318530718,8.377580409573),.UNSPECIFIED.) CURVE() 
GEOMETRIC_REPRESENTATION_ITEM() RATIONAL_B_SPLINE_CURVE((1.,0.5,1.,0.5,
1.,0.5,1.)) REPRESENTATION_ITEM('') );
#1324 = CARTESIAN_POINT('',(-1.1,-71.47));
#1325 = CARTESIAN_POINT('',(-1.1,-70.43076951545));
#1326 = CARTESIAN_POINT('',(-0.2,-70.95038475772));
#1327 = CARTESIAN_POINT('',(0.7,-71.47));
#1328 = CARTESIAN_POINT('',(-0.2,-71.98961524227));
#1329 = CARTESIAN_POINT('',(-1.1,-72.50923048454));
#1330 = CARTESIAN_POINT('',(-1.1,-71.47));
#1331 = ( GEOMETRIC_REPRESENTATION_CONTEXT(2) 
PARAMETRIC_REPRESENTATION_CONTEXT() REPRESENTATION_CONTEXT('2D SPACE',''
  ) );
#1332 = PCURVE('',#1333,#1338);
#1333 = CYLINDRICAL_SURFACE('',#1334,0.6);
#1334 = AXIS2_PLACEMENT_3D('',#1335,#1336,#1337);
#1335 = CARTESIAN_POINT('',(198.,-251.47,-1.E-02));
#1336 = DIRECTION('',(0.,0.,1.));
#1337 = DIRECTION('',(1.,0.,-0.));
#1338 = DEFINITIONAL_REPRESENTATION('',(#1339),#1343);
#1339 = LINE('',#1340,#1341);
#1340 = CARTESIAN_POINT('',(0.,1.E-02));
#1341 = VECTOR('',#1342,1.);
#1342 = DIRECTION('',(1.,0.));
#1343 = ( GEOMETRIC_REPRESENTATION_CONTEXT(2) 
PARAMETRIC_REPRESENTATION_CONTEXT() REPRESENTATION_CONTEXT('2D SPACE',''
  ) );
#1344 = FACE_BOUND('',#1345,.T.);
#1345 = EDGE_LOOP('',(#1346));
#1346 = ORIENTED_EDGE('',*,*,#1347,.T.);
#1347 = EDGE_CURVE('',#1348,#1348,#1350,.T.);
#1348 = VERTEX_POINT('',#1349);
#1349 = CARTESIAN_POINT('',(287.07,-218.,0.));
#1350 = SURFACE_CURVE('',#1351,(#1356,#1367),.PCURVE_S1.);
#1351 = CIRCLE('',#1352,0.6);
#1352 = AXIS2_PLACEMENT_3D('',#1353,#1354,#1355);
#1353 = CARTESIAN_POINT('',(286.47,-218.,0.));
#1354 = DIRECTION('',(0.,0.,1.));
#1355 = DIRECTION('',(1.,0.,-0.));
#1356 = PCURVE('',#144,#1357);
#1357 = DEFINITIONAL_REPRESENTATION('',(#1358),#1366);
#1358 = ( BOUNDED_CURVE() B_SPLINE_CURVE(2,(#1359,#1360,#1361,#1362,
#1363,#1364,#1365),.UNSPECIFIED.,.T.,.F.) B_SPLINE_CURVE_WITH_KNOTS((1,2
    ,2,2,2,1),(-2.094395102393,0.,2.094395102393,4.188790204786,
6.28318530718,8.377580409573),.UNSPECIFIED.) CURVE() 
GEOMETRIC_REPRESENTATION_ITEM() RATIONAL_B_SPLINE_CURVE((1.,0.5,1.,0.5,
1.,0.5,1.)) REPRESENTATION_ITEM('') );
#1359 = CARTESIAN_POINT('',(-89.57,-38.));
#1360 = CARTESIAN_POINT('',(-89.57,-36.96076951545));
#1361 = CARTESIAN_POINT('',(-88.67,-37.48038475772));
#1362 = CARTESIAN_POINT('',(-87.77,-38.));
#1363 = CARTESIAN_POINT('',(-88.67,-38.51961524227));
#1364 = CARTESIAN_POINT('',(-89.57,-39.03923048454));
#1365 = CARTESIAN_POINT('',(-89.57,-38.));
#1366 = ( GEOMETRIC_REPRESENTATION_CONTEXT(2) 
PARAMETRIC_REPRESENTATION_CONTEXT() REPRESENTATION_CONTEXT('2D SPACE',''
  ) );
#1367 = PCURVE('',#1368,#1373);
#1368 = CYLINDRICAL_SURFACE('',#1369,0.6);
#1369 = AXIS2_PLACEMENT_3D('',#1370,#1371,#1372);
#1370 = CARTESIAN_POINT('',(286.47,-218.,-1.E-02));
#1371 = DIRECTION('',(0.,0.,1.));
#1372 = DIRECTION('',(1.,0.,-0.));
#1373 = DEFINITIONAL_REPRESENTATION('',(#1374),#1378);
#1374 = LINE('',#1375,#1376);
#1375 = CARTESIAN_POINT('',(0.,1.E-02));
#1376 = VECTOR('',#1377,1.);
#1377 = DIRECTION('',(1.,0.));
#1378 = ( GEOMETRIC_REPRESENTATION_CONTEXT(2) 
PARAMETRIC_REPRESENTATION_CONTEXT() REPRESENTATION_CONTEXT('2D SPACE',''
  ) );
#1379 = FACE_BOUND('',#1380,.T.);
#1380 = EDGE_LOOP('',(#1381));
#1381 = ORIENTED_EDGE('',*,*,#1382,.T.);
#1382 = EDGE_CURVE('',#1383,#1383,#1385,.T.);
#1383 = VERTEX_POINT('',#1384);
#1384 = CARTESIAN_POINT('',(287.07,-214.5,0.));
#1385 = SURFACE_CURVE('',#1386,(#1391,#1402),.PCURVE_S1.);
#1386 = CIRCLE('',#1387,0.6);
#1387 = AXIS2_PLACEMENT_3D('',#1388,#1389,#1390);
#1388 = CARTESIAN_POINT('',(286.47,-214.5,0.));
#1389 = DIRECTION('',(0.,0.,1.));
#1390 = DIRECTION('',(1.,0.,-0.));
#1391 = PCURVE('',#144,#1392);
#1392 = DEFINITIONAL_REPRESENTATION('',(#1393),#1401);
#1393 = ( BOUNDED_CURVE() B_SPLINE_CURVE(2,(#1394,#1395,#1396,#1397,
#1398,#1399,#1400),.UNSPECIFIED.,.T.,.F.) B_SPLINE_CURVE_WITH_KNOTS((1,2
    ,2,2,2,1),(-2.094395102393,0.,2.094395102393,4.188790204786,
6.28318530718,8.377580409573),.UNSPECIFIED.) CURVE() 
GEOMETRIC_REPRESENTATION_ITEM() RATIONAL_B_SPLINE_CURVE((1.,0.5,1.,0.5,
1.,0.5,1.)) REPRESENTATION_ITEM('') );
#1394 = CARTESIAN_POINT('',(-89.57,-34.5));
#1395 = CARTESIAN_POINT('',(-89.57,-33.46076951545));
#1396 = CARTESIAN_POINT('',(-88.67,-33.98038475772));
#1397 = CARTESIAN_POINT('',(-87.77,-34.5));
#1398 = CARTESIAN_POINT('',(-88.67,-35.01961524227));
#1399 = CARTESIAN_POINT('',(-89.57,-35.53923048454));
#1400 = CARTESIAN_POINT('',(-89.57,-34.5));
#1401 = ( GEOMETRIC_REPRESENTATION_CONTEXT(2) 
PARAMETRIC_REPRESENTATION_CONTEXT() REPRESENTATION_CONTEXT('2D SPACE',''
  ) );
#1402 = PCURVE('',#1403,#1408);
#1403 = CYLINDRICAL_SURFACE('',#1404,0.6);
#1404 = AXIS2_PLACEMENT_3D('',#1405,#1406,#1407);
#1405 = CARTESIAN_POINT('',(286.47,-214.5,-1.E-02));
#1406 = DIRECTION('',(0.,0.,1.));
#1407 = DIRECTION('',(1.,0.,-0.));
#1408 = DEFINITIONAL_REPRESENTATION('',(#1409),#1413);
#1409 = LINE('',#1410,#1411);
#1410 = CARTESIAN_POINT('',(0.,1.E-02));
#1411 = VECTOR('',#1412,1.);
#1412 = DIRECTION('',(1.,0.));
#1413 = ( GEOMETRIC_REPRESENTATION_CONTEXT(2) 
PARAMETRIC_REPRESENTATION_CONTEXT() REPRESENTATION_CONTEXT('2D SPACE',''
  ) );
#1414 = FACE_BOUND('',#1415,.T.);
#1415 = EDGE_LOOP('',(#1416));
#1416 = ORIENTED_EDGE('',*,*,#1417,.T.);
#1417 = EDGE_CURVE('',#1418,#1418,#1420,.T.);
#1418 = VERTEX_POINT('',#1419);
#1419 = CARTESIAN_POINT('',(287.07,-211.,0.));
#1420 = SURFACE_CURVE('',#1421,(#1426,#1437),.PCURVE_S1.);
#1421 = CIRCLE('',#1422,0.6);
#1422 = AXIS2_PLACEMENT_3D('',#1423,#1424,#1425);
#1423 = CARTESIAN_POINT('',(286.47,-211.,0.));
#1424 = DIRECTION('',(0.,0.,1.));
#1425 = DIRECTION('',(1.,0.,-0.));
#1426 = PCURVE('',#144,#1427);
#1427 = DEFINITIONAL_REPRESENTATION('',(#1428),#1436);
#1428 = ( BOUNDED_CURVE() B_SPLINE_CURVE(2,(#1429,#1430,#1431,#1432,
#1433,#1434,#1435),.UNSPECIFIED.,.T.,.F.) B_SPLINE_CURVE_WITH_KNOTS((1,2
    ,2,2,2,1),(-2.094395102393,0.,2.094395102393,4.188790204786,
6.28318530718,8.377580409573),.UNSPECIFIED.) CURVE() 
GEOMETRIC_REPRESENTATION_ITEM() RATIONAL_B_SPLINE_CURVE((1.,0.5,1.,0.5,
1.,0.5,1.)) REPRESENTATION_ITEM('') );
#1429 = CARTESIAN_POINT('',(-89.57,-31.));
#1430 = CARTESIAN_POINT('',(-89.57,-29.96076951545));
#1431 = CARTESIAN_POINT('',(-88.67,-30.48038475772));
#1432 = CARTESIAN_POINT('',(-87.77,-31.));
#1433 = CARTESIAN_POINT('',(-88.67,-31.51961524227));
#1434 = CARTESIAN_POINT('',(-89.57,-32.03923048454));
#1435 = CARTESIAN_POINT('',(-89.57,-31.));
#1436 = ( GEOMETRIC_REPRESENTATION_CONTEXT(2) 
PARAMETRIC_REPRESENTATION_CONTEXT() REPRESENTATION_CONTEXT('2D SPACE',''
  ) );
#1437 = PCURVE('',#1438,#1443);
#1438 = CYLINDRICAL_SURFACE('',#1439,0.6);
#1439 = AXIS2_PLACEMENT_3D('',#1440,#1441,#1442);
#1440 = CARTESIAN_POINT('',(286.47,-211.,-1.E-02));
#1441 = DIRECTION('',(0.,0.,1.));
#1442 = DIRECTION('',(1.,0.,-0.));
#1443 = DEFINITIONAL_REPRESENTATION('',(#1444),#1448);
#1444 = LINE('',#1445,#1446);
#1445 = CARTESIAN_POINT('',(0.,1.E-02));
#1446 = VECTOR('',#1447,1.);
#1447 = DIRECTION('',(1.,0.));
#1448 = ( GEOMETRIC_REPRESENTATION_CONTEXT(2) 
PARAMETRIC_REPRESENTATION_CONTEXT() REPRESENTATION_CONTEXT('2D SPACE',''
  ) );
#1449 = FACE_BOUND('',#1450,.T.);
#1450 = EDGE_LOOP('',(#1451));
#1451 = ORIENTED_EDGE('',*,*,#1452,.T.);
#1452 = EDGE_CURVE('',#1453,#1453,#1455,.T.);
#1453 = VERTEX_POINT('',#1454);
#1454 = CARTESIAN_POINT('',(287.07,-207.5,0.));
#1455 = SURFACE_CURVE('',#1456,(#1461,#1472),.PCURVE_S1.);
#1456 = CIRCLE('',#1457,0.6);
#1457 = AXIS2_PLACEMENT_3D('',#1458,#1459,#1460);
#1458 = CARTESIAN_POINT('',(286.47,-207.5,0.));
#1459 = DIRECTION('',(0.,0.,1.));
#1460 = DIRECTION('',(1.,0.,-0.));
#1461 = PCURVE('',#144,#1462);
#1462 = DEFINITIONAL_REPRESENTATION('',(#1463),#1471);
#1463 = ( BOUNDED_CURVE() B_SPLINE_CURVE(2,(#1464,#1465,#1466,#1467,
#1468,#1469,#1470),.UNSPECIFIED.,.T.,.F.) B_SPLINE_CURVE_WITH_KNOTS((1,2
    ,2,2,2,1),(-2.094395102393,0.,2.094395102393,4.188790204786,
6.28318530718,8.377580409573),.UNSPECIFIED.) CURVE() 
GEOMETRIC_REPRESENTATION_ITEM() RATIONAL_B_SPLINE_CURVE((1.,0.5,1.,0.5,
1.,0.5,1.)) REPRESENTATION_ITEM('') );
#1464 = CARTESIAN_POINT('',(-89.57,-27.5));
#1465 = CARTESIAN_POINT('',(-89.57,-26.46076951545));
#1466 = CARTESIAN_POINT('',(-88.67,-26.98038475772));
#1467 = CARTESIAN_POINT('',(-87.77,-27.5));
#1468 = CARTESIAN_POINT('',(-88.67,-28.01961524227));
#1469 = CARTESIAN_POINT('',(-89.57,-28.53923048454));
#1470 = CARTESIAN_POINT('',(-89.57,-27.5));
#1471 = ( GEOMETRIC_REPRESENTATION_CONTEXT(2) 
PARAMETRIC_REPRESENTATION_CONTEXT() REPRESENTATION_CONTEXT('2D SPACE',''
  ) );
#1472 = PCURVE('',#1473,#1478);
#1473 = CYLINDRICAL_SURFACE('',#1474,0.6);
#1474 = AXIS2_PLACEMENT_3D('',#1475,#1476,#1477);
#1475 = CARTESIAN_POINT('',(286.47,-207.5,-1.E-02));
#1476 = DIRECTION('',(0.,0.,1.));
#1477 = DIRECTION('',(1.,0.,-0.));
#1478 = DEFINITIONAL_REPRESENTATION('',(#1479),#1483);
#1479 = LINE('',#1480,#1481);
#1480 = CARTESIAN_POINT('',(0.,1.E-02));
#1481 = VECTOR('',#1482,1.);
#1482 = DIRECTION('',(1.,0.));
#1483 = ( GEOMETRIC_REPRESENTATION_CONTEXT(2) 
PARAMETRIC_REPRESENTATION_CONTEXT() REPRESENTATION_CONTEXT('2D SPACE',''
  ) );
#1484 = FACE_BOUND('',#1485,.T.);
#1485 = EDGE_LOOP('',(#1486));
#1486 = ORIENTED_EDGE('',*,*,#1487,.T.);
#1487 = EDGE_CURVE('',#1488,#1488,#1490,.T.);
#1488 = VERTEX_POINT('',#1489);
#1489 = CARTESIAN_POINT('',(287.07,-204.,0.));
#1490 = SURFACE_CURVE('',#1491,(#1496,#1507),.PCURVE_S1.);
#1491 = CIRCLE('',#1492,0.6);
#1492 = AXIS2_PLACEMENT_3D('',#1493,#1494,#1495);
#1493 = CARTESIAN_POINT('',(286.47,-204.,0.));
#1494 = DIRECTION('',(0.,0.,1.));
#1495 = DIRECTION('',(1.,0.,-0.));
#1496 = PCURVE('',#144,#1497);
#1497 = DEFINITIONAL_REPRESENTATION('',(#1498),#1506);
#1498 = ( BOUNDED_CURVE() B_SPLINE_CURVE(2,(#1499,#1500,#1501,#1502,
#1503,#1504,#1505),.UNSPECIFIED.,.T.,.F.) B_SPLINE_CURVE_WITH_KNOTS((1,2
    ,2,2,2,1),(-2.094395102393,0.,2.094395102393,4.188790204786,
6.28318530718,8.377580409573),.UNSPECIFIED.) CURVE() 
GEOMETRIC_REPRESENTATION_ITEM() RATIONAL_B_SPLINE_CURVE((1.,0.5,1.,0.5,
1.,0.5,1.)) REPRESENTATION_ITEM('') );
#1499 = CARTESIAN_POINT('',(-89.57,-24.));
#1500 = CARTESIAN_POINT('',(-89.57,-22.96076951545));
#1501 = CARTESIAN_POINT('',(-88.67,-23.48038475772));
#1502 = CARTESIAN_POINT('',(-87.77,-24.));
#1503 = CARTESIAN_POINT('',(-88.67,-24.51961524227));
#1504 = CARTESIAN_POINT('',(-89.57,-25.03923048454));
#1505 = CARTESIAN_POINT('',(-89.57,-24.));
#1506 = ( GEOMETRIC_REPRESENTATION_CONTEXT(2) 
PARAMETRIC_REPRESENTATION_CONTEXT() REPRESENTATION_CONTEXT('2D SPACE',''
  ) );
#1507 = PCURVE('',#1508,#1513);
#1508 = CYLINDRICAL_SURFACE('',#1509,0.6);
#1509 = AXIS2_PLACEMENT_3D('',#1510,#1511,#1512);
#1510 = CARTESIAN_POINT('',(286.47,-204.,-1.E-02));
#1511 = DIRECTION('',(0.,0.,1.));
#1512 = DIRECTION('',(1.,0.,-0.));
#1513 = DEFINITIONAL_REPRESENTATION('',(#1514),#1518);
#1514 = LINE('',#1515,#1516);
#1515 = CARTESIAN_POINT('',(0.,1.E-02));
#1516 = VECTOR('',#1517,1.);
#1517 = DIRECTION('',(1.,0.));
#1518 = ( GEOMETRIC_REPRESENTATION_CONTEXT(2) 
PARAMETRIC_REPRESENTATION_CONTEXT() REPRESENTATION_CONTEXT('2D SPACE',''
  ) );
#1519 = FACE_BOUND('',#1520,.T.);
#1520 = EDGE_LOOP('',(#1521));
#1521 = ORIENTED_EDGE('',*,*,#1522,.T.);
#1522 = EDGE_CURVE('',#1523,#1523,#1525,.T.);
#1523 = VERTEX_POINT('',#1524);
#1524 = CARTESIAN_POINT('',(287.07,-200.5,0.));
#1525 = SURFACE_CURVE('',#1526,(#1531,#1542),.PCURVE_S1.);
#1526 = CIRCLE('',#1527,0.6);
#1527 = AXIS2_PLACEMENT_3D('',#1528,#1529,#1530);
#1528 = CARTESIAN_POINT('',(286.47,-200.5,0.));
#1529 = DIRECTION('',(0.,0.,1.));
#1530 = DIRECTION('',(1.,0.,-0.));
#1531 = PCURVE('',#144,#1532);
#1532 = DEFINITIONAL_REPRESENTATION('',(#1533),#1541);
#1533 = ( BOUNDED_CURVE() B_SPLINE_CURVE(2,(#1534,#1535,#1536,#1537,
#1538,#1539,#1540),.UNSPECIFIED.,.T.,.F.) B_SPLINE_CURVE_WITH_KNOTS((1,2
    ,2,2,2,1),(-2.094395102393,0.,2.094395102393,4.188790204786,
6.28318530718,8.377580409573),.UNSPECIFIED.) CURVE() 
GEOMETRIC_REPRESENTATION_ITEM() RATIONAL_B_SPLINE_CURVE((1.,0.5,1.,0.5,
1.,0.5,1.)) REPRESENTATION_ITEM('') );
#1534 = CARTESIAN_POINT('',(-89.57,-20.5));
#1535 = CARTESIAN_POINT('',(-89.57,-19.46076951545));
#1536 = CARTESIAN_POINT('',(-88.67,-19.98038475772));
#1537 = CARTESIAN_POINT('',(-87.77,-20.5));
#1538 = CARTESIAN_POINT('',(-88.67,-21.01961524227));
#1539 = CARTESIAN_POINT('',(-89.57,-21.53923048454));
#1540 = CARTESIAN_POINT('',(-89.57,-20.5));
#1541 = ( GEOMETRIC_REPRESENTATION_CONTEXT(2) 
PARAMETRIC_REPRESENTATION_CONTEXT() REPRESENTATION_CONTEXT('2D SPACE',''
  ) );
#1542 = PCURVE('',#1543,#1548);
#1543 = CYLINDRICAL_SURFACE('',#1544,0.6);
#1544 = AXIS2_PLACEMENT_3D('',#1545,#1546,#1547);
#1545 = CARTESIAN_POINT('',(286.47,-200.5,-1.E-02));
#1546 = DIRECTION('',(0.,0.,1.));
#1547 = DIRECTION('',(1.,0.,-0.));
#1548 = DEFINITIONAL_REPRESENTATION('',(#1549),#1553);
#1549 = LINE('',#1550,#1551);
#1550 = CARTESIAN_POINT('',(0.,1.E-02));
#1551 = VECTOR('',#1552,1.);
#1552 = DIRECTION('',(1.,0.));
#1553 = ( GEOMETRIC_REPRESENTATION_CONTEXT(2) 
PARAMETRIC_REPRESENTATION_CONTEXT() REPRESENTATION_CONTEXT('2D SPACE',''
  ) );
#1554 = FACE_BOUND('',#1555,.T.);
#1555 = EDGE_LOOP('',(#1556));
#1556 = ORIENTED_EDGE('',*,*,#1557,.T.);
#1557 = EDGE_CURVE('',#1558,#1558,#1560,.T.);
#1558 = VERTEX_POINT('',#1559);
#1559 = CARTESIAN_POINT('',(287.07,-197.,0.));
#1560 = SURFACE_CURVE('',#1561,(#1566,#1577),.PCURVE_S1.);
#1561 = CIRCLE('',#1562,0.6);
#1562 = AXIS2_PLACEMENT_3D('',#1563,#1564,#1565);
#1563 = CARTESIAN_POINT('',(286.47,-197.,0.));
#1564 = DIRECTION('',(0.,0.,1.));
#1565 = DIRECTION('',(1.,0.,-0.));
#1566 = PCURVE('',#144,#1567);
#1567 = DEFINITIONAL_REPRESENTATION('',(#1568),#1576);
#1568 = ( BOUNDED_CURVE() B_SPLINE_CURVE(2,(#1569,#1570,#1571,#1572,
#1573,#1574,#1575),.UNSPECIFIED.,.T.,.F.) B_SPLINE_CURVE_WITH_KNOTS((1,2
    ,2,2,2,1),(-2.094395102393,0.,2.094395102393,4.188790204786,
6.28318530718,8.377580409573),.UNSPECIFIED.) CURVE() 
GEOMETRIC_REPRESENTATION_ITEM() RATIONAL_B_SPLINE_CURVE((1.,0.5,1.,0.5,
1.,0.5,1.)) REPRESENTATION_ITEM('') );
#1569 = CARTESIAN_POINT('',(-89.57,-17.));
#1570 = CARTESIAN_POINT('',(-89.57,-15.96076951545));
#1571 = CARTESIAN_POINT('',(-88.67,-16.48038475772));
#1572 = CARTESIAN_POINT('',(-87.77,-17.));
#1573 = CARTESIAN_POINT('',(-88.67,-17.51961524227));
#1574 = CARTESIAN_POINT('',(-89.57,-18.03923048454));
#1575 = CARTESIAN_POINT('',(-89.57,-17.));
#1576 = ( GEOMETRIC_REPRESENTATION_CONTEXT(2) 
PARAMETRIC_REPRESENTATION_CONTEXT() REPRESENTATION_CONTEXT('2D SPACE',''
  ) );
#1577 = PCURVE('',#1578,#1583);
#1578 = CYLINDRICAL_SURFACE('',#1579,0.6);
#1579 = AXIS2_PLACEMENT_3D('',#1580,#1581,#1582);
#1580 = CARTESIAN_POINT('',(286.47,-197.,-1.E-02));
#1581 = DIRECTION('',(0.,0.,1.));
#1582 = DIRECTION('',(1.,0.,-0.));
#1583 = DEFINITIONAL_REPRESENTATION('',(#1584),#1588);
#1584 = LINE('',#1585,#1586);
#1585 = CARTESIAN_POINT('',(0.,1.E-02));
#1586 = VECTOR('',#1587,1.);
#1587 = DIRECTION('',(1.,0.));
#1588 = ( GEOMETRIC_REPRESENTATION_CONTEXT(2) 
PARAMETRIC_REPRESENTATION_CONTEXT() REPRESENTATION_CONTEXT('2D SPACE',''
  ) );
#1589 = FACE_BOUND('',#1590,.T.);
#1590 = EDGE_LOOP('',(#1591));
#1591 = ORIENTED_EDGE('',*,*,#1592,.T.);
#1592 = EDGE_CURVE('',#1593,#1593,#1595,.T.);
#1593 = VERTEX_POINT('',#1594);
#1594 = CARTESIAN_POINT('',(287.07,-193.5,0.));
#1595 = SURFACE_CURVE('',#1596,(#1601,#1612),.PCURVE_S1.);
#1596 = CIRCLE('',#1597,0.6);
#1597 = AXIS2_PLACEMENT_3D('',#1598,#1599,#1600);
#1598 = CARTESIAN_POINT('',(286.47,-193.5,0.));
#1599 = DIRECTION('',(0.,0.,1.));
#1600 = DIRECTION('',(1.,0.,-0.));
#1601 = PCURVE('',#144,#1602);
#1602 = DEFINITIONAL_REPRESENTATION('',(#1603),#1611);
#1603 = ( BOUNDED_CURVE() B_SPLINE_CURVE(2,(#1604,#1605,#1606,#1607,
#1608,#1609,#1610),.UNSPECIFIED.,.T.,.F.) B_SPLINE_CURVE_WITH_KNOTS((1,2
    ,2,2,2,1),(-2.094395102393,0.,2.094395102393,4.188790204786,
6.28318530718,8.377580409573),.UNSPECIFIED.) CURVE() 
GEOMETRIC_REPRESENTATION_ITEM() RATIONAL_B_SPLINE_CURVE((1.,0.5,1.,0.5,
1.,0.5,1.)) REPRESENTATION_ITEM('') );
#1604 = CARTESIAN_POINT('',(-89.57,-13.5));
#1605 = CARTESIAN_POINT('',(-89.57,-12.46076951545));
#1606 = CARTESIAN_POINT('',(-88.67,-12.98038475772));
#1607 = CARTESIAN_POINT('',(-87.77,-13.5));
#1608 = CARTESIAN_POINT('',(-88.67,-14.01961524227));
#1609 = CARTESIAN_POINT('',(-89.57,-14.53923048454));
#1610 = CARTESIAN_POINT('',(-89.57,-13.5));
#1611 = ( GEOMETRIC_REPRESENTATION_CONTEXT(2) 
PARAMETRIC_REPRESENTATION_CONTEXT() REPRESENTATION_CONTEXT('2D SPACE',''
  ) );
#1612 = PCURVE('',#1613,#1618);
#1613 = CYLINDRICAL_SURFACE('',#1614,0.6);
#1614 = AXIS2_PLACEMENT_3D('',#1615,#1616,#1617);
#1615 = CARTESIAN_POINT('',(286.47,-193.5,-1.E-02));
#1616 = DIRECTION('',(0.,0.,1.));
#1617 = DIRECTION('',(1.,0.,-0.));
#1618 = DEFINITIONAL_REPRESENTATION('',(#1619),#1623);
#1619 = LINE('',#1620,#1621);
#1620 = CARTESIAN_POINT('',(0.,1.E-02));
#1621 = VECTOR('',#1622,1.);
#1622 = DIRECTION('',(1.,0.));
#1623 = ( GEOMETRIC_REPRESENTATION_CONTEXT(2) 
PARAMETRIC_REPRESENTATION_CONTEXT() REPRESENTATION_CONTEXT('2D SPACE',''
  ) );
#1624 = FACE_BOUND('',#1625,.T.);
#1625 = EDGE_LOOP('',(#1626));
#1626 = ORIENTED_EDGE('',*,*,#1627,.T.);
#1627 = EDGE_CURVE('',#1628,#1628,#1630,.T.);
#1628 = VERTEX_POINT('',#1629);
#1629 = CARTESIAN_POINT('',(287.07,-185.,0.));
#1630 = SURFACE_CURVE('',#1631,(#1636,#1647),.PCURVE_S1.);
#1631 = CIRCLE('',#1632,0.6);
#1632 = AXIS2_PLACEMENT_3D('',#1633,#1634,#1635);
#1633 = CARTESIAN_POINT('',(286.47,-185.,0.));
#1634 = DIRECTION('',(0.,0.,1.));
#1635 = DIRECTION('',(1.,0.,-0.));
#1636 = PCURVE('',#144,#1637);
#1637 = DEFINITIONAL_REPRESENTATION('',(#1638),#1646);
#1638 = ( BOUNDED_CURVE() B_SPLINE_CURVE(2,(#1639,#1640,#1641,#1642,
#1643,#1644,#1645),.UNSPECIFIED.,.T.,.F.) B_SPLINE_CURVE_WITH_KNOTS((1,2
    ,2,2,2,1),(-2.094395102393,0.,2.094395102393,4.188790204786,
6.28318530718,8.377580409573),.UNSPECIFIED.) CURVE() 
GEOMETRIC_REPRESENTATION_ITEM() RATIONAL_B_SPLINE_CURVE((1.,0.5,1.,0.5,
1.,0.5,1.)) REPRESENTATION_ITEM('') );
#1639 = CARTESIAN_POINT('',(-89.57,-5.));
#1640 = CARTESIAN_POINT('',(-89.57,-3.960769515459));
#1641 = CARTESIAN_POINT('',(-88.67,-4.480384757729));
#1642 = CARTESIAN_POINT('',(-87.77,-5.));
#1643 = CARTESIAN_POINT('',(-88.67,-5.519615242271));
#1644 = CARTESIAN_POINT('',(-89.57,-6.039230484541));
#1645 = CARTESIAN_POINT('',(-89.57,-5.));
#1646 = ( GEOMETRIC_REPRESENTATION_CONTEXT(2) 
PARAMETRIC_REPRESENTATION_CONTEXT() REPRESENTATION_CONTEXT('2D SPACE',''
  ) );
#1647 = PCURVE('',#1648,#1653);
#1648 = CYLINDRICAL_SURFACE('',#1649,0.6);
#1649 = AXIS2_PLACEMENT_3D('',#1650,#1651,#1652);
#1650 = CARTESIAN_POINT('',(286.47,-185.,-1.E-02));
#1651 = DIRECTION('',(0.,0.,1.));
#1652 = DIRECTION('',(1.,0.,-0.));
#1653 = DEFINITIONAL_REPRESENTATION('',(#1654),#1658);
#1654 = LINE('',#1655,#1656);
#1655 = CARTESIAN_POINT('',(0.,1.E-02));
#1656 = VECTOR('',#1657,1.);
#1657 = DIRECTION('',(1.,0.));
#1658 = ( GEOMETRIC_REPRESENTATION_CONTEXT(2) 
PARAMETRIC_REPRESENTATION_CONTEXT() REPRESENTATION_CONTEXT('2D SPACE',''
  ) );
#1659 = FACE_BOUND('',#1660,.T.);
#1660 = EDGE_LOOP('',(#1661));
#1661 = ORIENTED_EDGE('',*,*,#1662,.T.);
#1662 = EDGE_CURVE('',#1663,#1663,#1665,.T.);
#1663 = VERTEX_POINT('',#1664);
#1664 = CARTESIAN_POINT('',(287.07,-181.5,0.));
#1665 = SURFACE_CURVE('',#1666,(#1671,#1682),.PCURVE_S1.);
#1666 = CIRCLE('',#1667,0.6);
#1667 = AXIS2_PLACEMENT_3D('',#1668,#1669,#1670);
#1668 = CARTESIAN_POINT('',(286.47,-181.5,0.));
#1669 = DIRECTION('',(0.,0.,1.));
#1670 = DIRECTION('',(1.,0.,-0.));
#1671 = PCURVE('',#144,#1672);
#1672 = DEFINITIONAL_REPRESENTATION('',(#1673),#1681);
#1673 = ( BOUNDED_CURVE() B_SPLINE_CURVE(2,(#1674,#1675,#1676,#1677,
#1678,#1679,#1680),.UNSPECIFIED.,.T.,.F.) B_SPLINE_CURVE_WITH_KNOTS((1,2
    ,2,2,2,1),(-2.094395102393,0.,2.094395102393,4.188790204786,
6.28318530718,8.377580409573),.UNSPECIFIED.) CURVE() 
GEOMETRIC_REPRESENTATION_ITEM() RATIONAL_B_SPLINE_CURVE((1.,0.5,1.,0.5,
1.,0.5,1.)) REPRESENTATION_ITEM('') );
#1674 = CARTESIAN_POINT('',(-89.57,-1.5));
#1675 = CARTESIAN_POINT('',(-89.57,-0.460769515459));
#1676 = CARTESIAN_POINT('',(-88.67,-0.980384757729));
#1677 = CARTESIAN_POINT('',(-87.77,-1.5));
#1678 = CARTESIAN_POINT('',(-88.67,-2.019615242271));
#1679 = CARTESIAN_POINT('',(-89.57,-2.539230484541));
#1680 = CARTESIAN_POINT('',(-89.57,-1.5));
#1681 = ( GEOMETRIC_REPRESENTATION_CONTEXT(2) 
PARAMETRIC_REPRESENTATION_CONTEXT() REPRESENTATION_CONTEXT('2D SPACE',''
  ) );
#1682 = PCURVE('',#1683,#1688);
#1683 = CYLINDRICAL_SURFACE('',#1684,0.6);
#1684 = AXIS2_PLACEMENT_3D('',#1685,#1686,#1687);
#1685 = CARTESIAN_POINT('',(286.47,-181.5,-1.E-02));
#1686 = DIRECTION('',(0.,0.,1.));
#1687 = DIRECTION('',(1.,0.,-0.));
#1688 = DEFINITIONAL_REPRESENTATION('',(#1689),#1693);
#1689 = LINE('',#1690,#1691);
#1690 = CARTESIAN_POINT('',(0.,1.E-02));
#1691 = VECTOR('',#1692,1.);
#1692 = DIRECTION('',(1.,0.));
#1693 = ( GEOMETRIC_REPRESENTATION_CONTEXT(2) 
PARAMETRIC_REPRESENTATION_CONTEXT() REPRESENTATION_CONTEXT('2D SPACE',''
  ) );
#1694 = FACE_BOUND('',#1695,.T.);
#1695 = EDGE_LOOP('',(#1696));
#1696 = ORIENTED_EDGE('',*,*,#1697,.T.);
#1697 = EDGE_CURVE('',#1698,#1698,#1700,.T.);
#1698 = VERTEX_POINT('',#1699);
#1699 = CARTESIAN_POINT('',(195.1,-251.47,0.));
#1700 = SURFACE_CURVE('',#1701,(#1706,#1717),.PCURVE_S1.);
#1701 = CIRCLE('',#1702,0.6);
#1702 = AXIS2_PLACEMENT_3D('',#1703,#1704,#1705);
#1703 = CARTESIAN_POINT('',(194.5,-251.47,0.));
#1704 = DIRECTION('',(0.,0.,1.));
#1705 = DIRECTION('',(1.,0.,-0.));
#1706 = PCURVE('',#144,#1707);
#1707 = DEFINITIONAL_REPRESENTATION('',(#1708),#1716);
#1708 = ( BOUNDED_CURVE() B_SPLINE_CURVE(2,(#1709,#1710,#1711,#1712,
#1713,#1714,#1715),.UNSPECIFIED.,.T.,.F.) B_SPLINE_CURVE_WITH_KNOTS((1,2
    ,2,2,2,1),(-2.094395102393,0.,2.094395102393,4.188790204786,
6.28318530718,8.377580409573),.UNSPECIFIED.) CURVE() 
GEOMETRIC_REPRESENTATION_ITEM() RATIONAL_B_SPLINE_CURVE((1.,0.5,1.,0.5,
1.,0.5,1.)) REPRESENTATION_ITEM('') );
#1709 = CARTESIAN_POINT('',(2.4,-71.47));
#1710 = CARTESIAN_POINT('',(2.4,-70.43076951545));
#1711 = CARTESIAN_POINT('',(3.3,-70.95038475772));
#1712 = CARTESIAN_POINT('',(4.2,-71.47));
#1713 = CARTESIAN_POINT('',(3.3,-71.98961524227));
#1714 = CARTESIAN_POINT('',(2.4,-72.50923048454));
#1715 = CARTESIAN_POINT('',(2.4,-71.47));
#1716 = ( GEOMETRIC_REPRESENTATION_CONTEXT(2) 
PARAMETRIC_REPRESENTATION_CONTEXT() REPRESENTATION_CONTEXT('2D SPACE',''
  ) );
#1717 = PCURVE('',#1718,#1723);
#1718 = CYLINDRICAL_SURFACE('',#1719,0.6);
#1719 = AXIS2_PLACEMENT_3D('',#1720,#1721,#1722);
#1720 = CARTESIAN_POINT('',(194.5,-251.47,-1.E-02));
#1721 = DIRECTION('',(0.,0.,1.));
#1722 = DIRECTION('',(1.,0.,-0.));
#1723 = DEFINITIONAL_REPRESENTATION('',(#1724),#1728);
#1724 = LINE('',#1725,#1726);
#1725 = CARTESIAN_POINT('',(0.,1.E-02));
#1726 = VECTOR('',#1727,1.);
#1727 = DIRECTION('',(1.,0.));
#1728 = ( GEOMETRIC_REPRESENTATION_CONTEXT(2) 
PARAMETRIC_REPRESENTATION_CONTEXT() REPRESENTATION_CONTEXT('2D SPACE',''
  ) );
#1729 = FACE_BOUND('',#1730,.T.);
#1730 = EDGE_LOOP('',(#1731));
#1731 = ORIENTED_EDGE('',*,*,#1732,.T.);
#1732 = EDGE_CURVE('',#1733,#1733,#1735,.T.);
#1733 = VERTEX_POINT('',#1734);
#1734 = CARTESIAN_POINT('',(191.6,-251.47,0.));
#1735 = SURFACE_CURVE('',#1736,(#1741,#1752),.PCURVE_S1.);
#1736 = CIRCLE('',#1737,0.6);
#1737 = AXIS2_PLACEMENT_3D('',#1738,#1739,#1740);
#1738 = CARTESIAN_POINT('',(191.,-251.47,0.));
#1739 = DIRECTION('',(0.,0.,1.));
#1740 = DIRECTION('',(1.,0.,-0.));
#1741 = PCURVE('',#144,#1742);
#1742 = DEFINITIONAL_REPRESENTATION('',(#1743),#1751);
#1743 = ( BOUNDED_CURVE() B_SPLINE_CURVE(2,(#1744,#1745,#1746,#1747,
#1748,#1749,#1750),.UNSPECIFIED.,.T.,.F.) B_SPLINE_CURVE_WITH_KNOTS((1,2
    ,2,2,2,1),(-2.094395102393,0.,2.094395102393,4.188790204786,
6.28318530718,8.377580409573),.UNSPECIFIED.) CURVE() 
GEOMETRIC_REPRESENTATION_ITEM() RATIONAL_B_SPLINE_CURVE((1.,0.5,1.,0.5,
1.,0.5,1.)) REPRESENTATION_ITEM('') );
#1744 = CARTESIAN_POINT('',(5.9,-71.47));
#1745 = CARTESIAN_POINT('',(5.9,-70.43076951545));
#1746 = CARTESIAN_POINT('',(6.8,-70.95038475772));
#1747 = CARTESIAN_POINT('',(7.7,-71.47));
#1748 = CARTESIAN_POINT('',(6.8,-71.98961524227));
#1749 = CARTESIAN_POINT('',(5.9,-72.50923048454));
#1750 = CARTESIAN_POINT('',(5.9,-71.47));
#1751 = ( GEOMETRIC_REPRESENTATION_CONTEXT(2) 
PARAMETRIC_REPRESENTATION_CONTEXT() REPRESENTATION_CONTEXT('2D SPACE',''
  ) );
#1752 = PCURVE('',#1753,#1758);
#1753 = CYLINDRICAL_SURFACE('',#1754,0.6);
#1754 = AXIS2_PLACEMENT_3D('',#1755,#1756,#1757);
#1755 = CARTESIAN_POINT('',(191.,-251.47,-1.E-02));
#1756 = DIRECTION('',(0.,0.,1.));
#1757 = DIRECTION('',(1.,0.,-0.));
#1758 = DEFINITIONAL_REPRESENTATION('',(#1759),#1763);
#1759 = LINE('',#1760,#1761);
#1760 = CARTESIAN_POINT('',(0.,1.E-02));
#1761 = VECTOR('',#1762,1.);
#1762 = DIRECTION('',(1.,0.));
#1763 = ( GEOMETRIC_REPRESENTATION_CONTEXT(2) 
PARAMETRIC_REPRESENTATION_CONTEXT() REPRESENTATION_CONTEXT('2D SPACE',''
  ) );
#1764 = FACE_BOUND('',#1765,.T.);
#1765 = EDGE_LOOP('',(#1766));
#1766 = ORIENTED_EDGE('',*,*,#1767,.T.);
#1767 = EDGE_CURVE('',#1768,#1768,#1770,.T.);
#1768 = VERTEX_POINT('',#1769);
#1769 = CARTESIAN_POINT('',(188.1,-251.47,0.));
#1770 = SURFACE_CURVE('',#1771,(#1776,#1787),.PCURVE_S1.);
#1771 = CIRCLE('',#1772,0.6);
#1772 = AXIS2_PLACEMENT_3D('',#1773,#1774,#1775);
#1773 = CARTESIAN_POINT('',(187.5,-251.47,0.));
#1774 = DIRECTION('',(0.,0.,1.));
#1775 = DIRECTION('',(1.,0.,-0.));
#1776 = PCURVE('',#144,#1777);
#1777 = DEFINITIONAL_REPRESENTATION('',(#1778),#1786);
#1778 = ( BOUNDED_CURVE() B_SPLINE_CURVE(2,(#1779,#1780,#1781,#1782,
#1783,#1784,#1785),.UNSPECIFIED.,.T.,.F.) B_SPLINE_CURVE_WITH_KNOTS((1,2
    ,2,2,2,1),(-2.094395102393,0.,2.094395102393,4.188790204786,
6.28318530718,8.377580409573),.UNSPECIFIED.) CURVE() 
GEOMETRIC_REPRESENTATION_ITEM() RATIONAL_B_SPLINE_CURVE((1.,0.5,1.,0.5,
1.,0.5,1.)) REPRESENTATION_ITEM('') );
#1779 = CARTESIAN_POINT('',(9.4,-71.47));
#1780 = CARTESIAN_POINT('',(9.4,-70.43076951545));
#1781 = CARTESIAN_POINT('',(10.3,-70.95038475772));
#1782 = CARTESIAN_POINT('',(11.2,-71.47));
#1783 = CARTESIAN_POINT('',(10.3,-71.98961524227));
#1784 = CARTESIAN_POINT('',(9.4,-72.50923048454));
#1785 = CARTESIAN_POINT('',(9.4,-71.47));
#1786 = ( GEOMETRIC_REPRESENTATION_CONTEXT(2) 
PARAMETRIC_REPRESENTATION_CONTEXT() REPRESENTATION_CONTEXT('2D SPACE',''
  ) );
#1787 = PCURVE('',#1788,#1793);
#1788 = CYLINDRICAL_SURFACE('',#1789,0.6);
#1789 = AXIS2_PLACEMENT_3D('',#1790,#1791,#1792);
#1790 = CARTESIAN_POINT('',(187.5,-251.47,-1.E-02));
#1791 = DIRECTION('',(0.,0.,1.));
#1792 = DIRECTION('',(1.,0.,-0.));
#1793 = DEFINITIONAL_REPRESENTATION('',(#1794),#1798);
#1794 = LINE('',#1795,#1796);
#1795 = CARTESIAN_POINT('',(0.,1.E-02));
#1796 = VECTOR('',#1797,1.);
#1797 = DIRECTION('',(1.,0.));
#1798 = ( GEOMETRIC_REPRESENTATION_CONTEXT(2) 
PARAMETRIC_REPRESENTATION_CONTEXT() REPRESENTATION_CONTEXT('2D SPACE',''
  ) );
#1799 = FACE_BOUND('',#1800,.T.);
#1800 = EDGE_LOOP('',(#1801));
#1801 = ORIENTED_EDGE('',*,*,#1802,.T.);
#1802 = EDGE_CURVE('',#1803,#1803,#1805,.T.);
#1803 = VERTEX_POINT('',#1804);
#1804 = CARTESIAN_POINT('',(184.6,-251.47,0.));
#1805 = SURFACE_CURVE('',#1806,(#1811,#1822),.PCURVE_S1.);
#1806 = CIRCLE('',#1807,0.6);
#1807 = AXIS2_PLACEMENT_3D('',#1808,#1809,#1810);
#1808 = CARTESIAN_POINT('',(184.,-251.47,0.));
#1809 = DIRECTION('',(0.,0.,1.));
#1810 = DIRECTION('',(1.,0.,-0.));
#1811 = PCURVE('',#144,#1812);
#1812 = DEFINITIONAL_REPRESENTATION('',(#1813),#1821);
#1813 = ( BOUNDED_CURVE() B_SPLINE_CURVE(2,(#1814,#1815,#1816,#1817,
#1818,#1819,#1820),.UNSPECIFIED.,.T.,.F.) B_SPLINE_CURVE_WITH_KNOTS((1,2
    ,2,2,2,1),(-2.094395102393,0.,2.094395102393,4.188790204786,
6.28318530718,8.377580409573),.UNSPECIFIED.) CURVE() 
GEOMETRIC_REPRESENTATION_ITEM() RATIONAL_B_SPLINE_CURVE((1.,0.5,1.,0.5,
1.,0.5,1.)) REPRESENTATION_ITEM('') );
#1814 = CARTESIAN_POINT('',(12.9,-71.47));
#1815 = CARTESIAN_POINT('',(12.9,-70.43076951545));
#1816 = CARTESIAN_POINT('',(13.8,-70.95038475772));
#1817 = CARTESIAN_POINT('',(14.7,-71.47));
#1818 = CARTESIAN_POINT('',(13.8,-71.98961524227));
#1819 = CARTESIAN_POINT('',(12.9,-72.50923048454));
#1820 = CARTESIAN_POINT('',(12.9,-71.47));
#1821 = ( GEOMETRIC_REPRESENTATION_CONTEXT(2) 
PARAMETRIC_REPRESENTATION_CONTEXT() REPRESENTATION_CONTEXT('2D SPACE',''
  ) );
#1822 = PCURVE('',#1823,#1828);
#1823 = CYLINDRICAL_SURFACE('',#1824,0.6);
#1824 = AXIS2_PLACEMENT_3D('',#1825,#1826,#1827);
#1825 = CARTESIAN_POINT('',(184.,-251.47,-1.E-02));
#1826 = DIRECTION('',(0.,0.,1.));
#1827 = DIRECTION('',(1.,0.,-0.));
#1828 = DEFINITIONAL_REPRESENTATION('',(#1829),#1833);
#1829 = LINE('',#1830,#1831);
#1830 = CARTESIAN_POINT('',(0.,1.E-02));
#1831 = VECTOR('',#1832,1.);
#1832 = DIRECTION('',(1.,0.));
#1833 = ( GEOMETRIC_REPRESENTATION_CONTEXT(2) 
PARAMETRIC_REPRESENTATION_CONTEXT() REPRESENTATION_CONTEXT('2D SPACE',''
  ) );
#1834 = FACE_BOUND('',#1835,.T.);
#1835 = EDGE_LOOP('',(#1836));
#1836 = ORIENTED_EDGE('',*,*,#1837,.T.);
#1837 = EDGE_CURVE('',#1838,#1838,#1840,.T.);
#1838 = VERTEX_POINT('',#1839);
#1839 = CARTESIAN_POINT('',(176.1,-251.47,0.));
#1840 = SURFACE_CURVE('',#1841,(#1846,#1857),.PCURVE_S1.);
#1841 = CIRCLE('',#1842,0.6);
#1842 = AXIS2_PLACEMENT_3D('',#1843,#1844,#1845);
#1843 = CARTESIAN_POINT('',(175.5,-251.47,0.));
#1844 = DIRECTION('',(0.,0.,1.));
#1845 = DIRECTION('',(1.,0.,-0.));
#1846 = PCURVE('',#144,#1847);
#1847 = DEFINITIONAL_REPRESENTATION('',(#1848),#1856);
#1848 = ( BOUNDED_CURVE() B_SPLINE_CURVE(2,(#1849,#1850,#1851,#1852,
#1853,#1854,#1855),.UNSPECIFIED.,.T.,.F.) B_SPLINE_CURVE_WITH_KNOTS((1,2
    ,2,2,2,1),(-2.094395102393,0.,2.094395102393,4.188790204786,
6.28318530718,8.377580409573),.UNSPECIFIED.) CURVE() 
GEOMETRIC_REPRESENTATION_ITEM() RATIONAL_B_SPLINE_CURVE((1.,0.5,1.,0.5,
1.,0.5,1.)) REPRESENTATION_ITEM('') );
#1849 = CARTESIAN_POINT('',(21.4,-71.47));
#1850 = CARTESIAN_POINT('',(21.4,-70.43076951545));
#1851 = CARTESIAN_POINT('',(22.3,-70.95038475772));
#1852 = CARTESIAN_POINT('',(23.2,-71.47));
#1853 = CARTESIAN_POINT('',(22.3,-71.98961524227));
#1854 = CARTESIAN_POINT('',(21.4,-72.50923048454));
#1855 = CARTESIAN_POINT('',(21.4,-71.47));
#1856 = ( GEOMETRIC_REPRESENTATION_CONTEXT(2) 
PARAMETRIC_REPRESENTATION_CONTEXT() REPRESENTATION_CONTEXT('2D SPACE',''
  ) );
#1857 = PCURVE('',#1858,#1863);
#1858 = CYLINDRICAL_SURFACE('',#1859,0.6);
#1859 = AXIS2_PLACEMENT_3D('',#1860,#1861,#1862);
#1860 = CARTESIAN_POINT('',(175.5,-251.47,-1.E-02));
#1861 = DIRECTION('',(0.,0.,1.));
#1862 = DIRECTION('',(1.,0.,-0.));
#1863 = DEFINITIONAL_REPRESENTATION('',(#1864),#1868);
#1864 = LINE('',#1865,#1866);
#1865 = CARTESIAN_POINT('',(0.,1.E-02));
#1866 = VECTOR('',#1867,1.);
#1867 = DIRECTION('',(1.,0.));
#1868 = ( GEOMETRIC_REPRESENTATION_CONTEXT(2) 
PARAMETRIC_REPRESENTATION_CONTEXT() REPRESENTATION_CONTEXT('2D SPACE',''
  ) );
#1869 = FACE_BOUND('',#1870,.T.);
#1870 = EDGE_LOOP('',(#1871));
#1871 = ORIENTED_EDGE('',*,*,#1872,.T.);
#1872 = EDGE_CURVE('',#1873,#1873,#1875,.T.);
#1873 = VERTEX_POINT('',#1874);
#1874 = CARTESIAN_POINT('',(172.6,-251.47,0.));
#1875 = SURFACE_CURVE('',#1876,(#1881,#1892),.PCURVE_S1.);
#1876 = CIRCLE('',#1877,0.6);
#1877 = AXIS2_PLACEMENT_3D('',#1878,#1879,#1880);
#1878 = CARTESIAN_POINT('',(172.,-251.47,0.));
#1879 = DIRECTION('',(0.,0.,1.));
#1880 = DIRECTION('',(1.,0.,-0.));
#1881 = PCURVE('',#144,#1882);
#1882 = DEFINITIONAL_REPRESENTATION('',(#1883),#1891);
#1883 = ( BOUNDED_CURVE() B_SPLINE_CURVE(2,(#1884,#1885,#1886,#1887,
#1888,#1889,#1890),.UNSPECIFIED.,.T.,.F.) B_SPLINE_CURVE_WITH_KNOTS((1,2
    ,2,2,2,1),(-2.094395102393,0.,2.094395102393,4.188790204786,
6.28318530718,8.377580409573),.UNSPECIFIED.) CURVE() 
GEOMETRIC_REPRESENTATION_ITEM() RATIONAL_B_SPLINE_CURVE((1.,0.5,1.,0.5,
1.,0.5,1.)) REPRESENTATION_ITEM('') );
#1884 = CARTESIAN_POINT('',(24.9,-71.47));
#1885 = CARTESIAN_POINT('',(24.9,-70.43076951545));
#1886 = CARTESIAN_POINT('',(25.8,-70.95038475772));
#1887 = CARTESIAN_POINT('',(26.7,-71.47));
#1888 = CARTESIAN_POINT('',(25.8,-71.98961524227));
#1889 = CARTESIAN_POINT('',(24.9,-72.50923048454));
#1890 = CARTESIAN_POINT('',(24.9,-71.47));
#1891 = ( GEOMETRIC_REPRESENTATION_CONTEXT(2) 
PARAMETRIC_REPRESENTATION_CONTEXT() REPRESENTATION_CONTEXT('2D SPACE',''
  ) );
#1892 = PCURVE('',#1893,#1898);
#1893 = CYLINDRICAL_SURFACE('',#1894,0.6);
#1894 = AXIS2_PLACEMENT_3D('',#1895,#1896,#1897);
#1895 = CARTESIAN_POINT('',(172.,-251.47,-1.E-02));
#1896 = DIRECTION('',(0.,0.,1.));
#1897 = DIRECTION('',(1.,0.,-0.));
#1898 = DEFINITIONAL_REPRESENTATION('',(#1899),#1903);
#1899 = LINE('',#1900,#1901);
#1900 = CARTESIAN_POINT('',(0.,1.E-02));
#1901 = VECTOR('',#1902,1.);
#1902 = DIRECTION('',(1.,0.));
#1903 = ( GEOMETRIC_REPRESENTATION_CONTEXT(2) 
PARAMETRIC_REPRESENTATION_CONTEXT() REPRESENTATION_CONTEXT('2D SPACE',''
  ) );
#1904 = FACE_BOUND('',#1905,.T.);
#1905 = EDGE_LOOP('',(#1906));
#1906 = ORIENTED_EDGE('',*,*,#1907,.T.);
#1907 = EDGE_CURVE('',#1908,#1908,#1910,.T.);
#1908 = VERTEX_POINT('',#1909);
#1909 = CARTESIAN_POINT('',(169.1,-251.47,0.));
#1910 = SURFACE_CURVE('',#1911,(#1916,#1927),.PCURVE_S1.);
#1911 = CIRCLE('',#1912,0.6);
#1912 = AXIS2_PLACEMENT_3D('',#1913,#1914,#1915);
#1913 = CARTESIAN_POINT('',(168.5,-251.47,0.));
#1914 = DIRECTION('',(0.,0.,1.));
#1915 = DIRECTION('',(1.,0.,-0.));
#1916 = PCURVE('',#144,#1917);
#1917 = DEFINITIONAL_REPRESENTATION('',(#1918),#1926);
#1918 = ( BOUNDED_CURVE() B_SPLINE_CURVE(2,(#1919,#1920,#1921,#1922,
#1923,#1924,#1925),.UNSPECIFIED.,.T.,.F.) B_SPLINE_CURVE_WITH_KNOTS((1,2
    ,2,2,2,1),(-2.094395102393,0.,2.094395102393,4.188790204786,
6.28318530718,8.377580409573),.UNSPECIFIED.) CURVE() 
GEOMETRIC_REPRESENTATION_ITEM() RATIONAL_B_SPLINE_CURVE((1.,0.5,1.,0.5,
1.,0.5,1.)) REPRESENTATION_ITEM('') );
#1919 = CARTESIAN_POINT('',(28.4,-71.47));
#1920 = CARTESIAN_POINT('',(28.4,-70.43076951545));
#1921 = CARTESIAN_POINT('',(29.3,-70.95038475772));
#1922 = CARTESIAN_POINT('',(30.2,-71.47));
#1923 = CARTESIAN_POINT('',(29.3,-71.98961524227));
#1924 = CARTESIAN_POINT('',(28.4,-72.50923048454));
#1925 = CARTESIAN_POINT('',(28.4,-71.47));
#1926 = ( GEOMETRIC_REPRESENTATION_CONTEXT(2) 
PARAMETRIC_REPRESENTATION_CONTEXT() REPRESENTATION_CONTEXT('2D SPACE',''
  ) );
#1927 = PCURVE('',#1928,#1933);
#1928 = CYLINDRICAL_SURFACE('',#1929,0.6);
#1929 = AXIS2_PLACEMENT_3D('',#1930,#1931,#1932);
#1930 = CARTESIAN_POINT('',(168.5,-251.47,-1.E-02));
#1931 = DIRECTION('',(0.,0.,1.));
#1932 = DIRECTION('',(1.,0.,-0.));
#1933 = DEFINITIONAL_REPRESENTATION('',(#1934),#1938);
#1934 = LINE('',#1935,#1936);
#1935 = CARTESIAN_POINT('',(0.,1.E-02));
#1936 = VECTOR('',#1937,1.);
#1937 = DIRECTION('',(1.,0.));
#1938 = ( GEOMETRIC_REPRESENTATION_CONTEXT(2) 
PARAMETRIC_REPRESENTATION_CONTEXT() REPRESENTATION_CONTEXT('2D SPACE',''
  ) );
#1939 = FACE_BOUND('',#1940,.T.);
#1940 = EDGE_LOOP('',(#1941));
#1941 = ORIENTED_EDGE('',*,*,#1942,.T.);
#1942 = EDGE_CURVE('',#1943,#1943,#1945,.T.);
#1943 = VERTEX_POINT('',#1944);
#1944 = CARTESIAN_POINT('',(165.6,-251.47,0.));
#1945 = SURFACE_CURVE('',#1946,(#1951,#1962),.PCURVE_S1.);
#1946 = CIRCLE('',#1947,0.6);
#1947 = AXIS2_PLACEMENT_3D('',#1948,#1949,#1950);
#1948 = CARTESIAN_POINT('',(165.,-251.47,0.));
#1949 = DIRECTION('',(0.,0.,1.));
#1950 = DIRECTION('',(1.,0.,-0.));
#1951 = PCURVE('',#144,#1952);
#1952 = DEFINITIONAL_REPRESENTATION('',(#1953),#1961);
#1953 = ( BOUNDED_CURVE() B_SPLINE_CURVE(2,(#1954,#1955,#1956,#1957,
#1958,#1959,#1960),.UNSPECIFIED.,.T.,.F.) B_SPLINE_CURVE_WITH_KNOTS((1,2
    ,2,2,2,1),(-2.094395102393,0.,2.094395102393,4.188790204786,
6.28318530718,8.377580409573),.UNSPECIFIED.) CURVE() 
GEOMETRIC_REPRESENTATION_ITEM() RATIONAL_B_SPLINE_CURVE((1.,0.5,1.,0.5,
1.,0.5,1.)) REPRESENTATION_ITEM('') );
#1954 = CARTESIAN_POINT('',(31.9,-71.47));
#1955 = CARTESIAN_POINT('',(31.9,-70.43076951545));
#1956 = CARTESIAN_POINT('',(32.8,-70.95038475772));
#1957 = CARTESIAN_POINT('',(33.7,-71.47));
#1958 = CARTESIAN_POINT('',(32.8,-71.98961524227));
#1959 = CARTESIAN_POINT('',(31.9,-72.50923048454));
#1960 = CARTESIAN_POINT('',(31.9,-71.47));
#1961 = ( GEOMETRIC_REPRESENTATION_CONTEXT(2) 
PARAMETRIC_REPRESENTATION_CONTEXT() REPRESENTATION_CONTEXT('2D SPACE',''
  ) );
#1962 = PCURVE('',#1963,#1968);
#1963 = CYLINDRICAL_SURFACE('',#1964,0.6);
#1964 = AXIS2_PLACEMENT_3D('',#1965,#1966,#1967);
#1965 = CARTESIAN_POINT('',(165.,-251.47,-1.E-02));
#1966 = DIRECTION('',(0.,0.,1.));
#1967 = DIRECTION('',(1.,0.,-0.));
#1968 = DEFINITIONAL_REPRESENTATION('',(#1969),#1973);
#1969 = LINE('',#1970,#1971);
#1970 = CARTESIAN_POINT('',(0.,1.E-02));
#1971 = VECTOR('',#1972,1.);
#1972 = DIRECTION('',(1.,0.));
#1973 = ( GEOMETRIC_REPRESENTATION_CONTEXT(2) 
PARAMETRIC_REPRESENTATION_CONTEXT() REPRESENTATION_CONTEXT('2D SPACE',''
  ) );
#1974 = FACE_BOUND('',#1975,.T.);
#1975 = EDGE_LOOP('',(#1976));
#1976 = ORIENTED_EDGE('',*,*,#1977,.T.);
#1977 = EDGE_CURVE('',#1978,#1978,#1980,.T.);
#1978 = VERTEX_POINT('',#1979);
#1979 = CARTESIAN_POINT('',(158.1,-251.47,0.));
#1980 = SURFACE_CURVE('',#1981,(#1986,#1997),.PCURVE_S1.);
#1981 = CIRCLE('',#1982,0.6);
#1982 = AXIS2_PLACEMENT_3D('',#1983,#1984,#1985);
#1983 = CARTESIAN_POINT('',(157.5,-251.47,0.));
#1984 = DIRECTION('',(0.,0.,1.));
#1985 = DIRECTION('',(1.,0.,-0.));
#1986 = PCURVE('',#144,#1987);
#1987 = DEFINITIONAL_REPRESENTATION('',(#1988),#1996);
#1988 = ( BOUNDED_CURVE() B_SPLINE_CURVE(2,(#1989,#1990,#1991,#1992,
#1993,#1994,#1995),.UNSPECIFIED.,.T.,.F.) B_SPLINE_CURVE_WITH_KNOTS((1,2
    ,2,2,2,1),(-2.094395102393,0.,2.094395102393,4.188790204786,
6.28318530718,8.377580409573),.UNSPECIFIED.) CURVE() 
GEOMETRIC_REPRESENTATION_ITEM() RATIONAL_B_SPLINE_CURVE((1.,0.5,1.,0.5,
1.,0.5,1.)) REPRESENTATION_ITEM('') );
#1989 = CARTESIAN_POINT('',(39.4,-71.47));
#1990 = CARTESIAN_POINT('',(39.4,-70.43076951545));
#1991 = CARTESIAN_POINT('',(40.3,-70.95038475772));
#1992 = CARTESIAN_POINT('',(41.2,-71.47));
#1993 = CARTESIAN_POINT('',(40.3,-71.98961524227));
#1994 = CARTESIAN_POINT('',(39.4,-72.50923048454));
#1995 = CARTESIAN_POINT('',(39.4,-71.47));
#1996 = ( GEOMETRIC_REPRESENTATION_CONTEXT(2) 
PARAMETRIC_REPRESENTATION_CONTEXT() REPRESENTATION_CONTEXT('2D SPACE',''
  ) );
#1997 = PCURVE('',#1998,#2003);
#1998 = CYLINDRICAL_SURFACE('',#1999,0.6);
#1999 = AXIS2_PLACEMENT_3D('',#2000,#2001,#2002);
#2000 = CARTESIAN_POINT('',(157.5,-251.47,-1.E-02));
#2001 = DIRECTION('',(0.,0.,1.));
#2002 = DIRECTION('',(1.,0.,-0.));
#2003 = DEFINITIONAL_REPRESENTATION('',(#2004),#2008);
#2004 = LINE('',#2005,#2006);
#2005 = CARTESIAN_POINT('',(0.,1.E-02));
#2006 = VECTOR('',#2007,1.);
#2007 = DIRECTION('',(1.,0.));
#2008 = ( GEOMETRIC_REPRESENTATION_CONTEXT(2) 
PARAMETRIC_REPRESENTATION_CONTEXT() REPRESENTATION_CONTEXT('2D SPACE',''
  ) );
#2009 = FACE_BOUND('',#2010,.T.);
#2010 = EDGE_LOOP('',(#2011));
#2011 = ORIENTED_EDGE('',*,*,#2012,.T.);
#2012 = EDGE_CURVE('',#2013,#2013,#2015,.T.);
#2013 = VERTEX_POINT('',#2014);
#2014 = CARTESIAN_POINT('',(154.6,-251.47,0.));
#2015 = SURFACE_CURVE('',#2016,(#2021,#2032),.PCURVE_S1.);
#2016 = CIRCLE('',#2017,0.6);
#2017 = AXIS2_PLACEMENT_3D('',#2018,#2019,#2020);
#2018 = CARTESIAN_POINT('',(154.,-251.47,0.));
#2019 = DIRECTION('',(0.,0.,1.));
#2020 = DIRECTION('',(1.,0.,-0.));
#2021 = PCURVE('',#144,#2022);
#2022 = DEFINITIONAL_REPRESENTATION('',(#2023),#2031);
#2023 = ( BOUNDED_CURVE() B_SPLINE_CURVE(2,(#2024,#2025,#2026,#2027,
#2028,#2029,#2030),.UNSPECIFIED.,.T.,.F.) B_SPLINE_CURVE_WITH_KNOTS((1,2
    ,2,2,2,1),(-2.094395102393,0.,2.094395102393,4.188790204786,
6.28318530718,8.377580409573),.UNSPECIFIED.) CURVE() 
GEOMETRIC_REPRESENTATION_ITEM() RATIONAL_B_SPLINE_CURVE((1.,0.5,1.,0.5,
1.,0.5,1.)) REPRESENTATION_ITEM('') );
#2024 = CARTESIAN_POINT('',(42.9,-71.47));
#2025 = CARTESIAN_POINT('',(42.9,-70.43076951545));
#2026 = CARTESIAN_POINT('',(43.8,-70.95038475772));
#2027 = CARTESIAN_POINT('',(44.7,-71.47));
#2028 = CARTESIAN_POINT('',(43.8,-71.98961524227));
#2029 = CARTESIAN_POINT('',(42.9,-72.50923048454));
#2030 = CARTESIAN_POINT('',(42.9,-71.47));
#2031 = ( GEOMETRIC_REPRESENTATION_CONTEXT(2) 
PARAMETRIC_REPRESENTATION_CONTEXT() REPRESENTATION_CONTEXT('2D SPACE',''
  ) );
#2032 = PCURVE('',#2033,#2038);
#2033 = CYLINDRICAL_SURFACE('',#2034,0.6);
#2034 = AXIS2_PLACEMENT_3D('',#2035,#2036,#2037);
#2035 = CARTESIAN_POINT('',(154.,-251.47,-1.E-02));
#2036 = DIRECTION('',(0.,0.,1.));
#2037 = DIRECTION('',(1.,0.,-0.));
#2038 = DEFINITIONAL_REPRESENTATION('',(#2039),#2043);
#2039 = LINE('',#2040,#2041);
#2040 = CARTESIAN_POINT('',(0.,1.E-02));
#2041 = VECTOR('',#2042,1.);
#2042 = DIRECTION('',(1.,0.));
#2043 = ( GEOMETRIC_REPRESENTATION_CONTEXT(2) 
PARAMETRIC_REPRESENTATION_CONTEXT() REPRESENTATION_CONTEXT('2D SPACE',''
  ) );
#2044 = FACE_BOUND('',#2045,.T.);
#2045 = EDGE_LOOP('',(#2046));
#2046 = ORIENTED_EDGE('',*,*,#2047,.T.);
#2047 = EDGE_CURVE('',#2048,#2048,#2050,.T.);
#2048 = VERTEX_POINT('',#2049);
#2049 = CARTESIAN_POINT('',(151.1,-251.47,0.));
#2050 = SURFACE_CURVE('',#2051,(#2056,#2067),.PCURVE_S1.);
#2051 = CIRCLE('',#2052,0.6);
#2052 = AXIS2_PLACEMENT_3D('',#2053,#2054,#2055);
#2053 = CARTESIAN_POINT('',(150.5,-251.47,0.));
#2054 = DIRECTION('',(0.,0.,1.));
#2055 = DIRECTION('',(1.,0.,-0.));
#2056 = PCURVE('',#144,#2057);
#2057 = DEFINITIONAL_REPRESENTATION('',(#2058),#2066);
#2058 = ( BOUNDED_CURVE() B_SPLINE_CURVE(2,(#2059,#2060,#2061,#2062,
#2063,#2064,#2065),.UNSPECIFIED.,.T.,.F.) B_SPLINE_CURVE_WITH_KNOTS((1,2
    ,2,2,2,1),(-2.094395102393,0.,2.094395102393,4.188790204786,
6.28318530718,8.377580409573),.UNSPECIFIED.) CURVE() 
GEOMETRIC_REPRESENTATION_ITEM() RATIONAL_B_SPLINE_CURVE((1.,0.5,1.,0.5,
1.,0.5,1.)) REPRESENTATION_ITEM('') );
#2059 = CARTESIAN_POINT('',(46.4,-71.47));
#2060 = CARTESIAN_POINT('',(46.4,-70.43076951545));
#2061 = CARTESIAN_POINT('',(47.3,-70.95038475772));
#2062 = CARTESIAN_POINT('',(48.2,-71.47));
#2063 = CARTESIAN_POINT('',(47.3,-71.98961524227));
#2064 = CARTESIAN_POINT('',(46.4,-72.50923048454));
#2065 = CARTESIAN_POINT('',(46.4,-71.47));
#2066 = ( GEOMETRIC_REPRESENTATION_CONTEXT(2) 
PARAMETRIC_REPRESENTATION_CONTEXT() REPRESENTATION_CONTEXT('2D SPACE',''
  ) );
#2067 = PCURVE('',#2068,#2073);
#2068 = CYLINDRICAL_SURFACE('',#2069,0.6);
#2069 = AXIS2_PLACEMENT_3D('',#2070,#2071,#2072);
#2070 = CARTESIAN_POINT('',(150.5,-251.47,-1.E-02));
#2071 = DIRECTION('',(0.,0.,1.));
#2072 = DIRECTION('',(1.,0.,-0.));
#2073 = DEFINITIONAL_REPRESENTATION('',(#2074),#2078);
#2074 = LINE('',#2075,#2076);
#2075 = CARTESIAN_POINT('',(0.,1.E-02));
#2076 = VECTOR('',#2077,1.);
#2077 = DIRECTION('',(1.,0.));
#2078 = ( GEOMETRIC_REPRESENTATION_CONTEXT(2) 
PARAMETRIC_REPRESENTATION_CONTEXT() REPRESENTATION_CONTEXT('2D SPACE',''
  ) );
#2079 = FACE_BOUND('',#2080,.T.);
#2080 = EDGE_LOOP('',(#2081));
#2081 = ORIENTED_EDGE('',*,*,#2082,.T.);
#2082 = EDGE_CURVE('',#2083,#2083,#2085,.T.);
#2083 = VERTEX_POINT('',#2084);
#2084 = CARTESIAN_POINT('',(147.6,-251.47,0.));
#2085 = SURFACE_CURVE('',#2086,(#2091,#2102),.PCURVE_S1.);
#2086 = CIRCLE('',#2087,0.6);
#2087 = AXIS2_PLACEMENT_3D('',#2088,#2089,#2090);
#2088 = CARTESIAN_POINT('',(147.,-251.47,0.));
#2089 = DIRECTION('',(0.,0.,1.));
#2090 = DIRECTION('',(1.,0.,-0.));
#2091 = PCURVE('',#144,#2092);
#2092 = DEFINITIONAL_REPRESENTATION('',(#2093),#2101);
#2093 = ( BOUNDED_CURVE() B_SPLINE_CURVE(2,(#2094,#2095,#2096,#2097,
#2098,#2099,#2100),.UNSPECIFIED.,.T.,.F.) B_SPLINE_CURVE_WITH_KNOTS((1,2
    ,2,2,2,1),(-2.094395102393,0.,2.094395102393,4.188790204786,
6.28318530718,8.377580409573),.UNSPECIFIED.) CURVE() 
GEOMETRIC_REPRESENTATION_ITEM() RATIONAL_B_SPLINE_CURVE((1.,0.5,1.,0.5,
1.,0.5,1.)) REPRESENTATION_ITEM('') );
#2094 = CARTESIAN_POINT('',(49.9,-71.47));
#2095 = CARTESIAN_POINT('',(49.9,-70.43076951545));
#2096 = CARTESIAN_POINT('',(50.8,-70.95038475772));
#2097 = CARTESIAN_POINT('',(51.7,-71.47));
#2098 = CARTESIAN_POINT('',(50.8,-71.98961524227));
#2099 = CARTESIAN_POINT('',(49.9,-72.50923048454));
#2100 = CARTESIAN_POINT('',(49.9,-71.47));
#2101 = ( GEOMETRIC_REPRESENTATION_CONTEXT(2) 
PARAMETRIC_REPRESENTATION_CONTEXT() REPRESENTATION_CONTEXT('2D SPACE',''
  ) );
#2102 = PCURVE('',#2103,#2108);
#2103 = CYLINDRICAL_SURFACE('',#2104,0.6);
#2104 = AXIS2_PLACEMENT_3D('',#2105,#2106,#2107);
#2105 = CARTESIAN_POINT('',(147.,-251.47,-1.E-02));
#2106 = DIRECTION('',(0.,0.,1.));
#2107 = DIRECTION('',(1.,0.,-0.));
#2108 = DEFINITIONAL_REPRESENTATION('',(#2109),#2113);
#2109 = LINE('',#2110,#2111);
#2110 = CARTESIAN_POINT('',(0.,1.E-02));
#2111 = VECTOR('',#2112,1.);
#2112 = DIRECTION('',(1.,0.));
#2113 = ( GEOMETRIC_REPRESENTATION_CONTEXT(2) 
PARAMETRIC_REPRESENTATION_CONTEXT() REPRESENTATION_CONTEXT('2D SPACE',''
  ) );
#2114 = FACE_BOUND('',#2115,.T.);
#2115 = EDGE_LOOP('',(#2116));
#2116 = ORIENTED_EDGE('',*,*,#2117,.T.);
#2117 = EDGE_CURVE('',#2118,#2118,#2120,.T.);
#2118 = VERTEX_POINT('',#2119);
#2119 = CARTESIAN_POINT('',(140.1,-251.47,0.));
#2120 = SURFACE_CURVE('',#2121,(#2126,#2137),.PCURVE_S1.);
#2121 = CIRCLE('',#2122,0.6);
#2122 = AXIS2_PLACEMENT_3D('',#2123,#2124,#2125);
#2123 = CARTESIAN_POINT('',(139.5,-251.47,0.));
#2124 = DIRECTION('',(0.,0.,1.));
#2125 = DIRECTION('',(1.,0.,-0.));
#2126 = PCURVE('',#144,#2127);
#2127 = DEFINITIONAL_REPRESENTATION('',(#2128),#2136);
#2128 = ( BOUNDED_CURVE() B_SPLINE_CURVE(2,(#2129,#2130,#2131,#2132,
#2133,#2134,#2135),.UNSPECIFIED.,.T.,.F.) B_SPLINE_CURVE_WITH_KNOTS((1,2
    ,2,2,2,1),(-2.094395102393,0.,2.094395102393,4.188790204786,
6.28318530718,8.377580409573),.UNSPECIFIED.) CURVE() 
GEOMETRIC_REPRESENTATION_ITEM() RATIONAL_B_SPLINE_CURVE((1.,0.5,1.,0.5,
1.,0.5,1.)) REPRESENTATION_ITEM('') );
#2129 = CARTESIAN_POINT('',(57.4,-71.47));
#2130 = CARTESIAN_POINT('',(57.4,-70.43076951545));
#2131 = CARTESIAN_POINT('',(58.3,-70.95038475772));
#2132 = CARTESIAN_POINT('',(59.2,-71.47));
#2133 = CARTESIAN_POINT('',(58.3,-71.98961524227));
#2134 = CARTESIAN_POINT('',(57.4,-72.50923048454));
#2135 = CARTESIAN_POINT('',(57.4,-71.47));
#2136 = ( GEOMETRIC_REPRESENTATION_CONTEXT(2) 
PARAMETRIC_REPRESENTATION_CONTEXT() REPRESENTATION_CONTEXT('2D SPACE',''
  ) );
#2137 = PCURVE('',#2138,#2143);
#2138 = CYLINDRICAL_SURFACE('',#2139,0.6);
#2139 = AXIS2_PLACEMENT_3D('',#2140,#2141,#2142);
#2140 = CARTESIAN_POINT('',(139.5,-251.47,-1.E-02));
#2141 = DIRECTION('',(0.,0.,1.));
#2142 = DIRECTION('',(1.,0.,-0.));
#2143 = DEFINITIONAL_REPRESENTATION('',(#2144),#2148);
#2144 = LINE('',#2145,#2146);
#2145 = CARTESIAN_POINT('',(0.,1.E-02));
#2146 = VECTOR('',#2147,1.);
#2147 = DIRECTION('',(1.,0.));
#2148 = ( GEOMETRIC_REPRESENTATION_CONTEXT(2) 
PARAMETRIC_REPRESENTATION_CONTEXT() REPRESENTATION_CONTEXT('2D SPACE',''
  ) );
#2149 = FACE_BOUND('',#2150,.T.);
#2150 = EDGE_LOOP('',(#2151));
#2151 = ORIENTED_EDGE('',*,*,#2152,.T.);
#2152 = EDGE_CURVE('',#2153,#2153,#2155,.T.);
#2153 = VERTEX_POINT('',#2154);
#2154 = CARTESIAN_POINT('',(136.6,-251.47,0.));
#2155 = SURFACE_CURVE('',#2156,(#2161,#2172),.PCURVE_S1.);
#2156 = CIRCLE('',#2157,0.6);
#2157 = AXIS2_PLACEMENT_3D('',#2158,#2159,#2160);
#2158 = CARTESIAN_POINT('',(136.,-251.47,0.));
#2159 = DIRECTION('',(0.,0.,1.));
#2160 = DIRECTION('',(1.,0.,-0.));
#2161 = PCURVE('',#144,#2162);
#2162 = DEFINITIONAL_REPRESENTATION('',(#2163),#2171);
#2163 = ( BOUNDED_CURVE() B_SPLINE_CURVE(2,(#2164,#2165,#2166,#2167,
#2168,#2169,#2170),.UNSPECIFIED.,.T.,.F.) B_SPLINE_CURVE_WITH_KNOTS((1,2
    ,2,2,2,1),(-2.094395102393,0.,2.094395102393,4.188790204786,
6.28318530718,8.377580409573),.UNSPECIFIED.) CURVE() 
GEOMETRIC_REPRESENTATION_ITEM() RATIONAL_B_SPLINE_CURVE((1.,0.5,1.,0.5,
1.,0.5,1.)) REPRESENTATION_ITEM('') );
#2164 = CARTESIAN_POINT('',(60.9,-71.47));
#2165 = CARTESIAN_POINT('',(60.9,-70.43076951545));
#2166 = CARTESIAN_POINT('',(61.8,-70.95038475772));
#2167 = CARTESIAN_POINT('',(62.7,-71.47));
#2168 = CARTESIAN_POINT('',(61.8,-71.98961524227));
#2169 = CARTESIAN_POINT('',(60.9,-72.50923048454));
#2170 = CARTESIAN_POINT('',(60.9,-71.47));
#2171 = ( GEOMETRIC_REPRESENTATION_CONTEXT(2) 
PARAMETRIC_REPRESENTATION_CONTEXT() REPRESENTATION_CONTEXT('2D SPACE',''
  ) );
#2172 = PCURVE('',#2173,#2178);
#2173 = CYLINDRICAL_SURFACE('',#2174,0.6);
#2174 = AXIS2_PLACEMENT_3D('',#2175,#2176,#2177);
#2175 = CARTESIAN_POINT('',(136.,-251.47,-1.E-02));
#2176 = DIRECTION('',(0.,0.,1.));
#2177 = DIRECTION('',(1.,0.,-0.));
#2178 = DEFINITIONAL_REPRESENTATION('',(#2179),#2183);
#2179 = LINE('',#2180,#2181);
#2180 = CARTESIAN_POINT('',(0.,1.E-02));
#2181 = VECTOR('',#2182,1.);
#2182 = DIRECTION('',(1.,0.));
#2183 = ( GEOMETRIC_REPRESENTATION_CONTEXT(2) 
PARAMETRIC_REPRESENTATION_CONTEXT() REPRESENTATION_CONTEXT('2D SPACE',''
  ) );
#2184 = FACE_BOUND('',#2185,.T.);
#2185 = EDGE_LOOP('',(#2186));
#2186 = ORIENTED_EDGE('',*,*,#2187,.T.);
#2187 = EDGE_CURVE('',#2188,#2188,#2190,.T.);
#2188 = VERTEX_POINT('',#2189);
#2189 = CARTESIAN_POINT('',(133.1,-251.47,0.));
#2190 = SURFACE_CURVE('',#2191,(#2196,#2207),.PCURVE_S1.);
#2191 = CIRCLE('',#2192,0.6);
#2192 = AXIS2_PLACEMENT_3D('',#2193,#2194,#2195);
#2193 = CARTESIAN_POINT('',(132.5,-251.47,0.));
#2194 = DIRECTION('',(0.,0.,1.));
#2195 = DIRECTION('',(1.,0.,-0.));
#2196 = PCURVE('',#144,#2197);
#2197 = DEFINITIONAL_REPRESENTATION('',(#2198),#2206);
#2198 = ( BOUNDED_CURVE() B_SPLINE_CURVE(2,(#2199,#2200,#2201,#2202,
#2203,#2204,#2205),.UNSPECIFIED.,.T.,.F.) B_SPLINE_CURVE_WITH_KNOTS((1,2
    ,2,2,2,1),(-2.094395102393,0.,2.094395102393,4.188790204786,
6.28318530718,8.377580409573),.UNSPECIFIED.) CURVE() 
GEOMETRIC_REPRESENTATION_ITEM() RATIONAL_B_SPLINE_CURVE((1.,0.5,1.,0.5,
1.,0.5,1.)) REPRESENTATION_ITEM('') );
#2199 = CARTESIAN_POINT('',(64.4,-71.47));
#2200 = CARTESIAN_POINT('',(64.4,-70.43076951545));
#2201 = CARTESIAN_POINT('',(65.3,-70.95038475772));
#2202 = CARTESIAN_POINT('',(66.2,-71.47));
#2203 = CARTESIAN_POINT('',(65.3,-71.98961524227));
#2204 = CARTESIAN_POINT('',(64.4,-72.50923048454));
#2205 = CARTESIAN_POINT('',(64.4,-71.47));
#2206 = ( GEOMETRIC_REPRESENTATION_CONTEXT(2) 
PARAMETRIC_REPRESENTATION_CONTEXT() REPRESENTATION_CONTEXT('2D SPACE',''
  ) );
#2207 = PCURVE('',#2208,#2213);
#2208 = CYLINDRICAL_SURFACE('',#2209,0.6);
#2209 = AXIS2_PLACEMENT_3D('',#2210,#2211,#2212);
#2210 = CARTESIAN_POINT('',(132.5,-251.47,-1.E-02));
#2211 = DIRECTION('',(0.,0.,1.));
#2212 = DIRECTION('',(1.,0.,-0.));
#2213 = DEFINITIONAL_REPRESENTATION('',(#2214),#2218);
#2214 = LINE('',#2215,#2216);
#2215 = CARTESIAN_POINT('',(0.,1.E-02));
#2216 = VECTOR('',#2217,1.);
#2217 = DIRECTION('',(1.,0.));
#2218 = ( GEOMETRIC_REPRESENTATION_CONTEXT(2) 
PARAMETRIC_REPRESENTATION_CONTEXT() REPRESENTATION_CONTEXT('2D SPACE',''
  ) );
#2219 = FACE_BOUND('',#2220,.T.);
#2220 = EDGE_LOOP('',(#2221));
#2221 = ORIENTED_EDGE('',*,*,#2222,.T.);
#2222 = EDGE_CURVE('',#2223,#2223,#2225,.T.);
#2223 = VERTEX_POINT('',#2224);
#2224 = CARTESIAN_POINT('',(129.6,-251.47,0.));
#2225 = SURFACE_CURVE('',#2226,(#2231,#2242),.PCURVE_S1.);
#2226 = CIRCLE('',#2227,0.6);
#2227 = AXIS2_PLACEMENT_3D('',#2228,#2229,#2230);
#2228 = CARTESIAN_POINT('',(129.,-251.47,0.));
#2229 = DIRECTION('',(0.,0.,1.));
#2230 = DIRECTION('',(1.,0.,-0.));
#2231 = PCURVE('',#144,#2232);
#2232 = DEFINITIONAL_REPRESENTATION('',(#2233),#2241);
#2233 = ( BOUNDED_CURVE() B_SPLINE_CURVE(2,(#2234,#2235,#2236,#2237,
#2238,#2239,#2240),.UNSPECIFIED.,.T.,.F.) B_SPLINE_CURVE_WITH_KNOTS((1,2
    ,2,2,2,1),(-2.094395102393,0.,2.094395102393,4.188790204786,
6.28318530718,8.377580409573),.UNSPECIFIED.) CURVE() 
GEOMETRIC_REPRESENTATION_ITEM() RATIONAL_B_SPLINE_CURVE((1.,0.5,1.,0.5,
1.,0.5,1.)) REPRESENTATION_ITEM('') );
#2234 = CARTESIAN_POINT('',(67.9,-71.47));
#2235 = CARTESIAN_POINT('',(67.9,-70.43076951545));
#2236 = CARTESIAN_POINT('',(68.8,-70.95038475772));
#2237 = CARTESIAN_POINT('',(69.7,-71.47));
#2238 = CARTESIAN_POINT('',(68.8,-71.98961524227));
#2239 = CARTESIAN_POINT('',(67.9,-72.50923048454));
#2240 = CARTESIAN_POINT('',(67.9,-71.47));
#2241 = ( GEOMETRIC_REPRESENTATION_CONTEXT(2) 
PARAMETRIC_REPRESENTATION_CONTEXT() REPRESENTATION_CONTEXT('2D SPACE',''
  ) );
#2242 = PCURVE('',#2243,#2248);
#2243 = CYLINDRICAL_SURFACE('',#2244,0.6);
#2244 = AXIS2_PLACEMENT_3D('',#2245,#2246,#2247);
#2245 = CARTESIAN_POINT('',(129.,-251.47,-1.E-02));
#2246 = DIRECTION('',(0.,0.,1.));
#2247 = DIRECTION('',(1.,0.,-0.));
#2248 = DEFINITIONAL_REPRESENTATION('',(#2249),#2253);
#2249 = LINE('',#2250,#2251);
#2250 = CARTESIAN_POINT('',(0.,1.E-02));
#2251 = VECTOR('',#2252,1.);
#2252 = DIRECTION('',(1.,0.));
#2253 = ( GEOMETRIC_REPRESENTATION_CONTEXT(2) 
PARAMETRIC_REPRESENTATION_CONTEXT() REPRESENTATION_CONTEXT('2D SPACE',''
  ) );
#2254 = FACE_BOUND('',#2255,.T.);
#2255 = EDGE_LOOP('',(#2256));
#2256 = ORIENTED_EDGE('',*,*,#2257,.T.);
#2257 = EDGE_CURVE('',#2258,#2258,#2260,.T.);
#2258 = VERTEX_POINT('',#2259);
#2259 = CARTESIAN_POINT('',(122.1,-251.47,0.));
#2260 = SURFACE_CURVE('',#2261,(#2266,#2277),.PCURVE_S1.);
#2261 = CIRCLE('',#2262,0.6);
#2262 = AXIS2_PLACEMENT_3D('',#2263,#2264,#2265);
#2263 = CARTESIAN_POINT('',(121.5,-251.47,0.));
#2264 = DIRECTION('',(0.,0.,1.));
#2265 = DIRECTION('',(1.,0.,-0.));
#2266 = PCURVE('',#144,#2267);
#2267 = DEFINITIONAL_REPRESENTATION('',(#2268),#2276);
#2268 = ( BOUNDED_CURVE() B_SPLINE_CURVE(2,(#2269,#2270,#2271,#2272,
#2273,#2274,#2275),.UNSPECIFIED.,.T.,.F.) B_SPLINE_CURVE_WITH_KNOTS((1,2
    ,2,2,2,1),(-2.094395102393,0.,2.094395102393,4.188790204786,
6.28318530718,8.377580409573),.UNSPECIFIED.) CURVE() 
GEOMETRIC_REPRESENTATION_ITEM() RATIONAL_B_SPLINE_CURVE((1.,0.5,1.,0.5,
1.,0.5,1.)) REPRESENTATION_ITEM('') );
#2269 = CARTESIAN_POINT('',(75.4,-71.47));
#2270 = CARTESIAN_POINT('',(75.4,-70.43076951545));
#2271 = CARTESIAN_POINT('',(76.3,-70.95038475772));
#2272 = CARTESIAN_POINT('',(77.2,-71.47));
#2273 = CARTESIAN_POINT('',(76.3,-71.98961524227));
#2274 = CARTESIAN_POINT('',(75.4,-72.50923048454));
#2275 = CARTESIAN_POINT('',(75.4,-71.47));
#2276 = ( GEOMETRIC_REPRESENTATION_CONTEXT(2) 
PARAMETRIC_REPRESENTATION_CONTEXT() REPRESENTATION_CONTEXT('2D SPACE',''
  ) );
#2277 = PCURVE('',#2278,#2283);
#2278 = CYLINDRICAL_SURFACE('',#2279,0.6);
#2279 = AXIS2_PLACEMENT_3D('',#2280,#2281,#2282);
#2280 = CARTESIAN_POINT('',(121.5,-251.47,-1.E-02));
#2281 = DIRECTION('',(0.,0.,1.));
#2282 = DIRECTION('',(1.,0.,-0.));
#2283 = DEFINITIONAL_REPRESENTATION('',(#2284),#2288);
#2284 = LINE('',#2285,#2286);
#2285 = CARTESIAN_POINT('',(0.,1.E-02));
#2286 = VECTOR('',#2287,1.);
#2287 = DIRECTION('',(1.,0.));
#2288 = ( GEOMETRIC_REPRESENTATION_CONTEXT(2) 
PARAMETRIC_REPRESENTATION_CONTEXT() REPRESENTATION_CONTEXT('2D SPACE',''
  ) );
#2289 = FACE_BOUND('',#2290,.T.);
#2290 = EDGE_LOOP('',(#2291));
#2291 = ORIENTED_EDGE('',*,*,#2292,.T.);
#2292 = EDGE_CURVE('',#2293,#2293,#2295,.T.);
#2293 = VERTEX_POINT('',#2294);
#2294 = CARTESIAN_POINT('',(118.6,-251.47,0.));
#2295 = SURFACE_CURVE('',#2296,(#2301,#2312),.PCURVE_S1.);
#2296 = CIRCLE('',#2297,0.6);
#2297 = AXIS2_PLACEMENT_3D('',#2298,#2299,#2300);
#2298 = CARTESIAN_POINT('',(118.,-251.47,0.));
#2299 = DIRECTION('',(0.,0.,1.));
#2300 = DIRECTION('',(1.,0.,-0.));
#2301 = PCURVE('',#144,#2302);
#2302 = DEFINITIONAL_REPRESENTATION('',(#2303),#2311);
#2303 = ( BOUNDED_CURVE() B_SPLINE_CURVE(2,(#2304,#2305,#2306,#2307,
#2308,#2309,#2310),.UNSPECIFIED.,.T.,.F.) B_SPLINE_CURVE_WITH_KNOTS((1,2
    ,2,2,2,1),(-2.094395102393,0.,2.094395102393,4.188790204786,
6.28318530718,8.377580409573),.UNSPECIFIED.) CURVE() 
GEOMETRIC_REPRESENTATION_ITEM() RATIONAL_B_SPLINE_CURVE((1.,0.5,1.,0.5,
1.,0.5,1.)) REPRESENTATION_ITEM('') );
#2304 = CARTESIAN_POINT('',(78.9,-71.47));
#2305 = CARTESIAN_POINT('',(78.9,-70.43076951545));
#2306 = CARTESIAN_POINT('',(79.8,-70.95038475772));
#2307 = CARTESIAN_POINT('',(80.7,-71.47));
#2308 = CARTESIAN_POINT('',(79.8,-71.98961524227));
#2309 = CARTESIAN_POINT('',(78.9,-72.50923048454));
#2310 = CARTESIAN_POINT('',(78.9,-71.47));
#2311 = ( GEOMETRIC_REPRESENTATION_CONTEXT(2) 
PARAMETRIC_REPRESENTATION_CONTEXT() REPRESENTATION_CONTEXT('2D SPACE',''
  ) );
#2312 = PCURVE('',#2313,#2318);
#2313 = CYLINDRICAL_SURFACE('',#2314,0.6);
#2314 = AXIS2_PLACEMENT_3D('',#2315,#2316,#2317);
#2315 = CARTESIAN_POINT('',(118.,-251.47,-1.E-02));
#2316 = DIRECTION('',(0.,0.,1.));
#2317 = DIRECTION('',(1.,0.,-0.));
#2318 = DEFINITIONAL_REPRESENTATION('',(#2319),#2323);
#2319 = LINE('',#2320,#2321);
#2320 = CARTESIAN_POINT('',(0.,1.E-02));
#2321 = VECTOR('',#2322,1.);
#2322 = DIRECTION('',(1.,0.));
#2323 = ( GEOMETRIC_REPRESENTATION_CONTEXT(2) 
PARAMETRIC_REPRESENTATION_CONTEXT() REPRESENTATION_CONTEXT('2D SPACE',''
  ) );
#2324 = FACE_BOUND('',#2325,.T.);
#2325 = EDGE_LOOP('',(#2326));
#2326 = ORIENTED_EDGE('',*,*,#2327,.T.);
#2327 = EDGE_CURVE('',#2328,#2328,#2330,.T.);
#2328 = VERTEX_POINT('',#2329);
#2329 = CARTESIAN_POINT('',(115.1,-251.47,0.));
#2330 = SURFACE_CURVE('',#2331,(#2336,#2347),.PCURVE_S1.);
#2331 = CIRCLE('',#2332,0.6);
#2332 = AXIS2_PLACEMENT_3D('',#2333,#2334,#2335);
#2333 = CARTESIAN_POINT('',(114.5,-251.47,0.));
#2334 = DIRECTION('',(0.,0.,1.));
#2335 = DIRECTION('',(1.,0.,-0.));
#2336 = PCURVE('',#144,#2337);
#2337 = DEFINITIONAL_REPRESENTATION('',(#2338),#2346);
#2338 = ( BOUNDED_CURVE() B_SPLINE_CURVE(2,(#2339,#2340,#2341,#2342,
#2343,#2344,#2345),.UNSPECIFIED.,.T.,.F.) B_SPLINE_CURVE_WITH_KNOTS((1,2
    ,2,2,2,1),(-2.094395102393,0.,2.094395102393,4.188790204786,
6.28318530718,8.377580409573),.UNSPECIFIED.) CURVE() 
GEOMETRIC_REPRESENTATION_ITEM() RATIONAL_B_SPLINE_CURVE((1.,0.5,1.,0.5,
1.,0.5,1.)) REPRESENTATION_ITEM('') );
#2339 = CARTESIAN_POINT('',(82.4,-71.47));
#2340 = CARTESIAN_POINT('',(82.4,-70.43076951545));
#2341 = CARTESIAN_POINT('',(83.3,-70.95038475772));
#2342 = CARTESIAN_POINT('',(84.2,-71.47));
#2343 = CARTESIAN_POINT('',(83.3,-71.98961524227));
#2344 = CARTESIAN_POINT('',(82.4,-72.50923048454));
#2345 = CARTESIAN_POINT('',(82.4,-71.47));
#2346 = ( GEOMETRIC_REPRESENTATION_CONTEXT(2) 
PARAMETRIC_REPRESENTATION_CONTEXT() REPRESENTATION_CONTEXT('2D SPACE',''
  ) );
#2347 = PCURVE('',#2348,#2353);
#2348 = CYLINDRICAL_SURFACE('',#2349,0.6);
#2349 = AXIS2_PLACEMENT_3D('',#2350,#2351,#2352);
#2350 = CARTESIAN_POINT('',(114.5,-251.47,-1.E-02));
#2351 = DIRECTION('',(0.,0.,1.));
#2352 = DIRECTION('',(1.,0.,-0.));
#2353 = DEFINITIONAL_REPRESENTATION('',(#2354),#2358);
#2354 = LINE('',#2355,#2356);
#2355 = CARTESIAN_POINT('',(0.,1.E-02));
#2356 = VECTOR('',#2357,1.);
#2357 = DIRECTION('',(1.,0.));
#2358 = ( GEOMETRIC_REPRESENTATION_CONTEXT(2) 
PARAMETRIC_REPRESENTATION_CONTEXT() REPRESENTATION_CONTEXT('2D SPACE',''
  ) );
#2359 = FACE_BOUND('',#2360,.T.);
#2360 = EDGE_LOOP('',(#2361));
#2361 = ORIENTED_EDGE('',*,*,#2362,.T.);
#2362 = EDGE_CURVE('',#2363,#2363,#2365,.T.);
#2363 = VERTEX_POINT('',#2364);
#2364 = CARTESIAN_POINT('',(105.1,-256.5,0.));
#2365 = SURFACE_CURVE('',#2366,(#2371,#2382),.PCURVE_S1.);
#2366 = CIRCLE('',#2367,1.6);
#2367 = AXIS2_PLACEMENT_3D('',#2368,#2369,#2370);
#2368 = CARTESIAN_POINT('',(103.5,-256.5,0.));
#2369 = DIRECTION('',(0.,0.,1.));
#2370 = DIRECTION('',(1.,0.,-0.));
#2371 = PCURVE('',#144,#2372);
#2372 = DEFINITIONAL_REPRESENTATION('',(#2373),#2381);
#2373 = ( BOUNDED_CURVE() B_SPLINE_CURVE(2,(#2374,#2375,#2376,#2377,
#2378,#2379,#2380),.UNSPECIFIED.,.T.,.F.) B_SPLINE_CURVE_WITH_KNOTS((1,2
    ,2,2,2,1),(-2.094395102393,0.,2.094395102393,4.188790204786,
6.28318530718,8.377580409573),.UNSPECIFIED.) CURVE() 
GEOMETRIC_REPRESENTATION_ITEM() RATIONAL_B_SPLINE_CURVE((1.,0.5,1.,0.5,
1.,0.5,1.)) REPRESENTATION_ITEM('') );
#2374 = CARTESIAN_POINT('',(92.4,-76.5));
#2375 = CARTESIAN_POINT('',(92.4,-73.72871870789));
#2376 = CARTESIAN_POINT('',(94.8,-75.11435935394));
#2377 = CARTESIAN_POINT('',(97.2,-76.5));
#2378 = CARTESIAN_POINT('',(94.8,-77.88564064605));
#2379 = CARTESIAN_POINT('',(92.4,-79.27128129211));
#2380 = CARTESIAN_POINT('',(92.4,-76.5));
#2381 = ( GEOMETRIC_REPRESENTATION_CONTEXT(2) 
PARAMETRIC_REPRESENTATION_CONTEXT() REPRESENTATION_CONTEXT('2D SPACE',''
  ) );
#2382 = PCURVE('',#2383,#2388);
#2383 = CYLINDRICAL_SURFACE('',#2384,1.6);
#2384 = AXIS2_PLACEMENT_3D('',#2385,#2386,#2387);
#2385 = CARTESIAN_POINT('',(103.5,-256.5,-1.E-02));
#2386 = DIRECTION('',(0.,0.,1.));
#2387 = DIRECTION('',(1.,0.,-0.));
#2388 = DEFINITIONAL_REPRESENTATION('',(#2389),#2393);
#2389 = LINE('',#2390,#2391);
#2390 = CARTESIAN_POINT('',(0.,1.E-02));
#2391 = VECTOR('',#2392,1.);
#2392 = DIRECTION('',(1.,0.));
#2393 = ( GEOMETRIC_REPRESENTATION_CONTEXT(2) 
PARAMETRIC_REPRESENTATION_CONTEXT() REPRESENTATION_CONTEXT('2D SPACE',''
  ) );
#2394 = FACE_BOUND('',#2395,.T.);
#2395 = EDGE_LOOP('',(#2396));
#2396 = ORIENTED_EDGE('',*,*,#2397,.T.);
#2397 = EDGE_CURVE('',#2398,#2398,#2400,.T.);
#2398 = VERTEX_POINT('',#2399);
#2399 = CARTESIAN_POINT('',(111.6,-251.47,0.));
#2400 = SURFACE_CURVE('',#2401,(#2406,#2417),.PCURVE_S1.);
#2401 = CIRCLE('',#2402,0.6);
#2402 = AXIS2_PLACEMENT_3D('',#2403,#2404,#2405);
#2403 = CARTESIAN_POINT('',(111.,-251.47,0.));
#2404 = DIRECTION('',(0.,0.,1.));
#2405 = DIRECTION('',(1.,0.,-0.));
#2406 = PCURVE('',#144,#2407);
#2407 = DEFINITIONAL_REPRESENTATION('',(#2408),#2416);
#2408 = ( BOUNDED_CURVE() B_SPLINE_CURVE(2,(#2409,#2410,#2411,#2412,
#2413,#2414,#2415),.UNSPECIFIED.,.T.,.F.) B_SPLINE_CURVE_WITH_KNOTS((1,2
    ,2,2,2,1),(-2.094395102393,0.,2.094395102393,4.188790204786,
6.28318530718,8.377580409573),.UNSPECIFIED.) CURVE() 
GEOMETRIC_REPRESENTATION_ITEM() RATIONAL_B_SPLINE_CURVE((1.,0.5,1.,0.5,
1.,0.5,1.)) REPRESENTATION_ITEM('') );
#2409 = CARTESIAN_POINT('',(85.9,-71.47));
#2410 = CARTESIAN_POINT('',(85.9,-70.43076951545));
#2411 = CARTESIAN_POINT('',(86.8,-70.95038475772));
#2412 = CARTESIAN_POINT('',(87.7,-71.47));
#2413 = CARTESIAN_POINT('',(86.8,-71.98961524227));
#2414 = CARTESIAN_POINT('',(85.9,-72.50923048454));
#2415 = CARTESIAN_POINT('',(85.9,-71.47));
#2416 = ( GEOMETRIC_REPRESENTATION_CONTEXT(2) 
PARAMETRIC_REPRESENTATION_CONTEXT() REPRESENTATION_CONTEXT('2D SPACE',''
  ) );
#2417 = PCURVE('',#2418,#2423);
#2418 = CYLINDRICAL_SURFACE('',#2419,0.6);
#2419 = AXIS2_PLACEMENT_3D('',#2420,#2421,#2422);
#2420 = CARTESIAN_POINT('',(111.,-251.47,-1.E-02));
#2421 = DIRECTION('',(0.,0.,1.));
#2422 = DIRECTION('',(1.,0.,-0.));
#2423 = DEFINITIONAL_REPRESENTATION('',(#2424),#2428);
#2424 = LINE('',#2425,#2426);
#2425 = CARTESIAN_POINT('',(0.,1.E-02));
#2426 = VECTOR('',#2427,1.);
#2427 = DIRECTION('',(1.,0.));
#2428 = ( GEOMETRIC_REPRESENTATION_CONTEXT(2) 
PARAMETRIC_REPRESENTATION_CONTEXT() REPRESENTATION_CONTEXT('2D SPACE',''
  ) );
#2429 = FACE_BOUND('',#2430,.T.);
#2430 = EDGE_LOOP('',(#2431));
#2431 = ORIENTED_EDGE('',*,*,#2432,.T.);
#2432 = EDGE_CURVE('',#2433,#2433,#2435,.T.);
#2433 = VERTEX_POINT('',#2434);
#2434 = CARTESIAN_POINT('',(164.85,-182.,0.));
#2435 = SURFACE_CURVE('',#2436,(#2441,#2452),.PCURVE_S1.);
#2436 = CIRCLE('',#2437,0.65);
#2437 = AXIS2_PLACEMENT_3D('',#2438,#2439,#2440);
#2438 = CARTESIAN_POINT('',(164.2,-182.,0.));
#2439 = DIRECTION('',(0.,0.,1.));
#2440 = DIRECTION('',(1.,0.,-0.));
#2441 = PCURVE('',#144,#2442);
#2442 = DEFINITIONAL_REPRESENTATION('',(#2443),#2451);
#2443 = ( BOUNDED_CURVE() B_SPLINE_CURVE(2,(#2444,#2445,#2446,#2447,
#2448,#2449,#2450),.UNSPECIFIED.,.T.,.F.) B_SPLINE_CURVE_WITH_KNOTS((1,2
    ,2,2,2,1),(-2.094395102393,0.,2.094395102393,4.188790204786,
6.28318530718,8.377580409573),.UNSPECIFIED.) CURVE() 
GEOMETRIC_REPRESENTATION_ITEM() RATIONAL_B_SPLINE_CURVE((1.,0.5,1.,0.5,
1.,0.5,1.)) REPRESENTATION_ITEM('') );
#2444 = CARTESIAN_POINT('',(32.65,-2.));
#2445 = CARTESIAN_POINT('',(32.65,-0.87416697508));
#2446 = CARTESIAN_POINT('',(33.625,-1.43708348754));
#2447 = CARTESIAN_POINT('',(34.6,-2.));
#2448 = CARTESIAN_POINT('',(33.625,-2.56291651246));
#2449 = CARTESIAN_POINT('',(32.65,-3.12583302492));
#2450 = CARTESIAN_POINT('',(32.65,-2.));
#2451 = ( GEOMETRIC_REPRESENTATION_CONTEXT(2) 
PARAMETRIC_REPRESENTATION_CONTEXT() REPRESENTATION_CONTEXT('2D SPACE',''
  ) );
#2452 = PCURVE('',#2453,#2458);
#2453 = CYLINDRICAL_SURFACE('',#2454,0.65);
#2454 = AXIS2_PLACEMENT_3D('',#2455,#2456,#2457);
#2455 = CARTESIAN_POINT('',(164.2,-182.,-1.E-02));
#2456 = DIRECTION('',(0.,0.,1.));
#2457 = DIRECTION('',(1.,0.,-0.));
#2458 = DEFINITIONAL_REPRESENTATION('',(#2459),#2463);
#2459 = LINE('',#2460,#2461);
#2460 = CARTESIAN_POINT('',(0.,1.E-02));
#2461 = VECTOR('',#2462,1.);
#2462 = DIRECTION('',(1.,0.));
#2463 = ( GEOMETRIC_REPRESENTATION_CONTEXT(2) 
PARAMETRIC_REPRESENTATION_CONTEXT() REPRESENTATION_CONTEXT('2D SPACE',''
  ) );
#2464 = FACE_BOUND('',#2465,.T.);
#2465 = EDGE_LOOP('',(#2466));
#2466 = ORIENTED_EDGE('',*,*,#2467,.T.);
#2467 = EDGE_CURVE('',#2468,#2468,#2470,.T.);
#2468 = VERTEX_POINT('',#2469);
#2469 = CARTESIAN_POINT('',(152.65,-182.,0.));
#2470 = SURFACE_CURVE('',#2471,(#2476,#2487),.PCURVE_S1.);
#2471 = CIRCLE('',#2472,0.65);
#2472 = AXIS2_PLACEMENT_3D('',#2473,#2474,#2475);
#2473 = CARTESIAN_POINT('',(152.,-182.,0.));
#2474 = DIRECTION('',(0.,0.,1.));
#2475 = DIRECTION('',(1.,0.,-0.));
#2476 = PCURVE('',#144,#2477);
#2477 = DEFINITIONAL_REPRESENTATION('',(#2478),#2486);
#2478 = ( BOUNDED_CURVE() B_SPLINE_CURVE(2,(#2479,#2480,#2481,#2482,
#2483,#2484,#2485),.UNSPECIFIED.,.T.,.F.) B_SPLINE_CURVE_WITH_KNOTS((1,2
    ,2,2,2,1),(-2.094395102393,0.,2.094395102393,4.188790204786,
6.28318530718,8.377580409573),.UNSPECIFIED.) CURVE() 
GEOMETRIC_REPRESENTATION_ITEM() RATIONAL_B_SPLINE_CURVE((1.,0.5,1.,0.5,
1.,0.5,1.)) REPRESENTATION_ITEM('') );
#2479 = CARTESIAN_POINT('',(44.85,-2.));
#2480 = CARTESIAN_POINT('',(44.85,-0.87416697508));
#2481 = CARTESIAN_POINT('',(45.825,-1.43708348754));
#2482 = CARTESIAN_POINT('',(46.8,-2.));
#2483 = CARTESIAN_POINT('',(45.825,-2.56291651246));
#2484 = CARTESIAN_POINT('',(44.85,-3.12583302492));
#2485 = CARTESIAN_POINT('',(44.85,-2.));
#2486 = ( GEOMETRIC_REPRESENTATION_CONTEXT(2) 
PARAMETRIC_REPRESENTATION_CONTEXT() REPRESENTATION_CONTEXT('2D SPACE',''
  ) );
#2487 = PCURVE('',#2488,#2493);
#2488 = CYLINDRICAL_SURFACE('',#2489,0.65);
#2489 = AXIS2_PLACEMENT_3D('',#2490,#2491,#2492);
#2490 = CARTESIAN_POINT('',(152.,-182.,-1.E-02));
#2491 = DIRECTION('',(0.,0.,1.));
#2492 = DIRECTION('',(1.,0.,-0.));
#2493 = DEFINITIONAL_REPRESENTATION('',(#2494),#2498);
#2494 = LINE('',#2495,#2496);
#2495 = CARTESIAN_POINT('',(0.,1.E-02));
#2496 = VECTOR('',#2497,1.);
#2497 = DIRECTION('',(1.,0.));
#2498 = ( GEOMETRIC_REPRESENTATION_CONTEXT(2) 
PARAMETRIC_REPRESENTATION_CONTEXT() REPRESENTATION_CONTEXT('2D SPACE',''
  ) );
#2499 = FACE_BOUND('',#2500,.T.);
#2500 = EDGE_LOOP('',(#2501));
#2501 = ORIENTED_EDGE('',*,*,#2502,.T.);
#2502 = EDGE_CURVE('',#2503,#2503,#2505,.T.);
#2503 = VERTEX_POINT('',#2504);
#2504 = CARTESIAN_POINT('',(287.07,-178.,0.));
#2505 = SURFACE_CURVE('',#2506,(#2511,#2522),.PCURVE_S1.);
#2506 = CIRCLE('',#2507,0.6);
#2507 = AXIS2_PLACEMENT_3D('',#2508,#2509,#2510);
#2508 = CARTESIAN_POINT('',(286.47,-178.,0.));
#2509 = DIRECTION('',(0.,0.,1.));
#2510 = DIRECTION('',(1.,0.,-0.));
#2511 = PCURVE('',#144,#2512);
#2512 = DEFINITIONAL_REPRESENTATION('',(#2513),#2521);
#2513 = ( BOUNDED_CURVE() B_SPLINE_CURVE(2,(#2514,#2515,#2516,#2517,
#2518,#2519,#2520),.UNSPECIFIED.,.T.,.F.) B_SPLINE_CURVE_WITH_KNOTS((1,2
    ,2,2,2,1),(-2.094395102393,0.,2.094395102393,4.188790204786,
6.28318530718,8.377580409573),.UNSPECIFIED.) CURVE() 
GEOMETRIC_REPRESENTATION_ITEM() RATIONAL_B_SPLINE_CURVE((1.,0.5,1.,0.5,
1.,0.5,1.)) REPRESENTATION_ITEM('') );
#2514 = CARTESIAN_POINT('',(-89.57,2.));
#2515 = CARTESIAN_POINT('',(-89.57,3.039230484541));
#2516 = CARTESIAN_POINT('',(-88.67,2.519615242271));
#2517 = CARTESIAN_POINT('',(-87.77,2.));
#2518 = CARTESIAN_POINT('',(-88.67,1.480384757729));
#2519 = CARTESIAN_POINT('',(-89.57,0.960769515459));
#2520 = CARTESIAN_POINT('',(-89.57,2.));
#2521 = ( GEOMETRIC_REPRESENTATION_CONTEXT(2) 
PARAMETRIC_REPRESENTATION_CONTEXT() REPRESENTATION_CONTEXT('2D SPACE',''
  ) );
#2522 = PCURVE('',#2523,#2528);
#2523 = CYLINDRICAL_SURFACE('',#2524,0.6);
#2524 = AXIS2_PLACEMENT_3D('',#2525,#2526,#2527);
#2525 = CARTESIAN_POINT('',(286.47,-178.,-1.E-02));
#2526 = DIRECTION('',(0.,0.,1.));
#2527 = DIRECTION('',(1.,0.,-0.));
#2528 = DEFINITIONAL_REPRESENTATION('',(#2529),#2533);
#2529 = LINE('',#2530,#2531);
#2530 = CARTESIAN_POINT('',(0.,1.E-02));
#2531 = VECTOR('',#2532,1.);
#2532 = DIRECTION('',(1.,0.));
#2533 = ( GEOMETRIC_REPRESENTATION_CONTEXT(2) 
PARAMETRIC_REPRESENTATION_CONTEXT() REPRESENTATION_CONTEXT('2D SPACE',''
  ) );
#2534 = FACE_BOUND('',#2535,.T.);
#2535 = EDGE_LOOP('',(#2536));
#2536 = ORIENTED_EDGE('',*,*,#2537,.T.);
#2537 = EDGE_CURVE('',#2538,#2538,#2540,.T.);
#2538 = VERTEX_POINT('',#2539);
#2539 = CARTESIAN_POINT('',(287.07,-170.,0.));
#2540 = SURFACE_CURVE('',#2541,(#2546,#2557),.PCURVE_S1.);
#2541 = CIRCLE('',#2542,0.6);
#2542 = AXIS2_PLACEMENT_3D('',#2543,#2544,#2545);
#2543 = CARTESIAN_POINT('',(286.47,-170.,0.));
#2544 = DIRECTION('',(0.,0.,1.));
#2545 = DIRECTION('',(1.,0.,-0.));
#2546 = PCURVE('',#144,#2547);
#2547 = DEFINITIONAL_REPRESENTATION('',(#2548),#2556);
#2548 = ( BOUNDED_CURVE() B_SPLINE_CURVE(2,(#2549,#2550,#2551,#2552,
#2553,#2554,#2555),.UNSPECIFIED.,.T.,.F.) B_SPLINE_CURVE_WITH_KNOTS((1,2
    ,2,2,2,1),(-2.094395102393,0.,2.094395102393,4.188790204786,
6.28318530718,8.377580409573),.UNSPECIFIED.) CURVE() 
GEOMETRIC_REPRESENTATION_ITEM() RATIONAL_B_SPLINE_CURVE((1.,0.5,1.,0.5,
1.,0.5,1.)) REPRESENTATION_ITEM('') );
#2549 = CARTESIAN_POINT('',(-89.57,10.));
#2550 = CARTESIAN_POINT('',(-89.57,11.039230484541));
#2551 = CARTESIAN_POINT('',(-88.67,10.519615242271));
#2552 = CARTESIAN_POINT('',(-87.77,10.));
#2553 = CARTESIAN_POINT('',(-88.67,9.480384757729));
#2554 = CARTESIAN_POINT('',(-89.57,8.960769515459));
#2555 = CARTESIAN_POINT('',(-89.57,10.));
#2556 = ( GEOMETRIC_REPRESENTATION_CONTEXT(2) 
PARAMETRIC_REPRESENTATION_CONTEXT() REPRESENTATION_CONTEXT('2D SPACE',''
  ) );
#2557 = PCURVE('',#2558,#2563);
#2558 = CYLINDRICAL_SURFACE('',#2559,0.6);
#2559 = AXIS2_PLACEMENT_3D('',#2560,#2561,#2562);
#2560 = CARTESIAN_POINT('',(286.47,-170.,-1.E-02));
#2561 = DIRECTION('',(0.,0.,1.));
#2562 = DIRECTION('',(1.,0.,-0.));
#2563 = DEFINITIONAL_REPRESENTATION('',(#2564),#2568);
#2564 = LINE('',#2565,#2566);
#2565 = CARTESIAN_POINT('',(0.,1.E-02));
#2566 = VECTOR('',#2567,1.);
#2567 = DIRECTION('',(1.,0.));
#2568 = ( GEOMETRIC_REPRESENTATION_CONTEXT(2) 
PARAMETRIC_REPRESENTATION_CONTEXT() REPRESENTATION_CONTEXT('2D SPACE',''
  ) );
#2569 = FACE_BOUND('',#2570,.T.);
#2570 = EDGE_LOOP('',(#2571));
#2571 = ORIENTED_EDGE('',*,*,#2572,.T.);
#2572 = EDGE_CURVE('',#2573,#2573,#2575,.T.);
#2573 = VERTEX_POINT('',#2574);
#2574 = CARTESIAN_POINT('',(287.07,-166.5,0.));
#2575 = SURFACE_CURVE('',#2576,(#2581,#2592),.PCURVE_S1.);
#2576 = CIRCLE('',#2577,0.6);
#2577 = AXIS2_PLACEMENT_3D('',#2578,#2579,#2580);
#2578 = CARTESIAN_POINT('',(286.47,-166.5,0.));
#2579 = DIRECTION('',(0.,0.,1.));
#2580 = DIRECTION('',(1.,0.,-0.));
#2581 = PCURVE('',#144,#2582);
#2582 = DEFINITIONAL_REPRESENTATION('',(#2583),#2591);
#2583 = ( BOUNDED_CURVE() B_SPLINE_CURVE(2,(#2584,#2585,#2586,#2587,
#2588,#2589,#2590),.UNSPECIFIED.,.T.,.F.) B_SPLINE_CURVE_WITH_KNOTS((1,2
    ,2,2,2,1),(-2.094395102393,0.,2.094395102393,4.188790204786,
6.28318530718,8.377580409573),.UNSPECIFIED.) CURVE() 
GEOMETRIC_REPRESENTATION_ITEM() RATIONAL_B_SPLINE_CURVE((1.,0.5,1.,0.5,
1.,0.5,1.)) REPRESENTATION_ITEM('') );
#2584 = CARTESIAN_POINT('',(-89.57,13.5));
#2585 = CARTESIAN_POINT('',(-89.57,14.539230484541));
#2586 = CARTESIAN_POINT('',(-88.67,14.019615242271));
#2587 = CARTESIAN_POINT('',(-87.77,13.5));
#2588 = CARTESIAN_POINT('',(-88.67,12.980384757729));
#2589 = CARTESIAN_POINT('',(-89.57,12.460769515459));
#2590 = CARTESIAN_POINT('',(-89.57,13.5));
#2591 = ( GEOMETRIC_REPRESENTATION_CONTEXT(2) 
PARAMETRIC_REPRESENTATION_CONTEXT() REPRESENTATION_CONTEXT('2D SPACE',''
  ) );
#2592 = PCURVE('',#2593,#2598);
#2593 = CYLINDRICAL_SURFACE('',#2594,0.6);
#2594 = AXIS2_PLACEMENT_3D('',#2595,#2596,#2597);
#2595 = CARTESIAN_POINT('',(286.47,-166.5,-1.E-02));
#2596 = DIRECTION('',(0.,0.,1.));
#2597 = DIRECTION('',(1.,0.,-0.));
#2598 = DEFINITIONAL_REPRESENTATION('',(#2599),#2603);
#2599 = LINE('',#2600,#2601);
#2600 = CARTESIAN_POINT('',(0.,1.E-02));
#2601 = VECTOR('',#2602,1.);
#2602 = DIRECTION('',(1.,0.));
#2603 = ( GEOMETRIC_REPRESENTATION_CONTEXT(2) 
PARAMETRIC_REPRESENTATION_CONTEXT() REPRESENTATION_CONTEXT('2D SPACE',''
  ) );
#2604 = FACE_BOUND('',#2605,.T.);
#2605 = EDGE_LOOP('',(#2606));
#2606 = ORIENTED_EDGE('',*,*,#2607,.T.);
#2607 = EDGE_CURVE('',#2608,#2608,#2610,.T.);
#2608 = VERTEX_POINT('',#2609);
#2609 = CARTESIAN_POINT('',(287.07,-163.,0.));
#2610 = SURFACE_CURVE('',#2611,(#2616,#2627),.PCURVE_S1.);
#2611 = CIRCLE('',#2612,0.6);
#2612 = AXIS2_PLACEMENT_3D('',#2613,#2614,#2615);
#2613 = CARTESIAN_POINT('',(286.47,-163.,0.));
#2614 = DIRECTION('',(0.,0.,1.));
#2615 = DIRECTION('',(1.,0.,-0.));
#2616 = PCURVE('',#144,#2617);
#2617 = DEFINITIONAL_REPRESENTATION('',(#2618),#2626);
#2618 = ( BOUNDED_CURVE() B_SPLINE_CURVE(2,(#2619,#2620,#2621,#2622,
#2623,#2624,#2625),.UNSPECIFIED.,.T.,.F.) B_SPLINE_CURVE_WITH_KNOTS((1,2
    ,2,2,2,1),(-2.094395102393,0.,2.094395102393,4.188790204786,
6.28318530718,8.377580409573),.UNSPECIFIED.) CURVE() 
GEOMETRIC_REPRESENTATION_ITEM() RATIONAL_B_SPLINE_CURVE((1.,0.5,1.,0.5,
1.,0.5,1.)) REPRESENTATION_ITEM('') );
#2619 = CARTESIAN_POINT('',(-89.57,17.));
#2620 = CARTESIAN_POINT('',(-89.57,18.039230484541));
#2621 = CARTESIAN_POINT('',(-88.67,17.519615242271));
#2622 = CARTESIAN_POINT('',(-87.77,17.));
#2623 = CARTESIAN_POINT('',(-88.67,16.480384757729));
#2624 = CARTESIAN_POINT('',(-89.57,15.960769515459));
#2625 = CARTESIAN_POINT('',(-89.57,17.));
#2626 = ( GEOMETRIC_REPRESENTATION_CONTEXT(2) 
PARAMETRIC_REPRESENTATION_CONTEXT() REPRESENTATION_CONTEXT('2D SPACE',''
  ) );
#2627 = PCURVE('',#2628,#2633);
#2628 = CYLINDRICAL_SURFACE('',#2629,0.6);
#2629 = AXIS2_PLACEMENT_3D('',#2630,#2631,#2632);
#2630 = CARTESIAN_POINT('',(286.47,-163.,-1.E-02));
#2631 = DIRECTION('',(0.,0.,1.));
#2632 = DIRECTION('',(1.,0.,-0.));
#2633 = DEFINITIONAL_REPRESENTATION('',(#2634),#2638);
#2634 = LINE('',#2635,#2636);
#2635 = CARTESIAN_POINT('',(0.,1.E-02));
#2636 = VECTOR('',#2637,1.);
#2637 = DIRECTION('',(1.,0.));
#2638 = ( GEOMETRIC_REPRESENTATION_CONTEXT(2) 
PARAMETRIC_REPRESENTATION_CONTEXT() REPRESENTATION_CONTEXT('2D SPACE',''
  ) );
#2639 = FACE_BOUND('',#2640,.T.);
#2640 = EDGE_LOOP('',(#2641));
#2641 = ORIENTED_EDGE('',*,*,#2642,.T.);
#2642 = EDGE_CURVE('',#2643,#2643,#2645,.T.);
#2643 = VERTEX_POINT('',#2644);
#2644 = CARTESIAN_POINT('',(278.76,-152.,0.));
#2645 = SURFACE_CURVE('',#2646,(#2651,#2662),.PCURVE_S1.);
#2646 = CIRCLE('',#2647,0.5);
#2647 = AXIS2_PLACEMENT_3D('',#2648,#2649,#2650);
#2648 = CARTESIAN_POINT('',(278.26,-152.,0.));
#2649 = DIRECTION('',(0.,0.,1.));
#2650 = DIRECTION('',(1.,0.,-0.));
#2651 = PCURVE('',#144,#2652);
#2652 = DEFINITIONAL_REPRESENTATION('',(#2653),#2661);
#2653 = ( BOUNDED_CURVE() B_SPLINE_CURVE(2,(#2654,#2655,#2656,#2657,
#2658,#2659,#2660),.UNSPECIFIED.,.T.,.F.) B_SPLINE_CURVE_WITH_KNOTS((1,2
    ,2,2,2,1),(-2.094395102393,0.,2.094395102393,4.188790204786,
6.28318530718,8.377580409573),.UNSPECIFIED.) CURVE() 
GEOMETRIC_REPRESENTATION_ITEM() RATIONAL_B_SPLINE_CURVE((1.,0.5,1.,0.5,
1.,0.5,1.)) REPRESENTATION_ITEM('') );
#2654 = CARTESIAN_POINT('',(-81.26,28.));
#2655 = CARTESIAN_POINT('',(-81.26,28.866025403784));
#2656 = CARTESIAN_POINT('',(-80.51,28.433012701892));
#2657 = CARTESIAN_POINT('',(-79.76,28.));
#2658 = CARTESIAN_POINT('',(-80.51,27.566987298108));
#2659 = CARTESIAN_POINT('',(-81.26,27.133974596216));
#2660 = CARTESIAN_POINT('',(-81.26,28.));
#2661 = ( GEOMETRIC_REPRESENTATION_CONTEXT(2) 
PARAMETRIC_REPRESENTATION_CONTEXT() REPRESENTATION_CONTEXT('2D SPACE',''
  ) );
#2662 = PCURVE('',#2663,#2668);
#2663 = CYLINDRICAL_SURFACE('',#2664,0.5);
#2664 = AXIS2_PLACEMENT_3D('',#2665,#2666,#2667);
#2665 = CARTESIAN_POINT('',(278.26,-152.,-1.E-02));
#2666 = DIRECTION('',(0.,0.,1.));
#2667 = DIRECTION('',(1.,0.,-0.));
#2668 = DEFINITIONAL_REPRESENTATION('',(#2669),#2673);
#2669 = LINE('',#2670,#2671);
#2670 = CARTESIAN_POINT('',(0.,1.E-02));
#2671 = VECTOR('',#2672,1.);
#2672 = DIRECTION('',(1.,0.));
#2673 = ( GEOMETRIC_REPRESENTATION_CONTEXT(2) 
PARAMETRIC_REPRESENTATION_CONTEXT() REPRESENTATION_CONTEXT('2D SPACE',''
  ) );
#2674 = FACE_BOUND('',#2675,.T.);
#2675 = EDGE_LOOP('',(#2676));
#2676 = ORIENTED_EDGE('',*,*,#2677,.T.);
#2677 = EDGE_CURVE('',#2678,#2678,#2680,.T.);
#2678 = VERTEX_POINT('',#2679);
#2679 = CARTESIAN_POINT('',(276.22,-152.,0.));
#2680 = SURFACE_CURVE('',#2681,(#2686,#2697),.PCURVE_S1.);
#2681 = CIRCLE('',#2682,0.5);
#2682 = AXIS2_PLACEMENT_3D('',#2683,#2684,#2685);
#2683 = CARTESIAN_POINT('',(275.72,-152.,0.));
#2684 = DIRECTION('',(0.,0.,1.));
#2685 = DIRECTION('',(1.,0.,-0.));
#2686 = PCURVE('',#144,#2687);
#2687 = DEFINITIONAL_REPRESENTATION('',(#2688),#2696);
#2688 = ( BOUNDED_CURVE() B_SPLINE_CURVE(2,(#2689,#2690,#2691,#2692,
#2693,#2694,#2695),.UNSPECIFIED.,.T.,.F.) B_SPLINE_CURVE_WITH_KNOTS((1,2
    ,2,2,2,1),(-2.094395102393,0.,2.094395102393,4.188790204786,
6.28318530718,8.377580409573),.UNSPECIFIED.) CURVE() 
GEOMETRIC_REPRESENTATION_ITEM() RATIONAL_B_SPLINE_CURVE((1.,0.5,1.,0.5,
1.,0.5,1.)) REPRESENTATION_ITEM('') );
#2689 = CARTESIAN_POINT('',(-78.72,28.));
#2690 = CARTESIAN_POINT('',(-78.72,28.866025403784));
#2691 = CARTESIAN_POINT('',(-77.97,28.433012701892));
#2692 = CARTESIAN_POINT('',(-77.22,28.));
#2693 = CARTESIAN_POINT('',(-77.97,27.566987298108));
#2694 = CARTESIAN_POINT('',(-78.72,27.133974596216));
#2695 = CARTESIAN_POINT('',(-78.72,28.));
#2696 = ( GEOMETRIC_REPRESENTATION_CONTEXT(2) 
PARAMETRIC_REPRESENTATION_CONTEXT() REPRESENTATION_CONTEXT('2D SPACE',''
  ) );
#2697 = PCURVE('',#2698,#2703);
#2698 = CYLINDRICAL_SURFACE('',#2699,0.5);
#2699 = AXIS2_PLACEMENT_3D('',#2700,#2701,#2702);
#2700 = CARTESIAN_POINT('',(275.72,-152.,-1.E-02));
#2701 = DIRECTION('',(0.,0.,1.));
#2702 = DIRECTION('',(1.,0.,-0.));
#2703 = DEFINITIONAL_REPRESENTATION('',(#2704),#2708);
#2704 = LINE('',#2705,#2706);
#2705 = CARTESIAN_POINT('',(0.,1.E-02));
#2706 = VECTOR('',#2707,1.);
#2707 = DIRECTION('',(1.,0.));
#2708 = ( GEOMETRIC_REPRESENTATION_CONTEXT(2) 
PARAMETRIC_REPRESENTATION_CONTEXT() REPRESENTATION_CONTEXT('2D SPACE',''
  ) );
#2709 = FACE_BOUND('',#2710,.T.);
#2710 = EDGE_LOOP('',(#2711));
#2711 = ORIENTED_EDGE('',*,*,#2712,.T.);
#2712 = EDGE_CURVE('',#2713,#2713,#2715,.T.);
#2713 = VERTEX_POINT('',#2714);
#2714 = CARTESIAN_POINT('',(273.68,-152.,0.));
#2715 = SURFACE_CURVE('',#2716,(#2721,#2732),.PCURVE_S1.);
#2716 = CIRCLE('',#2717,0.5);
#2717 = AXIS2_PLACEMENT_3D('',#2718,#2719,#2720);
#2718 = CARTESIAN_POINT('',(273.18,-152.,0.));
#2719 = DIRECTION('',(0.,0.,1.));
#2720 = DIRECTION('',(1.,0.,-0.));
#2721 = PCURVE('',#144,#2722);
#2722 = DEFINITIONAL_REPRESENTATION('',(#2723),#2731);
#2723 = ( BOUNDED_CURVE() B_SPLINE_CURVE(2,(#2724,#2725,#2726,#2727,
#2728,#2729,#2730),.UNSPECIFIED.,.T.,.F.) B_SPLINE_CURVE_WITH_KNOTS((1,2
    ,2,2,2,1),(-2.094395102393,0.,2.094395102393,4.188790204786,
6.28318530718,8.377580409573),.UNSPECIFIED.) CURVE() 
GEOMETRIC_REPRESENTATION_ITEM() RATIONAL_B_SPLINE_CURVE((1.,0.5,1.,0.5,
1.,0.5,1.)) REPRESENTATION_ITEM('') );
#2724 = CARTESIAN_POINT('',(-76.18,28.));
#2725 = CARTESIAN_POINT('',(-76.18,28.866025403784));
#2726 = CARTESIAN_POINT('',(-75.43,28.433012701892));
#2727 = CARTESIAN_POINT('',(-74.68,28.));
#2728 = CARTESIAN_POINT('',(-75.43,27.566987298108));
#2729 = CARTESIAN_POINT('',(-76.18,27.133974596216));
#2730 = CARTESIAN_POINT('',(-76.18,28.));
#2731 = ( GEOMETRIC_REPRESENTATION_CONTEXT(2) 
PARAMETRIC_REPRESENTATION_CONTEXT() REPRESENTATION_CONTEXT('2D SPACE',''
  ) );
#2732 = PCURVE('',#2733,#2738);
#2733 = CYLINDRICAL_SURFACE('',#2734,0.5);
#2734 = AXIS2_PLACEMENT_3D('',#2735,#2736,#2737);
#2735 = CARTESIAN_POINT('',(273.18,-152.,-1.E-02));
#2736 = DIRECTION('',(0.,0.,1.));
#2737 = DIRECTION('',(1.,0.,-0.));
#2738 = DEFINITIONAL_REPRESENTATION('',(#2739),#2743);
#2739 = LINE('',#2740,#2741);
#2740 = CARTESIAN_POINT('',(0.,1.E-02));
#2741 = VECTOR('',#2742,1.);
#2742 = DIRECTION('',(1.,0.));
#2743 = ( GEOMETRIC_REPRESENTATION_CONTEXT(2) 
PARAMETRIC_REPRESENTATION_CONTEXT() REPRESENTATION_CONTEXT('2D SPACE',''
  ) );
#2744 = FACE_BOUND('',#2745,.T.);
#2745 = EDGE_LOOP('',(#2746));
#2746 = ORIENTED_EDGE('',*,*,#2747,.T.);
#2747 = EDGE_CURVE('',#2748,#2748,#2750,.T.);
#2748 = VERTEX_POINT('',#2749);
#2749 = CARTESIAN_POINT('',(271.14,-152.,0.));
#2750 = SURFACE_CURVE('',#2751,(#2756,#2767),.PCURVE_S1.);
#2751 = CIRCLE('',#2752,0.5);
#2752 = AXIS2_PLACEMENT_3D('',#2753,#2754,#2755);
#2753 = CARTESIAN_POINT('',(270.64,-152.,0.));
#2754 = DIRECTION('',(0.,0.,1.));
#2755 = DIRECTION('',(1.,0.,-0.));
#2756 = PCURVE('',#144,#2757);
#2757 = DEFINITIONAL_REPRESENTATION('',(#2758),#2766);
#2758 = ( BOUNDED_CURVE() B_SPLINE_CURVE(2,(#2759,#2760,#2761,#2762,
#2763,#2764,#2765),.UNSPECIFIED.,.T.,.F.) B_SPLINE_CURVE_WITH_KNOTS((1,2
    ,2,2,2,1),(-2.094395102393,0.,2.094395102393,4.188790204786,
6.28318530718,8.377580409573),.UNSPECIFIED.) CURVE() 
GEOMETRIC_REPRESENTATION_ITEM() RATIONAL_B_SPLINE_CURVE((1.,0.5,1.,0.5,
1.,0.5,1.)) REPRESENTATION_ITEM('') );
#2759 = CARTESIAN_POINT('',(-73.64,28.));
#2760 = CARTESIAN_POINT('',(-73.64,28.866025403784));
#2761 = CARTESIAN_POINT('',(-72.89,28.433012701892));
#2762 = CARTESIAN_POINT('',(-72.14,28.));
#2763 = CARTESIAN_POINT('',(-72.89,27.566987298108));
#2764 = CARTESIAN_POINT('',(-73.64,27.133974596216));
#2765 = CARTESIAN_POINT('',(-73.64,28.));
#2766 = ( GEOMETRIC_REPRESENTATION_CONTEXT(2) 
PARAMETRIC_REPRESENTATION_CONTEXT() REPRESENTATION_CONTEXT('2D SPACE',''
  ) );
#2767 = PCURVE('',#2768,#2773);
#2768 = CYLINDRICAL_SURFACE('',#2769,0.5);
#2769 = AXIS2_PLACEMENT_3D('',#2770,#2771,#2772);
#2770 = CARTESIAN_POINT('',(270.64,-152.,-1.E-02));
#2771 = DIRECTION('',(0.,0.,1.));
#2772 = DIRECTION('',(1.,0.,-0.));
#2773 = DEFINITIONAL_REPRESENTATION('',(#2774),#2778);
#2774 = LINE('',#2775,#2776);
#2775 = CARTESIAN_POINT('',(0.,1.E-02));
#2776 = VECTOR('',#2777,1.);
#2777 = DIRECTION('',(1.,0.));
#2778 = ( GEOMETRIC_REPRESENTATION_CONTEXT(2) 
PARAMETRIC_REPRESENTATION_CONTEXT() REPRESENTATION_CONTEXT('2D SPACE',''
  ) );
#2779 = FACE_BOUND('',#2780,.T.);
#2780 = EDGE_LOOP('',(#2781));
#2781 = ORIENTED_EDGE('',*,*,#2782,.T.);
#2782 = EDGE_CURVE('',#2783,#2783,#2785,.T.);
#2783 = VERTEX_POINT('',#2784);
#2784 = CARTESIAN_POINT('',(278.76,-149.46,0.));
#2785 = SURFACE_CURVE('',#2786,(#2791,#2802),.PCURVE_S1.);
#2786 = CIRCLE('',#2787,0.5);
#2787 = AXIS2_PLACEMENT_3D('',#2788,#2789,#2790);
#2788 = CARTESIAN_POINT('',(278.26,-149.46,0.));
#2789 = DIRECTION('',(0.,0.,1.));
#2790 = DIRECTION('',(1.,0.,-0.));
#2791 = PCURVE('',#144,#2792);
#2792 = DEFINITIONAL_REPRESENTATION('',(#2793),#2801);
#2793 = ( BOUNDED_CURVE() B_SPLINE_CURVE(2,(#2794,#2795,#2796,#2797,
#2798,#2799,#2800),.UNSPECIFIED.,.T.,.F.) B_SPLINE_CURVE_WITH_KNOTS((1,2
    ,2,2,2,1),(-2.094395102393,0.,2.094395102393,4.188790204786,
6.28318530718,8.377580409573),.UNSPECIFIED.) CURVE() 
GEOMETRIC_REPRESENTATION_ITEM() RATIONAL_B_SPLINE_CURVE((1.,0.5,1.,0.5,
1.,0.5,1.)) REPRESENTATION_ITEM('') );
#2794 = CARTESIAN_POINT('',(-81.26,30.54));
#2795 = CARTESIAN_POINT('',(-81.26,31.406025403784));
#2796 = CARTESIAN_POINT('',(-80.51,30.973012701892));
#2797 = CARTESIAN_POINT('',(-79.76,30.54));
#2798 = CARTESIAN_POINT('',(-80.51,30.106987298108));
#2799 = CARTESIAN_POINT('',(-81.26,29.673974596216));
#2800 = CARTESIAN_POINT('',(-81.26,30.54));
#2801 = ( GEOMETRIC_REPRESENTATION_CONTEXT(2) 
PARAMETRIC_REPRESENTATION_CONTEXT() REPRESENTATION_CONTEXT('2D SPACE',''
  ) );
#2802 = PCURVE('',#2803,#2808);
#2803 = CYLINDRICAL_SURFACE('',#2804,0.5);
#2804 = AXIS2_PLACEMENT_3D('',#2805,#2806,#2807);
#2805 = CARTESIAN_POINT('',(278.26,-149.46,-1.E-02));
#2806 = DIRECTION('',(0.,0.,1.));
#2807 = DIRECTION('',(1.,0.,-0.));
#2808 = DEFINITIONAL_REPRESENTATION('',(#2809),#2813);
#2809 = LINE('',#2810,#2811);
#2810 = CARTESIAN_POINT('',(0.,1.E-02));
#2811 = VECTOR('',#2812,1.);
#2812 = DIRECTION('',(1.,0.));
#2813 = ( GEOMETRIC_REPRESENTATION_CONTEXT(2) 
PARAMETRIC_REPRESENTATION_CONTEXT() REPRESENTATION_CONTEXT('2D SPACE',''
  ) );
#2814 = FACE_BOUND('',#2815,.T.);
#2815 = EDGE_LOOP('',(#2816));
#2816 = ORIENTED_EDGE('',*,*,#2817,.T.);
#2817 = EDGE_CURVE('',#2818,#2818,#2820,.T.);
#2818 = VERTEX_POINT('',#2819);
#2819 = CARTESIAN_POINT('',(276.22,-149.46,0.));
#2820 = SURFACE_CURVE('',#2821,(#2826,#2837),.PCURVE_S1.);
#2821 = CIRCLE('',#2822,0.5);
#2822 = AXIS2_PLACEMENT_3D('',#2823,#2824,#2825);
#2823 = CARTESIAN_POINT('',(275.72,-149.46,0.));
#2824 = DIRECTION('',(0.,0.,1.));
#2825 = DIRECTION('',(1.,0.,-0.));
#2826 = PCURVE('',#144,#2827);
#2827 = DEFINITIONAL_REPRESENTATION('',(#2828),#2836);
#2828 = ( BOUNDED_CURVE() B_SPLINE_CURVE(2,(#2829,#2830,#2831,#2832,
#2833,#2834,#2835),.UNSPECIFIED.,.T.,.F.) B_SPLINE_CURVE_WITH_KNOTS((1,2
    ,2,2,2,1),(-2.094395102393,0.,2.094395102393,4.188790204786,
6.28318530718,8.377580409573),.UNSPECIFIED.) CURVE() 
GEOMETRIC_REPRESENTATION_ITEM() RATIONAL_B_SPLINE_CURVE((1.,0.5,1.,0.5,
1.,0.5,1.)) REPRESENTATION_ITEM('') );
#2829 = CARTESIAN_POINT('',(-78.72,30.54));
#2830 = CARTESIAN_POINT('',(-78.72,31.406025403784));
#2831 = CARTESIAN_POINT('',(-77.97,30.973012701892));
#2832 = CARTESIAN_POINT('',(-77.22,30.54));
#2833 = CARTESIAN_POINT('',(-77.97,30.106987298108));
#2834 = CARTESIAN_POINT('',(-78.72,29.673974596216));
#2835 = CARTESIAN_POINT('',(-78.72,30.54));
#2836 = ( GEOMETRIC_REPRESENTATION_CONTEXT(2) 
PARAMETRIC_REPRESENTATION_CONTEXT() REPRESENTATION_CONTEXT('2D SPACE',''
  ) );
#2837 = PCURVE('',#2838,#2843);
#2838 = CYLINDRICAL_SURFACE('',#2839,0.5);
#2839 = AXIS2_PLACEMENT_3D('',#2840,#2841,#2842);
#2840 = CARTESIAN_POINT('',(275.72,-149.46,-1.E-02));
#2841 = DIRECTION('',(0.,0.,1.));
#2842 = DIRECTION('',(1.,0.,-0.));
#2843 = DEFINITIONAL_REPRESENTATION('',(#2844),#2848);
#2844 = LINE('',#2845,#2846);
#2845 = CARTESIAN_POINT('',(0.,1.E-02));
#2846 = VECTOR('',#2847,1.);
#2847 = DIRECTION('',(1.,0.));
#2848 = ( GEOMETRIC_REPRESENTATION_CONTEXT(2) 
PARAMETRIC_REPRESENTATION_CONTEXT() REPRESENTATION_CONTEXT('2D SPACE',''
  ) );
#2849 = FACE_BOUND('',#2850,.T.);
#2850 = EDGE_LOOP('',(#2851));
#2851 = ORIENTED_EDGE('',*,*,#2852,.T.);
#2852 = EDGE_CURVE('',#2853,#2853,#2855,.T.);
#2853 = VERTEX_POINT('',#2854);
#2854 = CARTESIAN_POINT('',(273.68,-149.46,0.));
#2855 = SURFACE_CURVE('',#2856,(#2861,#2872),.PCURVE_S1.);
#2856 = CIRCLE('',#2857,0.5);
#2857 = AXIS2_PLACEMENT_3D('',#2858,#2859,#2860);
#2858 = CARTESIAN_POINT('',(273.18,-149.46,0.));
#2859 = DIRECTION('',(0.,0.,1.));
#2860 = DIRECTION('',(1.,0.,-0.));
#2861 = PCURVE('',#144,#2862);
#2862 = DEFINITIONAL_REPRESENTATION('',(#2863),#2871);
#2863 = ( BOUNDED_CURVE() B_SPLINE_CURVE(2,(#2864,#2865,#2866,#2867,
#2868,#2869,#2870),.UNSPECIFIED.,.T.,.F.) B_SPLINE_CURVE_WITH_KNOTS((1,2
    ,2,2,2,1),(-2.094395102393,0.,2.094395102393,4.188790204786,
6.28318530718,8.377580409573),.UNSPECIFIED.) CURVE() 
GEOMETRIC_REPRESENTATION_ITEM() RATIONAL_B_SPLINE_CURVE((1.,0.5,1.,0.5,
1.,0.5,1.)) REPRESENTATION_ITEM('') );
#2864 = CARTESIAN_POINT('',(-76.18,30.54));
#2865 = CARTESIAN_POINT('',(-76.18,31.406025403784));
#2866 = CARTESIAN_POINT('',(-75.43,30.973012701892));
#2867 = CARTESIAN_POINT('',(-74.68,30.54));
#2868 = CARTESIAN_POINT('',(-75.43,30.106987298108));
#2869 = CARTESIAN_POINT('',(-76.18,29.673974596216));
#2870 = CARTESIAN_POINT('',(-76.18,30.54));
#2871 = ( GEOMETRIC_REPRESENTATION_CONTEXT(2) 
PARAMETRIC_REPRESENTATION_CONTEXT() REPRESENTATION_CONTEXT('2D SPACE',''
  ) );
#2872 = PCURVE('',#2873,#2878);
#2873 = CYLINDRICAL_SURFACE('',#2874,0.5);
#2874 = AXIS2_PLACEMENT_3D('',#2875,#2876,#2877);
#2875 = CARTESIAN_POINT('',(273.18,-149.46,-1.E-02));
#2876 = DIRECTION('',(0.,0.,1.));
#2877 = DIRECTION('',(1.,0.,-0.));
#2878 = DEFINITIONAL_REPRESENTATION('',(#2879),#2883);
#2879 = LINE('',#2880,#2881);
#2880 = CARTESIAN_POINT('',(0.,1.E-02));
#2881 = VECTOR('',#2882,1.);
#2882 = DIRECTION('',(1.,0.));
#2883 = ( GEOMETRIC_REPRESENTATION_CONTEXT(2) 
PARAMETRIC_REPRESENTATION_CONTEXT() REPRESENTATION_CONTEXT('2D SPACE',''
  ) );
#2884 = FACE_BOUND('',#2885,.T.);
#2885 = EDGE_LOOP('',(#2886));
#2886 = ORIENTED_EDGE('',*,*,#2887,.T.);
#2887 = EDGE_CURVE('',#2888,#2888,#2890,.T.);
#2888 = VERTEX_POINT('',#2889);
#2889 = CARTESIAN_POINT('',(271.14,-149.46,0.));
#2890 = SURFACE_CURVE('',#2891,(#2896,#2907),.PCURVE_S1.);
#2891 = CIRCLE('',#2892,0.5);
#2892 = AXIS2_PLACEMENT_3D('',#2893,#2894,#2895);
#2893 = CARTESIAN_POINT('',(270.64,-149.46,0.));
#2894 = DIRECTION('',(0.,0.,1.));
#2895 = DIRECTION('',(1.,0.,-0.));
#2896 = PCURVE('',#144,#2897);
#2897 = DEFINITIONAL_REPRESENTATION('',(#2898),#2906);
#2898 = ( BOUNDED_CURVE() B_SPLINE_CURVE(2,(#2899,#2900,#2901,#2902,
#2903,#2904,#2905),.UNSPECIFIED.,.T.,.F.) B_SPLINE_CURVE_WITH_KNOTS((1,2
    ,2,2,2,1),(-2.094395102393,0.,2.094395102393,4.188790204786,
6.28318530718,8.377580409573),.UNSPECIFIED.) CURVE() 
GEOMETRIC_REPRESENTATION_ITEM() RATIONAL_B_SPLINE_CURVE((1.,0.5,1.,0.5,
1.,0.5,1.)) REPRESENTATION_ITEM('') );
#2899 = CARTESIAN_POINT('',(-73.64,30.54));
#2900 = CARTESIAN_POINT('',(-73.64,31.406025403784));
#2901 = CARTESIAN_POINT('',(-72.89,30.973012701892));
#2902 = CARTESIAN_POINT('',(-72.14,30.54));
#2903 = CARTESIAN_POINT('',(-72.89,30.106987298108));
#2904 = CARTESIAN_POINT('',(-73.64,29.673974596216));
#2905 = CARTESIAN_POINT('',(-73.64,30.54));
#2906 = ( GEOMETRIC_REPRESENTATION_CONTEXT(2) 
PARAMETRIC_REPRESENTATION_CONTEXT() REPRESENTATION_CONTEXT('2D SPACE',''
  ) );
#2907 = PCURVE('',#2908,#2913);
#2908 = CYLINDRICAL_SURFACE('',#2909,0.5);
#2909 = AXIS2_PLACEMENT_3D('',#2910,#2911,#2912);
#2910 = CARTESIAN_POINT('',(270.64,-149.46,-1.E-02));
#2911 = DIRECTION('',(0.,0.,1.));
#2912 = DIRECTION('',(1.,0.,-0.));
#2913 = DEFINITIONAL_REPRESENTATION('',(#2914),#2918);
#2914 = LINE('',#2915,#2916);
#2915 = CARTESIAN_POINT('',(0.,1.E-02));
#2916 = VECTOR('',#2917,1.);
#2917 = DIRECTION('',(1.,0.));
#2918 = ( GEOMETRIC_REPRESENTATION_CONTEXT(2) 
PARAMETRIC_REPRESENTATION_CONTEXT() REPRESENTATION_CONTEXT('2D SPACE',''
  ) );
#2919 = FACE_BOUND('',#2920,.T.);
#2920 = EDGE_LOOP('',(#2921));
#2921 = ORIENTED_EDGE('',*,*,#2922,.T.);
#2922 = EDGE_CURVE('',#2923,#2923,#2925,.T.);
#2923 = VERTEX_POINT('',#2924);
#2924 = CARTESIAN_POINT('',(268.6,-152.,0.));
#2925 = SURFACE_CURVE('',#2926,(#2931,#2942),.PCURVE_S1.);
#2926 = CIRCLE('',#2927,0.5);
#2927 = AXIS2_PLACEMENT_3D('',#2928,#2929,#2930);
#2928 = CARTESIAN_POINT('',(268.1,-152.,0.));
#2929 = DIRECTION('',(0.,0.,1.));
#2930 = DIRECTION('',(1.,0.,-0.));
#2931 = PCURVE('',#144,#2932);
#2932 = DEFINITIONAL_REPRESENTATION('',(#2933),#2941);
#2933 = ( BOUNDED_CURVE() B_SPLINE_CURVE(2,(#2934,#2935,#2936,#2937,
#2938,#2939,#2940),.UNSPECIFIED.,.T.,.F.) B_SPLINE_CURVE_WITH_KNOTS((1,2
    ,2,2,2,1),(-2.094395102393,0.,2.094395102393,4.188790204786,
6.28318530718,8.377580409573),.UNSPECIFIED.) CURVE() 
GEOMETRIC_REPRESENTATION_ITEM() RATIONAL_B_SPLINE_CURVE((1.,0.5,1.,0.5,
1.,0.5,1.)) REPRESENTATION_ITEM('') );
#2934 = CARTESIAN_POINT('',(-71.1,28.));
#2935 = CARTESIAN_POINT('',(-71.1,28.866025403784));
#2936 = CARTESIAN_POINT('',(-70.35,28.433012701892));
#2937 = CARTESIAN_POINT('',(-69.6,28.));
#2938 = CARTESIAN_POINT('',(-70.35,27.566987298108));
#2939 = CARTESIAN_POINT('',(-71.1,27.133974596216));
#2940 = CARTESIAN_POINT('',(-71.1,28.));
#2941 = ( GEOMETRIC_REPRESENTATION_CONTEXT(2) 
PARAMETRIC_REPRESENTATION_CONTEXT() REPRESENTATION_CONTEXT('2D SPACE',''
  ) );
#2942 = PCURVE('',#2943,#2948);
#2943 = CYLINDRICAL_SURFACE('',#2944,0.5);
#2944 = AXIS2_PLACEMENT_3D('',#2945,#2946,#2947);
#2945 = CARTESIAN_POINT('',(268.1,-152.,-1.E-02));
#2946 = DIRECTION('',(0.,0.,1.));
#2947 = DIRECTION('',(1.,0.,-0.));
#2948 = DEFINITIONAL_REPRESENTATION('',(#2949),#2953);
#2949 = LINE('',#2950,#2951);
#2950 = CARTESIAN_POINT('',(0.,1.E-02));
#2951 = VECTOR('',#2952,1.);
#2952 = DIRECTION('',(1.,0.));
#2953 = ( GEOMETRIC_REPRESENTATION_CONTEXT(2) 
PARAMETRIC_REPRESENTATION_CONTEXT() REPRESENTATION_CONTEXT('2D SPACE',''
  ) );
#2954 = FACE_BOUND('',#2955,.T.);
#2955 = EDGE_LOOP('',(#2956));
#2956 = ORIENTED_EDGE('',*,*,#2957,.T.);
#2957 = EDGE_CURVE('',#2958,#2958,#2960,.T.);
#2958 = VERTEX_POINT('',#2959);
#2959 = CARTESIAN_POINT('',(266.06,-152.,0.));
#2960 = SURFACE_CURVE('',#2961,(#2966,#2977),.PCURVE_S1.);
#2961 = CIRCLE('',#2962,0.5);
#2962 = AXIS2_PLACEMENT_3D('',#2963,#2964,#2965);
#2963 = CARTESIAN_POINT('',(265.56,-152.,0.));
#2964 = DIRECTION('',(0.,0.,1.));
#2965 = DIRECTION('',(1.,0.,-0.));
#2966 = PCURVE('',#144,#2967);
#2967 = DEFINITIONAL_REPRESENTATION('',(#2968),#2976);
#2968 = ( BOUNDED_CURVE() B_SPLINE_CURVE(2,(#2969,#2970,#2971,#2972,
#2973,#2974,#2975),.UNSPECIFIED.,.T.,.F.) B_SPLINE_CURVE_WITH_KNOTS((1,2
    ,2,2,2,1),(-2.094395102393,0.,2.094395102393,4.188790204786,
6.28318530718,8.377580409573),.UNSPECIFIED.) CURVE() 
GEOMETRIC_REPRESENTATION_ITEM() RATIONAL_B_SPLINE_CURVE((1.,0.5,1.,0.5,
1.,0.5,1.)) REPRESENTATION_ITEM('') );
#2969 = CARTESIAN_POINT('',(-68.56,28.));
#2970 = CARTESIAN_POINT('',(-68.56,28.866025403784));
#2971 = CARTESIAN_POINT('',(-67.81,28.433012701892));
#2972 = CARTESIAN_POINT('',(-67.06,28.));
#2973 = CARTESIAN_POINT('',(-67.81,27.566987298108));
#2974 = CARTESIAN_POINT('',(-68.56,27.133974596216));
#2975 = CARTESIAN_POINT('',(-68.56,28.));
#2976 = ( GEOMETRIC_REPRESENTATION_CONTEXT(2) 
PARAMETRIC_REPRESENTATION_CONTEXT() REPRESENTATION_CONTEXT('2D SPACE',''
  ) );
#2977 = PCURVE('',#2978,#2983);
#2978 = CYLINDRICAL_SURFACE('',#2979,0.5);
#2979 = AXIS2_PLACEMENT_3D('',#2980,#2981,#2982);
#2980 = CARTESIAN_POINT('',(265.56,-152.,-1.E-02));
#2981 = DIRECTION('',(0.,0.,1.));
#2982 = DIRECTION('',(1.,0.,-0.));
#2983 = DEFINITIONAL_REPRESENTATION('',(#2984),#2988);
#2984 = LINE('',#2985,#2986);
#2985 = CARTESIAN_POINT('',(0.,1.E-02));
#2986 = VECTOR('',#2987,1.);
#2987 = DIRECTION('',(1.,0.));
#2988 = ( GEOMETRIC_REPRESENTATION_CONTEXT(2) 
PARAMETRIC_REPRESENTATION_CONTEXT() REPRESENTATION_CONTEXT('2D SPACE',''
  ) );
#2989 = FACE_BOUND('',#2990,.T.);
#2990 = EDGE_LOOP('',(#2991));
#2991 = ORIENTED_EDGE('',*,*,#2992,.T.);
#2992 = EDGE_CURVE('',#2993,#2993,#2995,.T.);
#2993 = VERTEX_POINT('',#2994);
#2994 = CARTESIAN_POINT('',(263.52,-152.,0.));
#2995 = SURFACE_CURVE('',#2996,(#3001,#3012),.PCURVE_S1.);
#2996 = CIRCLE('',#2997,0.5);
#2997 = AXIS2_PLACEMENT_3D('',#2998,#2999,#3000);
#2998 = CARTESIAN_POINT('',(263.02,-152.,0.));
#2999 = DIRECTION('',(0.,0.,1.));
#3000 = DIRECTION('',(1.,0.,-0.));
#3001 = PCURVE('',#144,#3002);
#3002 = DEFINITIONAL_REPRESENTATION('',(#3003),#3011);
#3003 = ( BOUNDED_CURVE() B_SPLINE_CURVE(2,(#3004,#3005,#3006,#3007,
#3008,#3009,#3010),.UNSPECIFIED.,.T.,.F.) B_SPLINE_CURVE_WITH_KNOTS((1,2
    ,2,2,2,1),(-2.094395102393,0.,2.094395102393,4.188790204786,
6.28318530718,8.377580409573),.UNSPECIFIED.) CURVE() 
GEOMETRIC_REPRESENTATION_ITEM() RATIONAL_B_SPLINE_CURVE((1.,0.5,1.,0.5,
1.,0.5,1.)) REPRESENTATION_ITEM('') );
#3004 = CARTESIAN_POINT('',(-66.02,28.));
#3005 = CARTESIAN_POINT('',(-66.02,28.866025403784));
#3006 = CARTESIAN_POINT('',(-65.27,28.433012701892));
#3007 = CARTESIAN_POINT('',(-64.52,28.));
#3008 = CARTESIAN_POINT('',(-65.27,27.566987298108));
#3009 = CARTESIAN_POINT('',(-66.02,27.133974596216));
#3010 = CARTESIAN_POINT('',(-66.02,28.));
#3011 = ( GEOMETRIC_REPRESENTATION_CONTEXT(2) 
PARAMETRIC_REPRESENTATION_CONTEXT() REPRESENTATION_CONTEXT('2D SPACE',''
  ) );
#3012 = PCURVE('',#3013,#3018);
#3013 = CYLINDRICAL_SURFACE('',#3014,0.5);
#3014 = AXIS2_PLACEMENT_3D('',#3015,#3016,#3017);
#3015 = CARTESIAN_POINT('',(263.02,-152.,-1.E-02));
#3016 = DIRECTION('',(0.,0.,1.));
#3017 = DIRECTION('',(1.,0.,-0.));
#3018 = DEFINITIONAL_REPRESENTATION('',(#3019),#3023);
#3019 = LINE('',#3020,#3021);
#3020 = CARTESIAN_POINT('',(0.,1.E-02));
#3021 = VECTOR('',#3022,1.);
#3022 = DIRECTION('',(1.,0.));
#3023 = ( GEOMETRIC_REPRESENTATION_CONTEXT(2) 
PARAMETRIC_REPRESENTATION_CONTEXT() REPRESENTATION_CONTEXT('2D SPACE',''
  ) );
#3024 = FACE_BOUND('',#3025,.T.);
#3025 = EDGE_LOOP('',(#3026));
#3026 = ORIENTED_EDGE('',*,*,#3027,.T.);
#3027 = EDGE_CURVE('',#3028,#3028,#3030,.T.);
#3028 = VERTEX_POINT('',#3029);
#3029 = CARTESIAN_POINT('',(260.98,-152.,0.));
#3030 = SURFACE_CURVE('',#3031,(#3036,#3047),.PCURVE_S1.);
#3031 = CIRCLE('',#3032,0.5);
#3032 = AXIS2_PLACEMENT_3D('',#3033,#3034,#3035);
#3033 = CARTESIAN_POINT('',(260.48,-152.,0.));
#3034 = DIRECTION('',(0.,0.,1.));
#3035 = DIRECTION('',(1.,0.,-0.));
#3036 = PCURVE('',#144,#3037);
#3037 = DEFINITIONAL_REPRESENTATION('',(#3038),#3046);
#3038 = ( BOUNDED_CURVE() B_SPLINE_CURVE(2,(#3039,#3040,#3041,#3042,
#3043,#3044,#3045),.UNSPECIFIED.,.T.,.F.) B_SPLINE_CURVE_WITH_KNOTS((1,2
    ,2,2,2,1),(-2.094395102393,0.,2.094395102393,4.188790204786,
6.28318530718,8.377580409573),.UNSPECIFIED.) CURVE() 
GEOMETRIC_REPRESENTATION_ITEM() RATIONAL_B_SPLINE_CURVE((1.,0.5,1.,0.5,
1.,0.5,1.)) REPRESENTATION_ITEM('') );
#3039 = CARTESIAN_POINT('',(-63.48,28.));
#3040 = CARTESIAN_POINT('',(-63.48,28.866025403784));
#3041 = CARTESIAN_POINT('',(-62.73,28.433012701892));
#3042 = CARTESIAN_POINT('',(-61.98,28.));
#3043 = CARTESIAN_POINT('',(-62.73,27.566987298108));
#3044 = CARTESIAN_POINT('',(-63.48,27.133974596216));
#3045 = CARTESIAN_POINT('',(-63.48,28.));
#3046 = ( GEOMETRIC_REPRESENTATION_CONTEXT(2) 
PARAMETRIC_REPRESENTATION_CONTEXT() REPRESENTATION_CONTEXT('2D SPACE',''
  ) );
#3047 = PCURVE('',#3048,#3053);
#3048 = CYLINDRICAL_SURFACE('',#3049,0.5);
#3049 = AXIS2_PLACEMENT_3D('',#3050,#3051,#3052);
#3050 = CARTESIAN_POINT('',(260.48,-152.,-1.E-02));
#3051 = DIRECTION('',(0.,0.,1.));
#3052 = DIRECTION('',(1.,0.,-0.));
#3053 = DEFINITIONAL_REPRESENTATION('',(#3054),#3058);
#3054 = LINE('',#3055,#3056);
#3055 = CARTESIAN_POINT('',(0.,1.E-02));
#3056 = VECTOR('',#3057,1.);
#3057 = DIRECTION('',(1.,0.));
#3058 = ( GEOMETRIC_REPRESENTATION_CONTEXT(2) 
PARAMETRIC_REPRESENTATION_CONTEXT() REPRESENTATION_CONTEXT('2D SPACE',''
  ) );
#3059 = FACE_BOUND('',#3060,.T.);
#3060 = EDGE_LOOP('',(#3061));
#3061 = ORIENTED_EDGE('',*,*,#3062,.T.);
#3062 = EDGE_CURVE('',#3063,#3063,#3065,.T.);
#3063 = VERTEX_POINT('',#3064);
#3064 = CARTESIAN_POINT('',(258.44,-152.,0.));
#3065 = SURFACE_CURVE('',#3066,(#3071,#3082),.PCURVE_S1.);
#3066 = CIRCLE('',#3067,0.5);
#3067 = AXIS2_PLACEMENT_3D('',#3068,#3069,#3070);
#3068 = CARTESIAN_POINT('',(257.94,-152.,0.));
#3069 = DIRECTION('',(0.,0.,1.));
#3070 = DIRECTION('',(1.,0.,-0.));
#3071 = PCURVE('',#144,#3072);
#3072 = DEFINITIONAL_REPRESENTATION('',(#3073),#3081);
#3073 = ( BOUNDED_CURVE() B_SPLINE_CURVE(2,(#3074,#3075,#3076,#3077,
#3078,#3079,#3080),.UNSPECIFIED.,.T.,.F.) B_SPLINE_CURVE_WITH_KNOTS((1,2
    ,2,2,2,1),(-2.094395102393,0.,2.094395102393,4.188790204786,
6.28318530718,8.377580409573),.UNSPECIFIED.) CURVE() 
GEOMETRIC_REPRESENTATION_ITEM() RATIONAL_B_SPLINE_CURVE((1.,0.5,1.,0.5,
1.,0.5,1.)) REPRESENTATION_ITEM('') );
#3074 = CARTESIAN_POINT('',(-60.94,28.));
#3075 = CARTESIAN_POINT('',(-60.94,28.866025403784));
#3076 = CARTESIAN_POINT('',(-60.19,28.433012701892));
#3077 = CARTESIAN_POINT('',(-59.44,28.));
#3078 = CARTESIAN_POINT('',(-60.19,27.566987298108));
#3079 = CARTESIAN_POINT('',(-60.94,27.133974596216));
#3080 = CARTESIAN_POINT('',(-60.94,28.));
#3081 = ( GEOMETRIC_REPRESENTATION_CONTEXT(2) 
PARAMETRIC_REPRESENTATION_CONTEXT() REPRESENTATION_CONTEXT('2D SPACE',''
  ) );
#3082 = PCURVE('',#3083,#3088);
#3083 = CYLINDRICAL_SURFACE('',#3084,0.5);
#3084 = AXIS2_PLACEMENT_3D('',#3085,#3086,#3087);
#3085 = CARTESIAN_POINT('',(257.94,-152.,-1.E-02));
#3086 = DIRECTION('',(0.,0.,1.));
#3087 = DIRECTION('',(1.,0.,-0.));
#3088 = DEFINITIONAL_REPRESENTATION('',(#3089),#3093);
#3089 = LINE('',#3090,#3091);
#3090 = CARTESIAN_POINT('',(0.,1.E-02));
#3091 = VECTOR('',#3092,1.);
#3092 = DIRECTION('',(1.,0.));
#3093 = ( GEOMETRIC_REPRESENTATION_CONTEXT(2) 
PARAMETRIC_REPRESENTATION_CONTEXT() REPRESENTATION_CONTEXT('2D SPACE',''
  ) );
#3094 = FACE_BOUND('',#3095,.T.);
#3095 = EDGE_LOOP('',(#3096));
#3096 = ORIENTED_EDGE('',*,*,#3097,.T.);
#3097 = EDGE_CURVE('',#3098,#3098,#3100,.T.);
#3098 = VERTEX_POINT('',#3099);
#3099 = CARTESIAN_POINT('',(255.9,-152.,0.));
#3100 = SURFACE_CURVE('',#3101,(#3106,#3117),.PCURVE_S1.);
#3101 = CIRCLE('',#3102,0.5);
#3102 = AXIS2_PLACEMENT_3D('',#3103,#3104,#3105);
#3103 = CARTESIAN_POINT('',(255.4,-152.,0.));
#3104 = DIRECTION('',(0.,0.,1.));
#3105 = DIRECTION('',(1.,0.,-0.));
#3106 = PCURVE('',#144,#3107);
#3107 = DEFINITIONAL_REPRESENTATION('',(#3108),#3116);
#3108 = ( BOUNDED_CURVE() B_SPLINE_CURVE(2,(#3109,#3110,#3111,#3112,
#3113,#3114,#3115),.UNSPECIFIED.,.T.,.F.) B_SPLINE_CURVE_WITH_KNOTS((1,2
    ,2,2,2,1),(-2.094395102393,0.,2.094395102393,4.188790204786,
6.28318530718,8.377580409573),.UNSPECIFIED.) CURVE() 
GEOMETRIC_REPRESENTATION_ITEM() RATIONAL_B_SPLINE_CURVE((1.,0.5,1.,0.5,
1.,0.5,1.)) REPRESENTATION_ITEM('') );
#3109 = CARTESIAN_POINT('',(-58.4,28.));
#3110 = CARTESIAN_POINT('',(-58.4,28.866025403784));
#3111 = CARTESIAN_POINT('',(-57.65,28.433012701892));
#3112 = CARTESIAN_POINT('',(-56.9,28.));
#3113 = CARTESIAN_POINT('',(-57.65,27.566987298108));
#3114 = CARTESIAN_POINT('',(-58.4,27.133974596216));
#3115 = CARTESIAN_POINT('',(-58.4,28.));
#3116 = ( GEOMETRIC_REPRESENTATION_CONTEXT(2) 
PARAMETRIC_REPRESENTATION_CONTEXT() REPRESENTATION_CONTEXT('2D SPACE',''
  ) );
#3117 = PCURVE('',#3118,#3123);
#3118 = CYLINDRICAL_SURFACE('',#3119,0.5);
#3119 = AXIS2_PLACEMENT_3D('',#3120,#3121,#3122);
#3120 = CARTESIAN_POINT('',(255.4,-152.,-1.E-02));
#3121 = DIRECTION('',(0.,0.,1.));
#3122 = DIRECTION('',(1.,0.,-0.));
#3123 = DEFINITIONAL_REPRESENTATION('',(#3124),#3128);
#3124 = LINE('',#3125,#3126);
#3125 = CARTESIAN_POINT('',(0.,1.E-02));
#3126 = VECTOR('',#3127,1.);
#3127 = DIRECTION('',(1.,0.));
#3128 = ( GEOMETRIC_REPRESENTATION_CONTEXT(2) 
PARAMETRIC_REPRESENTATION_CONTEXT() REPRESENTATION_CONTEXT('2D SPACE',''
  ) );
#3129 = FACE_BOUND('',#3130,.T.);
#3130 = EDGE_LOOP('',(#3131));
#3131 = ORIENTED_EDGE('',*,*,#3132,.T.);
#3132 = EDGE_CURVE('',#3133,#3133,#3135,.T.);
#3133 = VERTEX_POINT('',#3134);
#3134 = CARTESIAN_POINT('',(253.36,-152.,0.));
#3135 = SURFACE_CURVE('',#3136,(#3141,#3152),.PCURVE_S1.);
#3136 = CIRCLE('',#3137,0.5);
#3137 = AXIS2_PLACEMENT_3D('',#3138,#3139,#3140);
#3138 = CARTESIAN_POINT('',(252.86,-152.,0.));
#3139 = DIRECTION('',(0.,0.,1.));
#3140 = DIRECTION('',(1.,0.,-0.));
#3141 = PCURVE('',#144,#3142);
#3142 = DEFINITIONAL_REPRESENTATION('',(#3143),#3151);
#3143 = ( BOUNDED_CURVE() B_SPLINE_CURVE(2,(#3144,#3145,#3146,#3147,
#3148,#3149,#3150),.UNSPECIFIED.,.T.,.F.) B_SPLINE_CURVE_WITH_KNOTS((1,2
    ,2,2,2,1),(-2.094395102393,0.,2.094395102393,4.188790204786,
6.28318530718,8.377580409573),.UNSPECIFIED.) CURVE() 
GEOMETRIC_REPRESENTATION_ITEM() RATIONAL_B_SPLINE_CURVE((1.,0.5,1.,0.5,
1.,0.5,1.)) REPRESENTATION_ITEM('') );
#3144 = CARTESIAN_POINT('',(-55.86,28.));
#3145 = CARTESIAN_POINT('',(-55.86,28.866025403784));
#3146 = CARTESIAN_POINT('',(-55.11,28.433012701892));
#3147 = CARTESIAN_POINT('',(-54.36,28.));
#3148 = CARTESIAN_POINT('',(-55.11,27.566987298108));
#3149 = CARTESIAN_POINT('',(-55.86,27.133974596216));
#3150 = CARTESIAN_POINT('',(-55.86,28.));
#3151 = ( GEOMETRIC_REPRESENTATION_CONTEXT(2) 
PARAMETRIC_REPRESENTATION_CONTEXT() REPRESENTATION_CONTEXT('2D SPACE',''
  ) );
#3152 = PCURVE('',#3153,#3158);
#3153 = CYLINDRICAL_SURFACE('',#3154,0.5);
#3154 = AXIS2_PLACEMENT_3D('',#3155,#3156,#3157);
#3155 = CARTESIAN_POINT('',(252.86,-152.,-1.E-02));
#3156 = DIRECTION('',(0.,0.,1.));
#3157 = DIRECTION('',(1.,0.,-0.));
#3158 = DEFINITIONAL_REPRESENTATION('',(#3159),#3163);
#3159 = LINE('',#3160,#3161);
#3160 = CARTESIAN_POINT('',(0.,1.E-02));
#3161 = VECTOR('',#3162,1.);
#3162 = DIRECTION('',(1.,0.));
#3163 = ( GEOMETRIC_REPRESENTATION_CONTEXT(2) 
PARAMETRIC_REPRESENTATION_CONTEXT() REPRESENTATION_CONTEXT('2D SPACE',''
  ) );
#3164 = FACE_BOUND('',#3165,.T.);
#3165 = EDGE_LOOP('',(#3166));
#3166 = ORIENTED_EDGE('',*,*,#3167,.T.);
#3167 = EDGE_CURVE('',#3168,#3168,#3170,.T.);
#3168 = VERTEX_POINT('',#3169);
#3169 = CARTESIAN_POINT('',(250.82,-152.,0.));
#3170 = SURFACE_CURVE('',#3171,(#3176,#3187),.PCURVE_S1.);
#3171 = CIRCLE('',#3172,0.5);
#3172 = AXIS2_PLACEMENT_3D('',#3173,#3174,#3175);
#3173 = CARTESIAN_POINT('',(250.32,-152.,0.));
#3174 = DIRECTION('',(0.,0.,1.));
#3175 = DIRECTION('',(1.,0.,-0.));
#3176 = PCURVE('',#144,#3177);
#3177 = DEFINITIONAL_REPRESENTATION('',(#3178),#3186);
#3178 = ( BOUNDED_CURVE() B_SPLINE_CURVE(2,(#3179,#3180,#3181,#3182,
#3183,#3184,#3185),.UNSPECIFIED.,.T.,.F.) B_SPLINE_CURVE_WITH_KNOTS((1,2
    ,2,2,2,1),(-2.094395102393,0.,2.094395102393,4.188790204786,
6.28318530718,8.377580409573),.UNSPECIFIED.) CURVE() 
GEOMETRIC_REPRESENTATION_ITEM() RATIONAL_B_SPLINE_CURVE((1.,0.5,1.,0.5,
1.,0.5,1.)) REPRESENTATION_ITEM('') );
#3179 = CARTESIAN_POINT('',(-53.32,28.));
#3180 = CARTESIAN_POINT('',(-53.32,28.866025403784));
#3181 = CARTESIAN_POINT('',(-52.57,28.433012701892));
#3182 = CARTESIAN_POINT('',(-51.82,28.));
#3183 = CARTESIAN_POINT('',(-52.57,27.566987298108));
#3184 = CARTESIAN_POINT('',(-53.32,27.133974596216));
#3185 = CARTESIAN_POINT('',(-53.32,28.));
#3186 = ( GEOMETRIC_REPRESENTATION_CONTEXT(2) 
PARAMETRIC_REPRESENTATION_CONTEXT() REPRESENTATION_CONTEXT('2D SPACE',''
  ) );
#3187 = PCURVE('',#3188,#3193);
#3188 = CYLINDRICAL_SURFACE('',#3189,0.5);
#3189 = AXIS2_PLACEMENT_3D('',#3190,#3191,#3192);
#3190 = CARTESIAN_POINT('',(250.32,-152.,-1.E-02));
#3191 = DIRECTION('',(0.,0.,1.));
#3192 = DIRECTION('',(1.,0.,-0.));
#3193 = DEFINITIONAL_REPRESENTATION('',(#3194),#3198);
#3194 = LINE('',#3195,#3196);
#3195 = CARTESIAN_POINT('',(0.,1.E-02));
#3196 = VECTOR('',#3197,1.);
#3197 = DIRECTION('',(1.,0.));
#3198 = ( GEOMETRIC_REPRESENTATION_CONTEXT(2) 
PARAMETRIC_REPRESENTATION_CONTEXT() REPRESENTATION_CONTEXT('2D SPACE',''
  ) );
#3199 = FACE_BOUND('',#3200,.T.);
#3200 = EDGE_LOOP('',(#3201));
#3201 = ORIENTED_EDGE('',*,*,#3202,.T.);
#3202 = EDGE_CURVE('',#3203,#3203,#3205,.T.);
#3203 = VERTEX_POINT('',#3204);
#3204 = CARTESIAN_POINT('',(248.28,-152.,0.));
#3205 = SURFACE_CURVE('',#3206,(#3211,#3222),.PCURVE_S1.);
#3206 = CIRCLE('',#3207,0.5);
#3207 = AXIS2_PLACEMENT_3D('',#3208,#3209,#3210);
#3208 = CARTESIAN_POINT('',(247.78,-152.,0.));
#3209 = DIRECTION('',(0.,0.,1.));
#3210 = DIRECTION('',(1.,0.,-0.));
#3211 = PCURVE('',#144,#3212);
#3212 = DEFINITIONAL_REPRESENTATION('',(#3213),#3221);
#3213 = ( BOUNDED_CURVE() B_SPLINE_CURVE(2,(#3214,#3215,#3216,#3217,
#3218,#3219,#3220),.UNSPECIFIED.,.T.,.F.) B_SPLINE_CURVE_WITH_KNOTS((1,2
    ,2,2,2,1),(-2.094395102393,0.,2.094395102393,4.188790204786,
6.28318530718,8.377580409573),.UNSPECIFIED.) CURVE() 
GEOMETRIC_REPRESENTATION_ITEM() RATIONAL_B_SPLINE_CURVE((1.,0.5,1.,0.5,
1.,0.5,1.)) REPRESENTATION_ITEM('') );
#3214 = CARTESIAN_POINT('',(-50.78,28.));
#3215 = CARTESIAN_POINT('',(-50.78,28.866025403784));
#3216 = CARTESIAN_POINT('',(-50.03,28.433012701892));
#3217 = CARTESIAN_POINT('',(-49.28,28.));
#3218 = CARTESIAN_POINT('',(-50.03,27.566987298108));
#3219 = CARTESIAN_POINT('',(-50.78,27.133974596216));
#3220 = CARTESIAN_POINT('',(-50.78,28.));
#3221 = ( GEOMETRIC_REPRESENTATION_CONTEXT(2) 
PARAMETRIC_REPRESENTATION_CONTEXT() REPRESENTATION_CONTEXT('2D SPACE',''
  ) );
#3222 = PCURVE('',#3223,#3228);
#3223 = CYLINDRICAL_SURFACE('',#3224,0.5);
#3224 = AXIS2_PLACEMENT_3D('',#3225,#3226,#3227);
#3225 = CARTESIAN_POINT('',(247.78,-152.,-1.E-02));
#3226 = DIRECTION('',(0.,0.,1.));
#3227 = DIRECTION('',(1.,0.,-0.));
#3228 = DEFINITIONAL_REPRESENTATION('',(#3229),#3233);
#3229 = LINE('',#3230,#3231);
#3230 = CARTESIAN_POINT('',(0.,1.E-02));
#3231 = VECTOR('',#3232,1.);
#3232 = DIRECTION('',(1.,0.));
#3233 = ( GEOMETRIC_REPRESENTATION_CONTEXT(2) 
PARAMETRIC_REPRESENTATION_CONTEXT() REPRESENTATION_CONTEXT('2D SPACE',''
  ) );
#3234 = FACE_BOUND('',#3235,.T.);
#3235 = EDGE_LOOP('',(#3236));
#3236 = ORIENTED_EDGE('',*,*,#3237,.T.);
#3237 = EDGE_CURVE('',#3238,#3238,#3240,.T.);
#3238 = VERTEX_POINT('',#3239);
#3239 = CARTESIAN_POINT('',(268.6,-149.46,0.));
#3240 = SURFACE_CURVE('',#3241,(#3246,#3257),.PCURVE_S1.);
#3241 = CIRCLE('',#3242,0.5);
#3242 = AXIS2_PLACEMENT_3D('',#3243,#3244,#3245);
#3243 = CARTESIAN_POINT('',(268.1,-149.46,0.));
#3244 = DIRECTION('',(0.,0.,1.));
#3245 = DIRECTION('',(1.,0.,-0.));
#3246 = PCURVE('',#144,#3247);
#3247 = DEFINITIONAL_REPRESENTATION('',(#3248),#3256);
#3248 = ( BOUNDED_CURVE() B_SPLINE_CURVE(2,(#3249,#3250,#3251,#3252,
#3253,#3254,#3255),.UNSPECIFIED.,.T.,.F.) B_SPLINE_CURVE_WITH_KNOTS((1,2
    ,2,2,2,1),(-2.094395102393,0.,2.094395102393,4.188790204786,
6.28318530718,8.377580409573),.UNSPECIFIED.) CURVE() 
GEOMETRIC_REPRESENTATION_ITEM() RATIONAL_B_SPLINE_CURVE((1.,0.5,1.,0.5,
1.,0.5,1.)) REPRESENTATION_ITEM('') );
#3249 = CARTESIAN_POINT('',(-71.1,30.54));
#3250 = CARTESIAN_POINT('',(-71.1,31.406025403784));
#3251 = CARTESIAN_POINT('',(-70.35,30.973012701892));
#3252 = CARTESIAN_POINT('',(-69.6,30.54));
#3253 = CARTESIAN_POINT('',(-70.35,30.106987298108));
#3254 = CARTESIAN_POINT('',(-71.1,29.673974596216));
#3255 = CARTESIAN_POINT('',(-71.1,30.54));
#3256 = ( GEOMETRIC_REPRESENTATION_CONTEXT(2) 
PARAMETRIC_REPRESENTATION_CONTEXT() REPRESENTATION_CONTEXT('2D SPACE',''
  ) );
#3257 = PCURVE('',#3258,#3263);
#3258 = CYLINDRICAL_SURFACE('',#3259,0.5);
#3259 = AXIS2_PLACEMENT_3D('',#3260,#3261,#3262);
#3260 = CARTESIAN_POINT('',(268.1,-149.46,-1.E-02));
#3261 = DIRECTION('',(0.,0.,1.));
#3262 = DIRECTION('',(1.,0.,-0.));
#3263 = DEFINITIONAL_REPRESENTATION('',(#3264),#3268);
#3264 = LINE('',#3265,#3266);
#3265 = CARTESIAN_POINT('',(0.,1.E-02));
#3266 = VECTOR('',#3267,1.);
#3267 = DIRECTION('',(1.,0.));
#3268 = ( GEOMETRIC_REPRESENTATION_CONTEXT(2) 
PARAMETRIC_REPRESENTATION_CONTEXT() REPRESENTATION_CONTEXT('2D SPACE',''
  ) );
#3269 = FACE_BOUND('',#3270,.T.);
#3270 = EDGE_LOOP('',(#3271));
#3271 = ORIENTED_EDGE('',*,*,#3272,.T.);
#3272 = EDGE_CURVE('',#3273,#3273,#3275,.T.);
#3273 = VERTEX_POINT('',#3274);
#3274 = CARTESIAN_POINT('',(266.06,-149.46,0.));
#3275 = SURFACE_CURVE('',#3276,(#3281,#3292),.PCURVE_S1.);
#3276 = CIRCLE('',#3277,0.5);
#3277 = AXIS2_PLACEMENT_3D('',#3278,#3279,#3280);
#3278 = CARTESIAN_POINT('',(265.56,-149.46,0.));
#3279 = DIRECTION('',(0.,0.,1.));
#3280 = DIRECTION('',(1.,0.,-0.));
#3281 = PCURVE('',#144,#3282);
#3282 = DEFINITIONAL_REPRESENTATION('',(#3283),#3291);
#3283 = ( BOUNDED_CURVE() B_SPLINE_CURVE(2,(#3284,#3285,#3286,#3287,
#3288,#3289,#3290),.UNSPECIFIED.,.T.,.F.) B_SPLINE_CURVE_WITH_KNOTS((1,2
    ,2,2,2,1),(-2.094395102393,0.,2.094395102393,4.188790204786,
6.28318530718,8.377580409573),.UNSPECIFIED.) CURVE() 
GEOMETRIC_REPRESENTATION_ITEM() RATIONAL_B_SPLINE_CURVE((1.,0.5,1.,0.5,
1.,0.5,1.)) REPRESENTATION_ITEM('') );
#3284 = CARTESIAN_POINT('',(-68.56,30.54));
#3285 = CARTESIAN_POINT('',(-68.56,31.406025403784));
#3286 = CARTESIAN_POINT('',(-67.81,30.973012701892));
#3287 = CARTESIAN_POINT('',(-67.06,30.54));
#3288 = CARTESIAN_POINT('',(-67.81,30.106987298108));
#3289 = CARTESIAN_POINT('',(-68.56,29.673974596216));
#3290 = CARTESIAN_POINT('',(-68.56,30.54));
#3291 = ( GEOMETRIC_REPRESENTATION_CONTEXT(2) 
PARAMETRIC_REPRESENTATION_CONTEXT() REPRESENTATION_CONTEXT('2D SPACE',''
  ) );
#3292 = PCURVE('',#3293,#3298);
#3293 = CYLINDRICAL_SURFACE('',#3294,0.5);
#3294 = AXIS2_PLACEMENT_3D('',#3295,#3296,#3297);
#3295 = CARTESIAN_POINT('',(265.56,-149.46,-1.E-02));
#3296 = DIRECTION('',(0.,0.,1.));
#3297 = DIRECTION('',(1.,0.,-0.));
#3298 = DEFINITIONAL_REPRESENTATION('',(#3299),#3303);
#3299 = LINE('',#3300,#3301);
#3300 = CARTESIAN_POINT('',(0.,1.E-02));
#3301 = VECTOR('',#3302,1.);
#3302 = DIRECTION('',(1.,0.));
#3303 = ( GEOMETRIC_REPRESENTATION_CONTEXT(2) 
PARAMETRIC_REPRESENTATION_CONTEXT() REPRESENTATION_CONTEXT('2D SPACE',''
  ) );
#3304 = FACE_BOUND('',#3305,.T.);
#3305 = EDGE_LOOP('',(#3306));
#3306 = ORIENTED_EDGE('',*,*,#3307,.T.);
#3307 = EDGE_CURVE('',#3308,#3308,#3310,.T.);
#3308 = VERTEX_POINT('',#3309);
#3309 = CARTESIAN_POINT('',(263.52,-149.46,0.));
#3310 = SURFACE_CURVE('',#3311,(#3316,#3327),.PCURVE_S1.);
#3311 = CIRCLE('',#3312,0.5);
#3312 = AXIS2_PLACEMENT_3D('',#3313,#3314,#3315);
#3313 = CARTESIAN_POINT('',(263.02,-149.46,0.));
#3314 = DIRECTION('',(0.,0.,1.));
#3315 = DIRECTION('',(1.,0.,-0.));
#3316 = PCURVE('',#144,#3317);
#3317 = DEFINITIONAL_REPRESENTATION('',(#3318),#3326);
#3318 = ( BOUNDED_CURVE() B_SPLINE_CURVE(2,(#3319,#3320,#3321,#3322,
#3323,#3324,#3325),.UNSPECIFIED.,.T.,.F.) B_SPLINE_CURVE_WITH_KNOTS((1,2
    ,2,2,2,1),(-2.094395102393,0.,2.094395102393,4.188790204786,
6.28318530718,8.377580409573),.UNSPECIFIED.) CURVE() 
GEOMETRIC_REPRESENTATION_ITEM() RATIONAL_B_SPLINE_CURVE((1.,0.5,1.,0.5,
1.,0.5,1.)) REPRESENTATION_ITEM('') );
#3319 = CARTESIAN_POINT('',(-66.02,30.54));
#3320 = CARTESIAN_POINT('',(-66.02,31.406025403784));
#3321 = CARTESIAN_POINT('',(-65.27,30.973012701892));
#3322 = CARTESIAN_POINT('',(-64.52,30.54));
#3323 = CARTESIAN_POINT('',(-65.27,30.106987298108));
#3324 = CARTESIAN_POINT('',(-66.02,29.673974596216));
#3325 = CARTESIAN_POINT('',(-66.02,30.54));
#3326 = ( GEOMETRIC_REPRESENTATION_CONTEXT(2) 
PARAMETRIC_REPRESENTATION_CONTEXT() REPRESENTATION_CONTEXT('2D SPACE',''
  ) );
#3327 = PCURVE('',#3328,#3333);
#3328 = CYLINDRICAL_SURFACE('',#3329,0.5);
#3329 = AXIS2_PLACEMENT_3D('',#3330,#3331,#3332);
#3330 = CARTESIAN_POINT('',(263.02,-149.46,-1.E-02));
#3331 = DIRECTION('',(0.,0.,1.));
#3332 = DIRECTION('',(1.,0.,-0.));
#3333 = DEFINITIONAL_REPRESENTATION('',(#3334),#3338);
#3334 = LINE('',#3335,#3336);
#3335 = CARTESIAN_POINT('',(0.,1.E-02));
#3336 = VECTOR('',#3337,1.);
#3337 = DIRECTION('',(1.,0.));
#3338 = ( GEOMETRIC_REPRESENTATION_CONTEXT(2) 
PARAMETRIC_REPRESENTATION_CONTEXT() REPRESENTATION_CONTEXT('2D SPACE',''
  ) );
#3339 = FACE_BOUND('',#3340,.T.);
#3340 = EDGE_LOOP('',(#3341));
#3341 = ORIENTED_EDGE('',*,*,#3342,.T.);
#3342 = EDGE_CURVE('',#3343,#3343,#3345,.T.);
#3343 = VERTEX_POINT('',#3344);
#3344 = CARTESIAN_POINT('',(260.98,-149.46,0.));
#3345 = SURFACE_CURVE('',#3346,(#3351,#3362),.PCURVE_S1.);
#3346 = CIRCLE('',#3347,0.5);
#3347 = AXIS2_PLACEMENT_3D('',#3348,#3349,#3350);
#3348 = CARTESIAN_POINT('',(260.48,-149.46,0.));
#3349 = DIRECTION('',(0.,0.,1.));
#3350 = DIRECTION('',(1.,0.,-0.));
#3351 = PCURVE('',#144,#3352);
#3352 = DEFINITIONAL_REPRESENTATION('',(#3353),#3361);
#3353 = ( BOUNDED_CURVE() B_SPLINE_CURVE(2,(#3354,#3355,#3356,#3357,
#3358,#3359,#3360),.UNSPECIFIED.,.T.,.F.) B_SPLINE_CURVE_WITH_KNOTS((1,2
    ,2,2,2,1),(-2.094395102393,0.,2.094395102393,4.188790204786,
6.28318530718,8.377580409573),.UNSPECIFIED.) CURVE() 
GEOMETRIC_REPRESENTATION_ITEM() RATIONAL_B_SPLINE_CURVE((1.,0.5,1.,0.5,
1.,0.5,1.)) REPRESENTATION_ITEM('') );
#3354 = CARTESIAN_POINT('',(-63.48,30.54));
#3355 = CARTESIAN_POINT('',(-63.48,31.406025403784));
#3356 = CARTESIAN_POINT('',(-62.73,30.973012701892));
#3357 = CARTESIAN_POINT('',(-61.98,30.54));
#3358 = CARTESIAN_POINT('',(-62.73,30.106987298108));
#3359 = CARTESIAN_POINT('',(-63.48,29.673974596216));
#3360 = CARTESIAN_POINT('',(-63.48,30.54));
#3361 = ( GEOMETRIC_REPRESENTATION_CONTEXT(2) 
PARAMETRIC_REPRESENTATION_CONTEXT() REPRESENTATION_CONTEXT('2D SPACE',''
  ) );
#3362 = PCURVE('',#3363,#3368);
#3363 = CYLINDRICAL_SURFACE('',#3364,0.5);
#3364 = AXIS2_PLACEMENT_3D('',#3365,#3366,#3367);
#3365 = CARTESIAN_POINT('',(260.48,-149.46,-1.E-02));
#3366 = DIRECTION('',(0.,0.,1.));
#3367 = DIRECTION('',(1.,0.,-0.));
#3368 = DEFINITIONAL_REPRESENTATION('',(#3369),#3373);
#3369 = LINE('',#3370,#3371);
#3370 = CARTESIAN_POINT('',(0.,1.E-02));
#3371 = VECTOR('',#3372,1.);
#3372 = DIRECTION('',(1.,0.));
#3373 = ( GEOMETRIC_REPRESENTATION_CONTEXT(2) 
PARAMETRIC_REPRESENTATION_CONTEXT() REPRESENTATION_CONTEXT('2D SPACE',''
  ) );
#3374 = FACE_BOUND('',#3375,.T.);
#3375 = EDGE_LOOP('',(#3376));
#3376 = ORIENTED_EDGE('',*,*,#3377,.T.);
#3377 = EDGE_CURVE('',#3378,#3378,#3380,.T.);
#3378 = VERTEX_POINT('',#3379);
#3379 = CARTESIAN_POINT('',(258.44,-149.46,0.));
#3380 = SURFACE_CURVE('',#3381,(#3386,#3397),.PCURVE_S1.);
#3381 = CIRCLE('',#3382,0.5);
#3382 = AXIS2_PLACEMENT_3D('',#3383,#3384,#3385);
#3383 = CARTESIAN_POINT('',(257.94,-149.46,0.));
#3384 = DIRECTION('',(0.,0.,1.));
#3385 = DIRECTION('',(1.,0.,-0.));
#3386 = PCURVE('',#144,#3387);
#3387 = DEFINITIONAL_REPRESENTATION('',(#3388),#3396);
#3388 = ( BOUNDED_CURVE() B_SPLINE_CURVE(2,(#3389,#3390,#3391,#3392,
#3393,#3394,#3395),.UNSPECIFIED.,.T.,.F.) B_SPLINE_CURVE_WITH_KNOTS((1,2
    ,2,2,2,1),(-2.094395102393,0.,2.094395102393,4.188790204786,
6.28318530718,8.377580409573),.UNSPECIFIED.) CURVE() 
GEOMETRIC_REPRESENTATION_ITEM() RATIONAL_B_SPLINE_CURVE((1.,0.5,1.,0.5,
1.,0.5,1.)) REPRESENTATION_ITEM('') );
#3389 = CARTESIAN_POINT('',(-60.94,30.54));
#3390 = CARTESIAN_POINT('',(-60.94,31.406025403784));
#3391 = CARTESIAN_POINT('',(-60.19,30.973012701892));
#3392 = CARTESIAN_POINT('',(-59.44,30.54));
#3393 = CARTESIAN_POINT('',(-60.19,30.106987298108));
#3394 = CARTESIAN_POINT('',(-60.94,29.673974596216));
#3395 = CARTESIAN_POINT('',(-60.94,30.54));
#3396 = ( GEOMETRIC_REPRESENTATION_CONTEXT(2) 
PARAMETRIC_REPRESENTATION_CONTEXT() REPRESENTATION_CONTEXT('2D SPACE',''
  ) );
#3397 = PCURVE('',#3398,#3403);
#3398 = CYLINDRICAL_SURFACE('',#3399,0.5);
#3399 = AXIS2_PLACEMENT_3D('',#3400,#3401,#3402);
#3400 = CARTESIAN_POINT('',(257.94,-149.46,-1.E-02));
#3401 = DIRECTION('',(0.,0.,1.));
#3402 = DIRECTION('',(1.,0.,-0.));
#3403 = DEFINITIONAL_REPRESENTATION('',(#3404),#3408);
#3404 = LINE('',#3405,#3406);
#3405 = CARTESIAN_POINT('',(0.,1.E-02));
#3406 = VECTOR('',#3407,1.);
#3407 = DIRECTION('',(1.,0.));
#3408 = ( GEOMETRIC_REPRESENTATION_CONTEXT(2) 
PARAMETRIC_REPRESENTATION_CONTEXT() REPRESENTATION_CONTEXT('2D SPACE',''
  ) );
#3409 = FACE_BOUND('',#3410,.T.);
#3410 = EDGE_LOOP('',(#3411));
#3411 = ORIENTED_EDGE('',*,*,#3412,.T.);
#3412 = EDGE_CURVE('',#3413,#3413,#3415,.T.);
#3413 = VERTEX_POINT('',#3414);
#3414 = CARTESIAN_POINT('',(255.9,-149.46,0.));
#3415 = SURFACE_CURVE('',#3416,(#3421,#3432),.PCURVE_S1.);
#3416 = CIRCLE('',#3417,0.5);
#3417 = AXIS2_PLACEMENT_3D('',#3418,#3419,#3420);
#3418 = CARTESIAN_POINT('',(255.4,-149.46,0.));
#3419 = DIRECTION('',(0.,0.,1.));
#3420 = DIRECTION('',(1.,0.,-0.));
#3421 = PCURVE('',#144,#3422);
#3422 = DEFINITIONAL_REPRESENTATION('',(#3423),#3431);
#3423 = ( BOUNDED_CURVE() B_SPLINE_CURVE(2,(#3424,#3425,#3426,#3427,
#3428,#3429,#3430),.UNSPECIFIED.,.T.,.F.) B_SPLINE_CURVE_WITH_KNOTS((1,2
    ,2,2,2,1),(-2.094395102393,0.,2.094395102393,4.188790204786,
6.28318530718,8.377580409573),.UNSPECIFIED.) CURVE() 
GEOMETRIC_REPRESENTATION_ITEM() RATIONAL_B_SPLINE_CURVE((1.,0.5,1.,0.5,
1.,0.5,1.)) REPRESENTATION_ITEM('') );
#3424 = CARTESIAN_POINT('',(-58.4,30.54));
#3425 = CARTESIAN_POINT('',(-58.4,31.406025403784));
#3426 = CARTESIAN_POINT('',(-57.65,30.973012701892));
#3427 = CARTESIAN_POINT('',(-56.9,30.54));
#3428 = CARTESIAN_POINT('',(-57.65,30.106987298108));
#3429 = CARTESIAN_POINT('',(-58.4,29.673974596216));
#3430 = CARTESIAN_POINT('',(-58.4,30.54));
#3431 = ( GEOMETRIC_REPRESENTATION_CONTEXT(2) 
PARAMETRIC_REPRESENTATION_CONTEXT() REPRESENTATION_CONTEXT('2D SPACE',''
  ) );
#3432 = PCURVE('',#3433,#3438);
#3433 = CYLINDRICAL_SURFACE('',#3434,0.5);
#3434 = AXIS2_PLACEMENT_3D('',#3435,#3436,#3437);
#3435 = CARTESIAN_POINT('',(255.4,-149.46,-1.E-02));
#3436 = DIRECTION('',(0.,0.,1.));
#3437 = DIRECTION('',(1.,0.,-0.));
#3438 = DEFINITIONAL_REPRESENTATION('',(#3439),#3443);
#3439 = LINE('',#3440,#3441);
#3440 = CARTESIAN_POINT('',(0.,1.E-02));
#3441 = VECTOR('',#3442,1.);
#3442 = DIRECTION('',(1.,0.));
#3443 = ( GEOMETRIC_REPRESENTATION_CONTEXT(2) 
PARAMETRIC_REPRESENTATION_CONTEXT() REPRESENTATION_CONTEXT('2D SPACE',''
  ) );
#3444 = FACE_BOUND('',#3445,.T.);
#3445 = EDGE_LOOP('',(#3446));
#3446 = ORIENTED_EDGE('',*,*,#3447,.T.);
#3447 = EDGE_CURVE('',#3448,#3448,#3450,.T.);
#3448 = VERTEX_POINT('',#3449);
#3449 = CARTESIAN_POINT('',(253.36,-149.46,0.));
#3450 = SURFACE_CURVE('',#3451,(#3456,#3467),.PCURVE_S1.);
#3451 = CIRCLE('',#3452,0.5);
#3452 = AXIS2_PLACEMENT_3D('',#3453,#3454,#3455);
#3453 = CARTESIAN_POINT('',(252.86,-149.46,0.));
#3454 = DIRECTION('',(0.,0.,1.));
#3455 = DIRECTION('',(1.,0.,-0.));
#3456 = PCURVE('',#144,#3457);
#3457 = DEFINITIONAL_REPRESENTATION('',(#3458),#3466);
#3458 = ( BOUNDED_CURVE() B_SPLINE_CURVE(2,(#3459,#3460,#3461,#3462,
#3463,#3464,#3465),.UNSPECIFIED.,.T.,.F.) B_SPLINE_CURVE_WITH_KNOTS((1,2
    ,2,2,2,1),(-2.094395102393,0.,2.094395102393,4.188790204786,
6.28318530718,8.377580409573),.UNSPECIFIED.) CURVE() 
GEOMETRIC_REPRESENTATION_ITEM() RATIONAL_B_SPLINE_CURVE((1.,0.5,1.,0.5,
1.,0.5,1.)) REPRESENTATION_ITEM('') );
#3459 = CARTESIAN_POINT('',(-55.86,30.54));
#3460 = CARTESIAN_POINT('',(-55.86,31.406025403784));
#3461 = CARTESIAN_POINT('',(-55.11,30.973012701892));
#3462 = CARTESIAN_POINT('',(-54.36,30.54));
#3463 = CARTESIAN_POINT('',(-55.11,30.106987298108));
#3464 = CARTESIAN_POINT('',(-55.86,29.673974596216));
#3465 = CARTESIAN_POINT('',(-55.86,30.54));
#3466 = ( GEOMETRIC_REPRESENTATION_CONTEXT(2) 
PARAMETRIC_REPRESENTATION_CONTEXT() REPRESENTATION_CONTEXT('2D SPACE',''
  ) );
#3467 = PCURVE('',#3468,#3473);
#3468 = CYLINDRICAL_SURFACE('',#3469,0.5);
#3469 = AXIS2_PLACEMENT_3D('',#3470,#3471,#3472);
#3470 = CARTESIAN_POINT('',(252.86,-149.46,-1.E-02));
#3471 = DIRECTION('',(0.,0.,1.));
#3472 = DIRECTION('',(1.,0.,-0.));
#3473 = DEFINITIONAL_REPRESENTATION('',(#3474),#3478);
#3474 = LINE('',#3475,#3476);
#3475 = CARTESIAN_POINT('',(0.,1.E-02));
#3476 = VECTOR('',#3477,1.);
#3477 = DIRECTION('',(1.,0.));
#3478 = ( GEOMETRIC_REPRESENTATION_CONTEXT(2) 
PARAMETRIC_REPRESENTATION_CONTEXT() REPRESENTATION_CONTEXT('2D SPACE',''
  ) );
#3479 = FACE_BOUND('',#3480,.T.);
#3480 = EDGE_LOOP('',(#3481));
#3481 = ORIENTED_EDGE('',*,*,#3482,.T.);
#3482 = EDGE_CURVE('',#3483,#3483,#3485,.T.);
#3483 = VERTEX_POINT('',#3484);
#3484 = CARTESIAN_POINT('',(250.82,-149.46,0.));
#3485 = SURFACE_CURVE('',#3486,(#3491,#3502),.PCURVE_S1.);
#3486 = CIRCLE('',#3487,0.5);
#3487 = AXIS2_PLACEMENT_3D('',#3488,#3489,#3490);
#3488 = CARTESIAN_POINT('',(250.32,-149.46,0.));
#3489 = DIRECTION('',(0.,0.,1.));
#3490 = DIRECTION('',(1.,0.,-0.));
#3491 = PCURVE('',#144,#3492);
#3492 = DEFINITIONAL_REPRESENTATION('',(#3493),#3501);
#3493 = ( BOUNDED_CURVE() B_SPLINE_CURVE(2,(#3494,#3495,#3496,#3497,
#3498,#3499,#3500),.UNSPECIFIED.,.T.,.F.) B_SPLINE_CURVE_WITH_KNOTS((1,2
    ,2,2,2,1),(-2.094395102393,0.,2.094395102393,4.188790204786,
6.28318530718,8.377580409573),.UNSPECIFIED.) CURVE() 
GEOMETRIC_REPRESENTATION_ITEM() RATIONAL_B_SPLINE_CURVE((1.,0.5,1.,0.5,
1.,0.5,1.)) REPRESENTATION_ITEM('') );
#3494 = CARTESIAN_POINT('',(-53.32,30.54));
#3495 = CARTESIAN_POINT('',(-53.32,31.406025403784));
#3496 = CARTESIAN_POINT('',(-52.57,30.973012701892));
#3497 = CARTESIAN_POINT('',(-51.82,30.54));
#3498 = CARTESIAN_POINT('',(-52.57,30.106987298108));
#3499 = CARTESIAN_POINT('',(-53.32,29.673974596216));
#3500 = CARTESIAN_POINT('',(-53.32,30.54));
#3501 = ( GEOMETRIC_REPRESENTATION_CONTEXT(2) 
PARAMETRIC_REPRESENTATION_CONTEXT() REPRESENTATION_CONTEXT('2D SPACE',''
  ) );
#3502 = PCURVE('',#3503,#3508);
#3503 = CYLINDRICAL_SURFACE('',#3504,0.5);
#3504 = AXIS2_PLACEMENT_3D('',#3505,#3506,#3507);
#3505 = CARTESIAN_POINT('',(250.32,-149.46,-1.E-02));
#3506 = DIRECTION('',(0.,0.,1.));
#3507 = DIRECTION('',(1.,0.,-0.));
#3508 = DEFINITIONAL_REPRESENTATION('',(#3509),#3513);
#3509 = LINE('',#3510,#3511);
#3510 = CARTESIAN_POINT('',(0.,1.E-02));
#3511 = VECTOR('',#3512,1.);
#3512 = DIRECTION('',(1.,0.));
#3513 = ( GEOMETRIC_REPRESENTATION_CONTEXT(2) 
PARAMETRIC_REPRESENTATION_CONTEXT() REPRESENTATION_CONTEXT('2D SPACE',''
  ) );
#3514 = FACE_BOUND('',#3515,.T.);
#3515 = EDGE_LOOP('',(#3516));
#3516 = ORIENTED_EDGE('',*,*,#3517,.T.);
#3517 = EDGE_CURVE('',#3518,#3518,#3520,.T.);
#3518 = VERTEX_POINT('',#3519);
#3519 = CARTESIAN_POINT('',(248.28,-149.46,0.));
#3520 = SURFACE_CURVE('',#3521,(#3526,#3537),.PCURVE_S1.);
#3521 = CIRCLE('',#3522,0.5);
#3522 = AXIS2_PLACEMENT_3D('',#3523,#3524,#3525);
#3523 = CARTESIAN_POINT('',(247.78,-149.46,0.));
#3524 = DIRECTION('',(0.,0.,1.));
#3525 = DIRECTION('',(1.,0.,-0.));
#3526 = PCURVE('',#144,#3527);
#3527 = DEFINITIONAL_REPRESENTATION('',(#3528),#3536);
#3528 = ( BOUNDED_CURVE() B_SPLINE_CURVE(2,(#3529,#3530,#3531,#3532,
#3533,#3534,#3535),.UNSPECIFIED.,.T.,.F.) B_SPLINE_CURVE_WITH_KNOTS((1,2
    ,2,2,2,1),(-2.094395102393,0.,2.094395102393,4.188790204786,
6.28318530718,8.377580409573),.UNSPECIFIED.) CURVE() 
GEOMETRIC_REPRESENTATION_ITEM() RATIONAL_B_SPLINE_CURVE((1.,0.5,1.,0.5,
1.,0.5,1.)) REPRESENTATION_ITEM('') );
#3529 = CARTESIAN_POINT('',(-50.78,30.54));
#3530 = CARTESIAN_POINT('',(-50.78,31.406025403784));
#3531 = CARTESIAN_POINT('',(-50.03,30.973012701892));
#3532 = CARTESIAN_POINT('',(-49.28,30.54));
#3533 = CARTESIAN_POINT('',(-50.03,30.106987298108));
#3534 = CARTESIAN_POINT('',(-50.78,29.673974596216));
#3535 = CARTESIAN_POINT('',(-50.78,30.54));
#3536 = ( GEOMETRIC_REPRESENTATION_CONTEXT(2) 
PARAMETRIC_REPRESENTATION_CONTEXT() REPRESENTATION_CONTEXT('2D SPACE',''
  ) );
#3537 = PCURVE('',#3538,#3543);
#3538 = CYLINDRICAL_SURFACE('',#3539,0.5);
#3539 = AXIS2_PLACEMENT_3D('',#3540,#3541,#3542);
#3540 = CARTESIAN_POINT('',(247.78,-149.46,-1.E-02));
#3541 = DIRECTION('',(0.,0.,1.));
#3542 = DIRECTION('',(1.,0.,-0.));
#3543 = DEFINITIONAL_REPRESENTATION('',(#3544),#3548);
#3544 = LINE('',#3545,#3546);
#3545 = CARTESIAN_POINT('',(0.,1.E-02));
#3546 = VECTOR('',#3547,1.);
#3547 = DIRECTION('',(1.,0.));
#3548 = ( GEOMETRIC_REPRESENTATION_CONTEXT(2) 
PARAMETRIC_REPRESENTATION_CONTEXT() REPRESENTATION_CONTEXT('2D SPACE',''
  ) );
#3549 = FACE_BOUND('',#3550,.T.);
#3550 = EDGE_LOOP('',(#3551));
#3551 = ORIENTED_EDGE('',*,*,#3552,.T.);
#3552 = EDGE_CURVE('',#3553,#3553,#3555,.T.);
#3553 = VERTEX_POINT('',#3554);
#3554 = CARTESIAN_POINT('',(245.74,-152.,0.));
#3555 = SURFACE_CURVE('',#3556,(#3561,#3572),.PCURVE_S1.);
#3556 = CIRCLE('',#3557,0.5);
#3557 = AXIS2_PLACEMENT_3D('',#3558,#3559,#3560);
#3558 = CARTESIAN_POINT('',(245.24,-152.,0.));
#3559 = DIRECTION('',(0.,0.,1.));
#3560 = DIRECTION('',(1.,0.,-0.));
#3561 = PCURVE('',#144,#3562);
#3562 = DEFINITIONAL_REPRESENTATION('',(#3563),#3571);
#3563 = ( BOUNDED_CURVE() B_SPLINE_CURVE(2,(#3564,#3565,#3566,#3567,
#3568,#3569,#3570),.UNSPECIFIED.,.T.,.F.) B_SPLINE_CURVE_WITH_KNOTS((1,2
    ,2,2,2,1),(-2.094395102393,0.,2.094395102393,4.188790204786,
6.28318530718,8.377580409573),.UNSPECIFIED.) CURVE() 
GEOMETRIC_REPRESENTATION_ITEM() RATIONAL_B_SPLINE_CURVE((1.,0.5,1.,0.5,
1.,0.5,1.)) REPRESENTATION_ITEM('') );
#3564 = CARTESIAN_POINT('',(-48.24,28.));
#3565 = CARTESIAN_POINT('',(-48.24,28.866025403784));
#3566 = CARTESIAN_POINT('',(-47.49,28.433012701892));
#3567 = CARTESIAN_POINT('',(-46.74,28.));
#3568 = CARTESIAN_POINT('',(-47.49,27.566987298108));
#3569 = CARTESIAN_POINT('',(-48.24,27.133974596216));
#3570 = CARTESIAN_POINT('',(-48.24,28.));
#3571 = ( GEOMETRIC_REPRESENTATION_CONTEXT(2) 
PARAMETRIC_REPRESENTATION_CONTEXT() REPRESENTATION_CONTEXT('2D SPACE',''
  ) );
#3572 = PCURVE('',#3573,#3578);
#3573 = CYLINDRICAL_SURFACE('',#3574,0.5);
#3574 = AXIS2_PLACEMENT_3D('',#3575,#3576,#3577);
#3575 = CARTESIAN_POINT('',(245.24,-152.,-1.E-02));
#3576 = DIRECTION('',(0.,0.,1.));
#3577 = DIRECTION('',(1.,0.,-0.));
#3578 = DEFINITIONAL_REPRESENTATION('',(#3579),#3583);
#3579 = LINE('',#3580,#3581);
#3580 = CARTESIAN_POINT('',(0.,1.E-02));
#3581 = VECTOR('',#3582,1.);
#3582 = DIRECTION('',(1.,0.));
#3583 = ( GEOMETRIC_REPRESENTATION_CONTEXT(2) 
PARAMETRIC_REPRESENTATION_CONTEXT() REPRESENTATION_CONTEXT('2D SPACE',''
  ) );
#3584 = FACE_BOUND('',#3585,.T.);
#3585 = EDGE_LOOP('',(#3586));
#3586 = ORIENTED_EDGE('',*,*,#3587,.T.);
#3587 = EDGE_CURVE('',#3588,#3588,#3590,.T.);
#3588 = VERTEX_POINT('',#3589);
#3589 = CARTESIAN_POINT('',(243.2,-152.,0.));
#3590 = SURFACE_CURVE('',#3591,(#3596,#3607),.PCURVE_S1.);
#3591 = CIRCLE('',#3592,0.5);
#3592 = AXIS2_PLACEMENT_3D('',#3593,#3594,#3595);
#3593 = CARTESIAN_POINT('',(242.7,-152.,0.));
#3594 = DIRECTION('',(0.,0.,1.));
#3595 = DIRECTION('',(1.,0.,-0.));
#3596 = PCURVE('',#144,#3597);
#3597 = DEFINITIONAL_REPRESENTATION('',(#3598),#3606);
#3598 = ( BOUNDED_CURVE() B_SPLINE_CURVE(2,(#3599,#3600,#3601,#3602,
#3603,#3604,#3605),.UNSPECIFIED.,.T.,.F.) B_SPLINE_CURVE_WITH_KNOTS((1,2
    ,2,2,2,1),(-2.094395102393,0.,2.094395102393,4.188790204786,
6.28318530718,8.377580409573),.UNSPECIFIED.) CURVE() 
GEOMETRIC_REPRESENTATION_ITEM() RATIONAL_B_SPLINE_CURVE((1.,0.5,1.,0.5,
1.,0.5,1.)) REPRESENTATION_ITEM('') );
#3599 = CARTESIAN_POINT('',(-45.7,28.));
#3600 = CARTESIAN_POINT('',(-45.7,28.866025403784));
#3601 = CARTESIAN_POINT('',(-44.95,28.433012701892));
#3602 = CARTESIAN_POINT('',(-44.2,28.));
#3603 = CARTESIAN_POINT('',(-44.95,27.566987298108));
#3604 = CARTESIAN_POINT('',(-45.7,27.133974596216));
#3605 = CARTESIAN_POINT('',(-45.7,28.));
#3606 = ( GEOMETRIC_REPRESENTATION_CONTEXT(2) 
PARAMETRIC_REPRESENTATION_CONTEXT() REPRESENTATION_CONTEXT('2D SPACE',''
  ) );
#3607 = PCURVE('',#3608,#3613);
#3608 = CYLINDRICAL_SURFACE('',#3609,0.5);
#3609 = AXIS2_PLACEMENT_3D('',#3610,#3611,#3612);
#3610 = CARTESIAN_POINT('',(242.7,-152.,-1.E-02));
#3611 = DIRECTION('',(0.,0.,1.));
#3612 = DIRECTION('',(1.,0.,-0.));
#3613 = DEFINITIONAL_REPRESENTATION('',(#3614),#3618);
#3614 = LINE('',#3615,#3616);
#3615 = CARTESIAN_POINT('',(0.,1.E-02));
#3616 = VECTOR('',#3617,1.);
#3617 = DIRECTION('',(1.,0.));
#3618 = ( GEOMETRIC_REPRESENTATION_CONTEXT(2) 
PARAMETRIC_REPRESENTATION_CONTEXT() REPRESENTATION_CONTEXT('2D SPACE',''
  ) );
#3619 = FACE_BOUND('',#3620,.T.);
#3620 = EDGE_LOOP('',(#3621));
#3621 = ORIENTED_EDGE('',*,*,#3622,.T.);
#3622 = EDGE_CURVE('',#3623,#3623,#3625,.T.);
#3623 = VERTEX_POINT('',#3624);
#3624 = CARTESIAN_POINT('',(240.66,-152.,0.));
#3625 = SURFACE_CURVE('',#3626,(#3631,#3642),.PCURVE_S1.);
#3626 = CIRCLE('',#3627,0.5);
#3627 = AXIS2_PLACEMENT_3D('',#3628,#3629,#3630);
#3628 = CARTESIAN_POINT('',(240.16,-152.,0.));
#3629 = DIRECTION('',(0.,0.,1.));
#3630 = DIRECTION('',(1.,0.,-0.));
#3631 = PCURVE('',#144,#3632);
#3632 = DEFINITIONAL_REPRESENTATION('',(#3633),#3641);
#3633 = ( BOUNDED_CURVE() B_SPLINE_CURVE(2,(#3634,#3635,#3636,#3637,
#3638,#3639,#3640),.UNSPECIFIED.,.T.,.F.) B_SPLINE_CURVE_WITH_KNOTS((1,2
    ,2,2,2,1),(-2.094395102393,0.,2.094395102393,4.188790204786,
6.28318530718,8.377580409573),.UNSPECIFIED.) CURVE() 
GEOMETRIC_REPRESENTATION_ITEM() RATIONAL_B_SPLINE_CURVE((1.,0.5,1.,0.5,
1.,0.5,1.)) REPRESENTATION_ITEM('') );
#3634 = CARTESIAN_POINT('',(-43.16,28.));
#3635 = CARTESIAN_POINT('',(-43.16,28.866025403784));
#3636 = CARTESIAN_POINT('',(-42.41,28.433012701892));
#3637 = CARTESIAN_POINT('',(-41.66,28.));
#3638 = CARTESIAN_POINT('',(-42.41,27.566987298108));
#3639 = CARTESIAN_POINT('',(-43.16,27.133974596216));
#3640 = CARTESIAN_POINT('',(-43.16,28.));
#3641 = ( GEOMETRIC_REPRESENTATION_CONTEXT(2) 
PARAMETRIC_REPRESENTATION_CONTEXT() REPRESENTATION_CONTEXT('2D SPACE',''
  ) );
#3642 = PCURVE('',#3643,#3648);
#3643 = CYLINDRICAL_SURFACE('',#3644,0.5);
#3644 = AXIS2_PLACEMENT_3D('',#3645,#3646,#3647);
#3645 = CARTESIAN_POINT('',(240.16,-152.,-1.E-02));
#3646 = DIRECTION('',(0.,0.,1.));
#3647 = DIRECTION('',(1.,0.,-0.));
#3648 = DEFINITIONAL_REPRESENTATION('',(#3649),#3653);
#3649 = LINE('',#3650,#3651);
#3650 = CARTESIAN_POINT('',(0.,1.E-02));
#3651 = VECTOR('',#3652,1.);
#3652 = DIRECTION('',(1.,0.));
#3653 = ( GEOMETRIC_REPRESENTATION_CONTEXT(2) 
PARAMETRIC_REPRESENTATION_CONTEXT() REPRESENTATION_CONTEXT('2D SPACE',''
  ) );
#3654 = FACE_BOUND('',#3655,.T.);
#3655 = EDGE_LOOP('',(#3656));
#3656 = ORIENTED_EDGE('',*,*,#3657,.T.);
#3657 = EDGE_CURVE('',#3658,#3658,#3660,.T.);
#3658 = VERTEX_POINT('',#3659);
#3659 = CARTESIAN_POINT('',(238.12,-152.,0.));
#3660 = SURFACE_CURVE('',#3661,(#3666,#3677),.PCURVE_S1.);
#3661 = CIRCLE('',#3662,0.5);
#3662 = AXIS2_PLACEMENT_3D('',#3663,#3664,#3665);
#3663 = CARTESIAN_POINT('',(237.62,-152.,0.));
#3664 = DIRECTION('',(0.,0.,1.));
#3665 = DIRECTION('',(1.,0.,-0.));
#3666 = PCURVE('',#144,#3667);
#3667 = DEFINITIONAL_REPRESENTATION('',(#3668),#3676);
#3668 = ( BOUNDED_CURVE() B_SPLINE_CURVE(2,(#3669,#3670,#3671,#3672,
#3673,#3674,#3675),.UNSPECIFIED.,.T.,.F.) B_SPLINE_CURVE_WITH_KNOTS((1,2
    ,2,2,2,1),(-2.094395102393,0.,2.094395102393,4.188790204786,
6.28318530718,8.377580409573),.UNSPECIFIED.) CURVE() 
GEOMETRIC_REPRESENTATION_ITEM() RATIONAL_B_SPLINE_CURVE((1.,0.5,1.,0.5,
1.,0.5,1.)) REPRESENTATION_ITEM('') );
#3669 = CARTESIAN_POINT('',(-40.62,28.));
#3670 = CARTESIAN_POINT('',(-40.62,28.866025403784));
#3671 = CARTESIAN_POINT('',(-39.87,28.433012701892));
#3672 = CARTESIAN_POINT('',(-39.12,28.));
#3673 = CARTESIAN_POINT('',(-39.87,27.566987298108));
#3674 = CARTESIAN_POINT('',(-40.62,27.133974596216));
#3675 = CARTESIAN_POINT('',(-40.62,28.));
#3676 = ( GEOMETRIC_REPRESENTATION_CONTEXT(2) 
PARAMETRIC_REPRESENTATION_CONTEXT() REPRESENTATION_CONTEXT('2D SPACE',''
  ) );
#3677 = PCURVE('',#3678,#3683);
#3678 = CYLINDRICAL_SURFACE('',#3679,0.5);
#3679 = AXIS2_PLACEMENT_3D('',#3680,#3681,#3682);
#3680 = CARTESIAN_POINT('',(237.62,-152.,-1.E-02));
#3681 = DIRECTION('',(0.,0.,1.));
#3682 = DIRECTION('',(1.,0.,-0.));
#3683 = DEFINITIONAL_REPRESENTATION('',(#3684),#3688);
#3684 = LINE('',#3685,#3686);
#3685 = CARTESIAN_POINT('',(0.,1.E-02));
#3686 = VECTOR('',#3687,1.);
#3687 = DIRECTION('',(1.,0.));
#3688 = ( GEOMETRIC_REPRESENTATION_CONTEXT(2) 
PARAMETRIC_REPRESENTATION_CONTEXT() REPRESENTATION_CONTEXT('2D SPACE',''
  ) );
#3689 = FACE_BOUND('',#3690,.T.);
#3690 = EDGE_LOOP('',(#3691));
#3691 = ORIENTED_EDGE('',*,*,#3692,.T.);
#3692 = EDGE_CURVE('',#3693,#3693,#3695,.T.);
#3693 = VERTEX_POINT('',#3694);
#3694 = CARTESIAN_POINT('',(235.58,-152.,0.));
#3695 = SURFACE_CURVE('',#3696,(#3701,#3712),.PCURVE_S1.);
#3696 = CIRCLE('',#3697,0.5);
#3697 = AXIS2_PLACEMENT_3D('',#3698,#3699,#3700);
#3698 = CARTESIAN_POINT('',(235.08,-152.,0.));
#3699 = DIRECTION('',(0.,0.,1.));
#3700 = DIRECTION('',(1.,0.,-0.));
#3701 = PCURVE('',#144,#3702);
#3702 = DEFINITIONAL_REPRESENTATION('',(#3703),#3711);
#3703 = ( BOUNDED_CURVE() B_SPLINE_CURVE(2,(#3704,#3705,#3706,#3707,
#3708,#3709,#3710),.UNSPECIFIED.,.T.,.F.) B_SPLINE_CURVE_WITH_KNOTS((1,2
    ,2,2,2,1),(-2.094395102393,0.,2.094395102393,4.188790204786,
6.28318530718,8.377580409573),.UNSPECIFIED.) CURVE() 
GEOMETRIC_REPRESENTATION_ITEM() RATIONAL_B_SPLINE_CURVE((1.,0.5,1.,0.5,
1.,0.5,1.)) REPRESENTATION_ITEM('') );
#3704 = CARTESIAN_POINT('',(-38.08,28.));
#3705 = CARTESIAN_POINT('',(-38.08,28.866025403784));
#3706 = CARTESIAN_POINT('',(-37.33,28.433012701892));
#3707 = CARTESIAN_POINT('',(-36.58,28.));
#3708 = CARTESIAN_POINT('',(-37.33,27.566987298108));
#3709 = CARTESIAN_POINT('',(-38.08,27.133974596216));
#3710 = CARTESIAN_POINT('',(-38.08,28.));
#3711 = ( GEOMETRIC_REPRESENTATION_CONTEXT(2) 
PARAMETRIC_REPRESENTATION_CONTEXT() REPRESENTATION_CONTEXT('2D SPACE',''
  ) );
#3712 = PCURVE('',#3713,#3718);
#3713 = CYLINDRICAL_SURFACE('',#3714,0.5);
#3714 = AXIS2_PLACEMENT_3D('',#3715,#3716,#3717);
#3715 = CARTESIAN_POINT('',(235.08,-152.,-1.E-02));
#3716 = DIRECTION('',(0.,0.,1.));
#3717 = DIRECTION('',(1.,0.,-0.));
#3718 = DEFINITIONAL_REPRESENTATION('',(#3719),#3723);
#3719 = LINE('',#3720,#3721);
#3720 = CARTESIAN_POINT('',(0.,1.E-02));
#3721 = VECTOR('',#3722,1.);
#3722 = DIRECTION('',(1.,0.));
#3723 = ( GEOMETRIC_REPRESENTATION_CONTEXT(2) 
PARAMETRIC_REPRESENTATION_CONTEXT() REPRESENTATION_CONTEXT('2D SPACE',''
  ) );
#3724 = FACE_BOUND('',#3725,.T.);
#3725 = EDGE_LOOP('',(#3726));
#3726 = ORIENTED_EDGE('',*,*,#3727,.T.);
#3727 = EDGE_CURVE('',#3728,#3728,#3730,.T.);
#3728 = VERTEX_POINT('',#3729);
#3729 = CARTESIAN_POINT('',(233.04,-152.,0.));
#3730 = SURFACE_CURVE('',#3731,(#3736,#3747),.PCURVE_S1.);
#3731 = CIRCLE('',#3732,0.5);
#3732 = AXIS2_PLACEMENT_3D('',#3733,#3734,#3735);
#3733 = CARTESIAN_POINT('',(232.54,-152.,0.));
#3734 = DIRECTION('',(0.,0.,1.));
#3735 = DIRECTION('',(1.,0.,-0.));
#3736 = PCURVE('',#144,#3737);
#3737 = DEFINITIONAL_REPRESENTATION('',(#3738),#3746);
#3738 = ( BOUNDED_CURVE() B_SPLINE_CURVE(2,(#3739,#3740,#3741,#3742,
#3743,#3744,#3745),.UNSPECIFIED.,.T.,.F.) B_SPLINE_CURVE_WITH_KNOTS((1,2
    ,2,2,2,1),(-2.094395102393,0.,2.094395102393,4.188790204786,
6.28318530718,8.377580409573),.UNSPECIFIED.) CURVE() 
GEOMETRIC_REPRESENTATION_ITEM() RATIONAL_B_SPLINE_CURVE((1.,0.5,1.,0.5,
1.,0.5,1.)) REPRESENTATION_ITEM('') );
#3739 = CARTESIAN_POINT('',(-35.54,28.));
#3740 = CARTESIAN_POINT('',(-35.54,28.866025403784));
#3741 = CARTESIAN_POINT('',(-34.79,28.433012701892));
#3742 = CARTESIAN_POINT('',(-34.04,28.));
#3743 = CARTESIAN_POINT('',(-34.79,27.566987298108));
#3744 = CARTESIAN_POINT('',(-35.54,27.133974596216));
#3745 = CARTESIAN_POINT('',(-35.54,28.));
#3746 = ( GEOMETRIC_REPRESENTATION_CONTEXT(2) 
PARAMETRIC_REPRESENTATION_CONTEXT() REPRESENTATION_CONTEXT('2D SPACE',''
  ) );
#3747 = PCURVE('',#3748,#3753);
#3748 = CYLINDRICAL_SURFACE('',#3749,0.5);
#3749 = AXIS2_PLACEMENT_3D('',#3750,#3751,#3752);
#3750 = CARTESIAN_POINT('',(232.54,-152.,-1.E-02));
#3751 = DIRECTION('',(0.,0.,1.));
#3752 = DIRECTION('',(1.,0.,-0.));
#3753 = DEFINITIONAL_REPRESENTATION('',(#3754),#3758);
#3754 = LINE('',#3755,#3756);
#3755 = CARTESIAN_POINT('',(0.,1.E-02));
#3756 = VECTOR('',#3757,1.);
#3757 = DIRECTION('',(1.,0.));
#3758 = ( GEOMETRIC_REPRESENTATION_CONTEXT(2) 
PARAMETRIC_REPRESENTATION_CONTEXT() REPRESENTATION_CONTEXT('2D SPACE',''
  ) );
#3759 = FACE_BOUND('',#3760,.T.);
#3760 = EDGE_LOOP('',(#3761));
#3761 = ORIENTED_EDGE('',*,*,#3762,.T.);
#3762 = EDGE_CURVE('',#3763,#3763,#3765,.T.);
#3763 = VERTEX_POINT('',#3764);
#3764 = CARTESIAN_POINT('',(230.5,-152.,0.));
#3765 = SURFACE_CURVE('',#3766,(#3771,#3782),.PCURVE_S1.);
#3766 = CIRCLE('',#3767,0.5);
#3767 = AXIS2_PLACEMENT_3D('',#3768,#3769,#3770);
#3768 = CARTESIAN_POINT('',(230.,-152.,0.));
#3769 = DIRECTION('',(0.,0.,1.));
#3770 = DIRECTION('',(1.,0.,-0.));
#3771 = PCURVE('',#144,#3772);
#3772 = DEFINITIONAL_REPRESENTATION('',(#3773),#3781);
#3773 = ( BOUNDED_CURVE() B_SPLINE_CURVE(2,(#3774,#3775,#3776,#3777,
#3778,#3779,#3780),.UNSPECIFIED.,.T.,.F.) B_SPLINE_CURVE_WITH_KNOTS((1,2
    ,2,2,2,1),(-2.094395102393,0.,2.094395102393,4.188790204786,
6.28318530718,8.377580409573),.UNSPECIFIED.) CURVE() 
GEOMETRIC_REPRESENTATION_ITEM() RATIONAL_B_SPLINE_CURVE((1.,0.5,1.,0.5,
1.,0.5,1.)) REPRESENTATION_ITEM('') );
#3774 = CARTESIAN_POINT('',(-33.,28.));
#3775 = CARTESIAN_POINT('',(-33.,28.866025403784));
#3776 = CARTESIAN_POINT('',(-32.25,28.433012701892));
#3777 = CARTESIAN_POINT('',(-31.5,28.));
#3778 = CARTESIAN_POINT('',(-32.25,27.566987298108));
#3779 = CARTESIAN_POINT('',(-33.,27.133974596216));
#3780 = CARTESIAN_POINT('',(-33.,28.));
#3781 = ( GEOMETRIC_REPRESENTATION_CONTEXT(2) 
PARAMETRIC_REPRESENTATION_CONTEXT() REPRESENTATION_CONTEXT('2D SPACE',''
  ) );
#3782 = PCURVE('',#3783,#3788);
#3783 = CYLINDRICAL_SURFACE('',#3784,0.5);
#3784 = AXIS2_PLACEMENT_3D('',#3785,#3786,#3787);
#3785 = CARTESIAN_POINT('',(230.,-152.,-1.E-02));
#3786 = DIRECTION('',(0.,0.,1.));
#3787 = DIRECTION('',(1.,0.,-0.));
#3788 = DEFINITIONAL_REPRESENTATION('',(#3789),#3793);
#3789 = LINE('',#3790,#3791);
#3790 = CARTESIAN_POINT('',(0.,1.E-02));
#3791 = VECTOR('',#3792,1.);
#3792 = DIRECTION('',(1.,0.));
#3793 = ( GEOMETRIC_REPRESENTATION_CONTEXT(2) 
PARAMETRIC_REPRESENTATION_CONTEXT() REPRESENTATION_CONTEXT('2D SPACE',''
  ) );
#3794 = FACE_BOUND('',#3795,.T.);
#3795 = EDGE_LOOP('',(#3796));
#3796 = ORIENTED_EDGE('',*,*,#3797,.T.);
#3797 = EDGE_CURVE('',#3798,#3798,#3800,.T.);
#3798 = VERTEX_POINT('',#3799);
#3799 = CARTESIAN_POINT('',(245.74,-149.46,0.));
#3800 = SURFACE_CURVE('',#3801,(#3806,#3817),.PCURVE_S1.);
#3801 = CIRCLE('',#3802,0.5);
#3802 = AXIS2_PLACEMENT_3D('',#3803,#3804,#3805);
#3803 = CARTESIAN_POINT('',(245.24,-149.46,0.));
#3804 = DIRECTION('',(0.,0.,1.));
#3805 = DIRECTION('',(1.,0.,-0.));
#3806 = PCURVE('',#144,#3807);
#3807 = DEFINITIONAL_REPRESENTATION('',(#3808),#3816);
#3808 = ( BOUNDED_CURVE() B_SPLINE_CURVE(2,(#3809,#3810,#3811,#3812,
#3813,#3814,#3815),.UNSPECIFIED.,.T.,.F.) B_SPLINE_CURVE_WITH_KNOTS((1,2
    ,2,2,2,1),(-2.094395102393,0.,2.094395102393,4.188790204786,
6.28318530718,8.377580409573),.UNSPECIFIED.) CURVE() 
GEOMETRIC_REPRESENTATION_ITEM() RATIONAL_B_SPLINE_CURVE((1.,0.5,1.,0.5,
1.,0.5,1.)) REPRESENTATION_ITEM('') );
#3809 = CARTESIAN_POINT('',(-48.24,30.54));
#3810 = CARTESIAN_POINT('',(-48.24,31.406025403784));
#3811 = CARTESIAN_POINT('',(-47.49,30.973012701892));
#3812 = CARTESIAN_POINT('',(-46.74,30.54));
#3813 = CARTESIAN_POINT('',(-47.49,30.106987298108));
#3814 = CARTESIAN_POINT('',(-48.24,29.673974596216));
#3815 = CARTESIAN_POINT('',(-48.24,30.54));
#3816 = ( GEOMETRIC_REPRESENTATION_CONTEXT(2) 
PARAMETRIC_REPRESENTATION_CONTEXT() REPRESENTATION_CONTEXT('2D SPACE',''
  ) );
#3817 = PCURVE('',#3818,#3823);
#3818 = CYLINDRICAL_SURFACE('',#3819,0.5);
#3819 = AXIS2_PLACEMENT_3D('',#3820,#3821,#3822);
#3820 = CARTESIAN_POINT('',(245.24,-149.46,-1.E-02));
#3821 = DIRECTION('',(0.,0.,1.));
#3822 = DIRECTION('',(1.,0.,-0.));
#3823 = DEFINITIONAL_REPRESENTATION('',(#3824),#3828);
#3824 = LINE('',#3825,#3826);
#3825 = CARTESIAN_POINT('',(0.,1.E-02));
#3826 = VECTOR('',#3827,1.);
#3827 = DIRECTION('',(1.,0.));
#3828 = ( GEOMETRIC_REPRESENTATION_CONTEXT(2) 
PARAMETRIC_REPRESENTATION_CONTEXT() REPRESENTATION_CONTEXT('2D SPACE',''
  ) );
#3829 = FACE_BOUND('',#3830,.T.);
#3830 = EDGE_LOOP('',(#3831));
#3831 = ORIENTED_EDGE('',*,*,#3832,.T.);
#3832 = EDGE_CURVE('',#3833,#3833,#3835,.T.);
#3833 = VERTEX_POINT('',#3834);
#3834 = CARTESIAN_POINT('',(243.2,-149.46,0.));
#3835 = SURFACE_CURVE('',#3836,(#3841,#3852),.PCURVE_S1.);
#3836 = CIRCLE('',#3837,0.5);
#3837 = AXIS2_PLACEMENT_3D('',#3838,#3839,#3840);
#3838 = CARTESIAN_POINT('',(242.7,-149.46,0.));
#3839 = DIRECTION('',(0.,0.,1.));
#3840 = DIRECTION('',(1.,0.,-0.));
#3841 = PCURVE('',#144,#3842);
#3842 = DEFINITIONAL_REPRESENTATION('',(#3843),#3851);
#3843 = ( BOUNDED_CURVE() B_SPLINE_CURVE(2,(#3844,#3845,#3846,#3847,
#3848,#3849,#3850),.UNSPECIFIED.,.T.,.F.) B_SPLINE_CURVE_WITH_KNOTS((1,2
    ,2,2,2,1),(-2.094395102393,0.,2.094395102393,4.188790204786,
6.28318530718,8.377580409573),.UNSPECIFIED.) CURVE() 
GEOMETRIC_REPRESENTATION_ITEM() RATIONAL_B_SPLINE_CURVE((1.,0.5,1.,0.5,
1.,0.5,1.)) REPRESENTATION_ITEM('') );
#3844 = CARTESIAN_POINT('',(-45.7,30.54));
#3845 = CARTESIAN_POINT('',(-45.7,31.406025403784));
#3846 = CARTESIAN_POINT('',(-44.95,30.973012701892));
#3847 = CARTESIAN_POINT('',(-44.2,30.54));
#3848 = CARTESIAN_POINT('',(-44.95,30.106987298108));
#3849 = CARTESIAN_POINT('',(-45.7,29.673974596216));
#3850 = CARTESIAN_POINT('',(-45.7,30.54));
#3851 = ( GEOMETRIC_REPRESENTATION_CONTEXT(2) 
PARAMETRIC_REPRESENTATION_CONTEXT() REPRESENTATION_CONTEXT('2D SPACE',''
  ) );
#3852 = PCURVE('',#3853,#3858);
#3853 = CYLINDRICAL_SURFACE('',#3854,0.5);
#3854 = AXIS2_PLACEMENT_3D('',#3855,#3856,#3857);
#3855 = CARTESIAN_POINT('',(242.7,-149.46,-1.E-02));
#3856 = DIRECTION('',(0.,0.,1.));
#3857 = DIRECTION('',(1.,0.,-0.));
#3858 = DEFINITIONAL_REPRESENTATION('',(#3859),#3863);
#3859 = LINE('',#3860,#3861);
#3860 = CARTESIAN_POINT('',(0.,1.E-02));
#3861 = VECTOR('',#3862,1.);
#3862 = DIRECTION('',(1.,0.));
#3863 = ( GEOMETRIC_REPRESENTATION_CONTEXT(2) 
PARAMETRIC_REPRESENTATION_CONTEXT() REPRESENTATION_CONTEXT('2D SPACE',''
  ) );
#3864 = FACE_BOUND('',#3865,.T.);
#3865 = EDGE_LOOP('',(#3866));
#3866 = ORIENTED_EDGE('',*,*,#3867,.T.);
#3867 = EDGE_CURVE('',#3868,#3868,#3870,.T.);
#3868 = VERTEX_POINT('',#3869);
#3869 = CARTESIAN_POINT('',(240.66,-149.46,0.));
#3870 = SURFACE_CURVE('',#3871,(#3876,#3887),.PCURVE_S1.);
#3871 = CIRCLE('',#3872,0.5);
#3872 = AXIS2_PLACEMENT_3D('',#3873,#3874,#3875);
#3873 = CARTESIAN_POINT('',(240.16,-149.46,0.));
#3874 = DIRECTION('',(0.,0.,1.));
#3875 = DIRECTION('',(1.,0.,-0.));
#3876 = PCURVE('',#144,#3877);
#3877 = DEFINITIONAL_REPRESENTATION('',(#3878),#3886);
#3878 = ( BOUNDED_CURVE() B_SPLINE_CURVE(2,(#3879,#3880,#3881,#3882,
#3883,#3884,#3885),.UNSPECIFIED.,.T.,.F.) B_SPLINE_CURVE_WITH_KNOTS((1,2
    ,2,2,2,1),(-2.094395102393,0.,2.094395102393,4.188790204786,
6.28318530718,8.377580409573),.UNSPECIFIED.) CURVE() 
GEOMETRIC_REPRESENTATION_ITEM() RATIONAL_B_SPLINE_CURVE((1.,0.5,1.,0.5,
1.,0.5,1.)) REPRESENTATION_ITEM('') );
#3879 = CARTESIAN_POINT('',(-43.16,30.54));
#3880 = CARTESIAN_POINT('',(-43.16,31.406025403784));
#3881 = CARTESIAN_POINT('',(-42.41,30.973012701892));
#3882 = CARTESIAN_POINT('',(-41.66,30.54));
#3883 = CARTESIAN_POINT('',(-42.41,30.106987298108));
#3884 = CARTESIAN_POINT('',(-43.16,29.673974596216));
#3885 = CARTESIAN_POINT('',(-43.16,30.54));
#3886 = ( GEOMETRIC_REPRESENTATION_CONTEXT(2) 
PARAMETRIC_REPRESENTATION_CONTEXT() REPRESENTATION_CONTEXT('2D SPACE',''
  ) );
#3887 = PCURVE('',#3888,#3893);
#3888 = CYLINDRICAL_SURFACE('',#3889,0.5);
#3889 = AXIS2_PLACEMENT_3D('',#3890,#3891,#3892);
#3890 = CARTESIAN_POINT('',(240.16,-149.46,-1.E-02));
#3891 = DIRECTION('',(0.,0.,1.));
#3892 = DIRECTION('',(1.,0.,-0.));
#3893 = DEFINITIONAL_REPRESENTATION('',(#3894),#3898);
#3894 = LINE('',#3895,#3896);
#3895 = CARTESIAN_POINT('',(0.,1.E-02));
#3896 = VECTOR('',#3897,1.);
#3897 = DIRECTION('',(1.,0.));
#3898 = ( GEOMETRIC_REPRESENTATION_CONTEXT(2) 
PARAMETRIC_REPRESENTATION_CONTEXT() REPRESENTATION_CONTEXT('2D SPACE',''
  ) );
#3899 = FACE_BOUND('',#3900,.T.);
#3900 = EDGE_LOOP('',(#3901));
#3901 = ORIENTED_EDGE('',*,*,#3902,.T.);
#3902 = EDGE_CURVE('',#3903,#3903,#3905,.T.);
#3903 = VERTEX_POINT('',#3904);
#3904 = CARTESIAN_POINT('',(238.12,-149.46,0.));
#3905 = SURFACE_CURVE('',#3906,(#3911,#3922),.PCURVE_S1.);
#3906 = CIRCLE('',#3907,0.5);
#3907 = AXIS2_PLACEMENT_3D('',#3908,#3909,#3910);
#3908 = CARTESIAN_POINT('',(237.62,-149.46,0.));
#3909 = DIRECTION('',(0.,0.,1.));
#3910 = DIRECTION('',(1.,0.,-0.));
#3911 = PCURVE('',#144,#3912);
#3912 = DEFINITIONAL_REPRESENTATION('',(#3913),#3921);
#3913 = ( BOUNDED_CURVE() B_SPLINE_CURVE(2,(#3914,#3915,#3916,#3917,
#3918,#3919,#3920),.UNSPECIFIED.,.T.,.F.) B_SPLINE_CURVE_WITH_KNOTS((1,2
    ,2,2,2,1),(-2.094395102393,0.,2.094395102393,4.188790204786,
6.28318530718,8.377580409573),.UNSPECIFIED.) CURVE() 
GEOMETRIC_REPRESENTATION_ITEM() RATIONAL_B_SPLINE_CURVE((1.,0.5,1.,0.5,
1.,0.5,1.)) REPRESENTATION_ITEM('') );
#3914 = CARTESIAN_POINT('',(-40.62,30.54));
#3915 = CARTESIAN_POINT('',(-40.62,31.406025403784));
#3916 = CARTESIAN_POINT('',(-39.87,30.973012701892));
#3917 = CARTESIAN_POINT('',(-39.12,30.54));
#3918 = CARTESIAN_POINT('',(-39.87,30.106987298108));
#3919 = CARTESIAN_POINT('',(-40.62,29.673974596216));
#3920 = CARTESIAN_POINT('',(-40.62,30.54));
#3921 = ( GEOMETRIC_REPRESENTATION_CONTEXT(2) 
PARAMETRIC_REPRESENTATION_CONTEXT() REPRESENTATION_CONTEXT('2D SPACE',''
  ) );
#3922 = PCURVE('',#3923,#3928);
#3923 = CYLINDRICAL_SURFACE('',#3924,0.5);
#3924 = AXIS2_PLACEMENT_3D('',#3925,#3926,#3927);
#3925 = CARTESIAN_POINT('',(237.62,-149.46,-1.E-02));
#3926 = DIRECTION('',(0.,0.,1.));
#3927 = DIRECTION('',(1.,0.,-0.));
#3928 = DEFINITIONAL_REPRESENTATION('',(#3929),#3933);
#3929 = LINE('',#3930,#3931);
#3930 = CARTESIAN_POINT('',(0.,1.E-02));
#3931 = VECTOR('',#3932,1.);
#3932 = DIRECTION('',(1.,0.));
#3933 = ( GEOMETRIC_REPRESENTATION_CONTEXT(2) 
PARAMETRIC_REPRESENTATION_CONTEXT() REPRESENTATION_CONTEXT('2D SPACE',''
  ) );
#3934 = FACE_BOUND('',#3935,.T.);
#3935 = EDGE_LOOP('',(#3936));
#3936 = ORIENTED_EDGE('',*,*,#3937,.T.);
#3937 = EDGE_CURVE('',#3938,#3938,#3940,.T.);
#3938 = VERTEX_POINT('',#3939);
#3939 = CARTESIAN_POINT('',(235.58,-149.46,0.));
#3940 = SURFACE_CURVE('',#3941,(#3946,#3957),.PCURVE_S1.);
#3941 = CIRCLE('',#3942,0.5);
#3942 = AXIS2_PLACEMENT_3D('',#3943,#3944,#3945);
#3943 = CARTESIAN_POINT('',(235.08,-149.46,0.));
#3944 = DIRECTION('',(0.,0.,1.));
#3945 = DIRECTION('',(1.,0.,-0.));
#3946 = PCURVE('',#144,#3947);
#3947 = DEFINITIONAL_REPRESENTATION('',(#3948),#3956);
#3948 = ( BOUNDED_CURVE() B_SPLINE_CURVE(2,(#3949,#3950,#3951,#3952,
#3953,#3954,#3955),.UNSPECIFIED.,.T.,.F.) B_SPLINE_CURVE_WITH_KNOTS((1,2
    ,2,2,2,1),(-2.094395102393,0.,2.094395102393,4.188790204786,
6.28318530718,8.377580409573),.UNSPECIFIED.) CURVE() 
GEOMETRIC_REPRESENTATION_ITEM() RATIONAL_B_SPLINE_CURVE((1.,0.5,1.,0.5,
1.,0.5,1.)) REPRESENTATION_ITEM('') );
#3949 = CARTESIAN_POINT('',(-38.08,30.54));
#3950 = CARTESIAN_POINT('',(-38.08,31.406025403784));
#3951 = CARTESIAN_POINT('',(-37.33,30.973012701892));
#3952 = CARTESIAN_POINT('',(-36.58,30.54));
#3953 = CARTESIAN_POINT('',(-37.33,30.106987298108));
#3954 = CARTESIAN_POINT('',(-38.08,29.673974596216));
#3955 = CARTESIAN_POINT('',(-38.08,30.54));
#3956 = ( GEOMETRIC_REPRESENTATION_CONTEXT(2) 
PARAMETRIC_REPRESENTATION_CONTEXT() REPRESENTATION_CONTEXT('2D SPACE',''
  ) );
#3957 = PCURVE('',#3958,#3963);
#3958 = CYLINDRICAL_SURFACE('',#3959,0.5);
#3959 = AXIS2_PLACEMENT_3D('',#3960,#3961,#3962);
#3960 = CARTESIAN_POINT('',(235.08,-149.46,-1.E-02));
#3961 = DIRECTION('',(0.,0.,1.));
#3962 = DIRECTION('',(1.,0.,-0.));
#3963 = DEFINITIONAL_REPRESENTATION('',(#3964),#3968);
#3964 = LINE('',#3965,#3966);
#3965 = CARTESIAN_POINT('',(0.,1.E-02));
#3966 = VECTOR('',#3967,1.);
#3967 = DIRECTION('',(1.,0.));
#3968 = ( GEOMETRIC_REPRESENTATION_CONTEXT(2) 
PARAMETRIC_REPRESENTATION_CONTEXT() REPRESENTATION_CONTEXT('2D SPACE',''
  ) );
#3969 = FACE_BOUND('',#3970,.T.);
#3970 = EDGE_LOOP('',(#3971));
#3971 = ORIENTED_EDGE('',*,*,#3972,.T.);
#3972 = EDGE_CURVE('',#3973,#3973,#3975,.T.);
#3973 = VERTEX_POINT('',#3974);
#3974 = CARTESIAN_POINT('',(233.04,-149.46,0.));
#3975 = SURFACE_CURVE('',#3976,(#3981,#3992),.PCURVE_S1.);
#3976 = CIRCLE('',#3977,0.5);
#3977 = AXIS2_PLACEMENT_3D('',#3978,#3979,#3980);
#3978 = CARTESIAN_POINT('',(232.54,-149.46,0.));
#3979 = DIRECTION('',(0.,0.,1.));
#3980 = DIRECTION('',(1.,0.,-0.));
#3981 = PCURVE('',#144,#3982);
#3982 = DEFINITIONAL_REPRESENTATION('',(#3983),#3991);
#3983 = ( BOUNDED_CURVE() B_SPLINE_CURVE(2,(#3984,#3985,#3986,#3987,
#3988,#3989,#3990),.UNSPECIFIED.,.T.,.F.) B_SPLINE_CURVE_WITH_KNOTS((1,2
    ,2,2,2,1),(-2.094395102393,0.,2.094395102393,4.188790204786,
6.28318530718,8.377580409573),.UNSPECIFIED.) CURVE() 
GEOMETRIC_REPRESENTATION_ITEM() RATIONAL_B_SPLINE_CURVE((1.,0.5,1.,0.5,
1.,0.5,1.)) REPRESENTATION_ITEM('') );
#3984 = CARTESIAN_POINT('',(-35.54,30.54));
#3985 = CARTESIAN_POINT('',(-35.54,31.406025403784));
#3986 = CARTESIAN_POINT('',(-34.79,30.973012701892));
#3987 = CARTESIAN_POINT('',(-34.04,30.54));
#3988 = CARTESIAN_POINT('',(-34.79,30.106987298108));
#3989 = CARTESIAN_POINT('',(-35.54,29.673974596216));
#3990 = CARTESIAN_POINT('',(-35.54,30.54));
#3991 = ( GEOMETRIC_REPRESENTATION_CONTEXT(2) 
PARAMETRIC_REPRESENTATION_CONTEXT() REPRESENTATION_CONTEXT('2D SPACE',''
  ) );
#3992 = PCURVE('',#3993,#3998);
#3993 = CYLINDRICAL_SURFACE('',#3994,0.5);
#3994 = AXIS2_PLACEMENT_3D('',#3995,#3996,#3997);
#3995 = CARTESIAN_POINT('',(232.54,-149.46,-1.E-02));
#3996 = DIRECTION('',(0.,0.,1.));
#3997 = DIRECTION('',(1.,0.,-0.));
#3998 = DEFINITIONAL_REPRESENTATION('',(#3999),#4003);
#3999 = LINE('',#4000,#4001);
#4000 = CARTESIAN_POINT('',(0.,1.E-02));
#4001 = VECTOR('',#4002,1.);
#4002 = DIRECTION('',(1.,0.));
#4003 = ( GEOMETRIC_REPRESENTATION_CONTEXT(2) 
PARAMETRIC_REPRESENTATION_CONTEXT() REPRESENTATION_CONTEXT('2D SPACE',''
  ) );
#4004 = FACE_BOUND('',#4005,.T.);
#4005 = EDGE_LOOP('',(#4006));
#4006 = ORIENTED_EDGE('',*,*,#4007,.T.);
#4007 = EDGE_CURVE('',#4008,#4008,#4010,.T.);
#4008 = VERTEX_POINT('',#4009);
#4009 = CARTESIAN_POINT('',(230.5,-149.46,0.));
#4010 = SURFACE_CURVE('',#4011,(#4016,#4027),.PCURVE_S1.);
#4011 = CIRCLE('',#4012,0.5);
#4012 = AXIS2_PLACEMENT_3D('',#4013,#4014,#4015);
#4013 = CARTESIAN_POINT('',(230.,-149.46,0.));
#4014 = DIRECTION('',(0.,0.,1.));
#4015 = DIRECTION('',(1.,0.,-0.));
#4016 = PCURVE('',#144,#4017);
#4017 = DEFINITIONAL_REPRESENTATION('',(#4018),#4026);
#4018 = ( BOUNDED_CURVE() B_SPLINE_CURVE(2,(#4019,#4020,#4021,#4022,
#4023,#4024,#4025),.UNSPECIFIED.,.T.,.F.) B_SPLINE_CURVE_WITH_KNOTS((1,2
    ,2,2,2,1),(-2.094395102393,0.,2.094395102393,4.188790204786,
6.28318530718,8.377580409573),.UNSPECIFIED.) CURVE() 
GEOMETRIC_REPRESENTATION_ITEM() RATIONAL_B_SPLINE_CURVE((1.,0.5,1.,0.5,
1.,0.5,1.)) REPRESENTATION_ITEM('') );
#4019 = CARTESIAN_POINT('',(-33.,30.54));
#4020 = CARTESIAN_POINT('',(-33.,31.406025403784));
#4021 = CARTESIAN_POINT('',(-32.25,30.973012701892));
#4022 = CARTESIAN_POINT('',(-31.5,30.54));
#4023 = CARTESIAN_POINT('',(-32.25,30.106987298108));
#4024 = CARTESIAN_POINT('',(-33.,29.673974596216));
#4025 = CARTESIAN_POINT('',(-33.,30.54));
#4026 = ( GEOMETRIC_REPRESENTATION_CONTEXT(2) 
PARAMETRIC_REPRESENTATION_CONTEXT() REPRESENTATION_CONTEXT('2D SPACE',''
  ) );
#4027 = PCURVE('',#4028,#4033);
#4028 = CYLINDRICAL_SURFACE('',#4029,0.5);
#4029 = AXIS2_PLACEMENT_3D('',#4030,#4031,#4032);
#4030 = CARTESIAN_POINT('',(230.,-149.46,-1.E-02));
#4031 = DIRECTION('',(0.,0.,1.));
#4032 = DIRECTION('',(1.,0.,-0.));
#4033 = DEFINITIONAL_REPRESENTATION('',(#4034),#4038);
#4034 = LINE('',#4035,#4036);
#4035 = CARTESIAN_POINT('',(0.,1.E-02));
#4036 = VECTOR('',#4037,1.);
#4037 = DIRECTION('',(1.,0.));
#4038 = ( GEOMETRIC_REPRESENTATION_CONTEXT(2) 
PARAMETRIC_REPRESENTATION_CONTEXT() REPRESENTATION_CONTEXT('2D SPACE',''
  ) );
#4039 = FACE_BOUND('',#4040,.T.);
#4040 = EDGE_LOOP('',(#4041));
#4041 = ORIENTED_EDGE('',*,*,#4042,.T.);
#4042 = EDGE_CURVE('',#4043,#4043,#4045,.T.);
#4043 = VERTEX_POINT('',#4044);
#4044 = CARTESIAN_POINT('',(284.45,-130.2,0.));
#4045 = SURFACE_CURVE('',#4046,(#4051,#4062),.PCURVE_S1.);
#4046 = CIRCLE('',#4047,0.65);
#4047 = AXIS2_PLACEMENT_3D('',#4048,#4049,#4050);
#4048 = CARTESIAN_POINT('',(283.8,-130.2,0.));
#4049 = DIRECTION('',(0.,0.,1.));
#4050 = DIRECTION('',(1.,0.,-0.));
#4051 = PCURVE('',#144,#4052);
#4052 = DEFINITIONAL_REPRESENTATION('',(#4053),#4061);
#4053 = ( BOUNDED_CURVE() B_SPLINE_CURVE(2,(#4054,#4055,#4056,#4057,
#4058,#4059,#4060),.UNSPECIFIED.,.T.,.F.) B_SPLINE_CURVE_WITH_KNOTS((1,2
    ,2,2,2,1),(-2.094395102393,0.,2.094395102393,4.188790204786,
6.28318530718,8.377580409573),.UNSPECIFIED.) CURVE() 
GEOMETRIC_REPRESENTATION_ITEM() RATIONAL_B_SPLINE_CURVE((1.,0.5,1.,0.5,
1.,0.5,1.)) REPRESENTATION_ITEM('') );
#4054 = CARTESIAN_POINT('',(-86.95,49.8));
#4055 = CARTESIAN_POINT('',(-86.95,50.92583302492));
#4056 = CARTESIAN_POINT('',(-85.975,50.36291651246));
#4057 = CARTESIAN_POINT('',(-85.,49.8));
#4058 = CARTESIAN_POINT('',(-85.975,49.23708348754));
#4059 = CARTESIAN_POINT('',(-86.95,48.67416697508));
#4060 = CARTESIAN_POINT('',(-86.95,49.8));
#4061 = ( GEOMETRIC_REPRESENTATION_CONTEXT(2) 
PARAMETRIC_REPRESENTATION_CONTEXT() REPRESENTATION_CONTEXT('2D SPACE',''
  ) );
#4062 = PCURVE('',#4063,#4068);
#4063 = CYLINDRICAL_SURFACE('',#4064,0.65);
#4064 = AXIS2_PLACEMENT_3D('',#4065,#4066,#4067);
#4065 = CARTESIAN_POINT('',(283.8,-130.2,-1.E-02));
#4066 = DIRECTION('',(0.,0.,1.));
#4067 = DIRECTION('',(1.,0.,-0.));
#4068 = DEFINITIONAL_REPRESENTATION('',(#4069),#4073);
#4069 = LINE('',#4070,#4071);
#4070 = CARTESIAN_POINT('',(0.,1.E-02));
#4071 = VECTOR('',#4072,1.);
#4072 = DIRECTION('',(1.,0.));
#4073 = ( GEOMETRIC_REPRESENTATION_CONTEXT(2) 
PARAMETRIC_REPRESENTATION_CONTEXT() REPRESENTATION_CONTEXT('2D SPACE',''
  ) );
#4074 = FACE_BOUND('',#4075,.T.);
#4075 = EDGE_LOOP('',(#4076));
#4076 = ORIENTED_EDGE('',*,*,#4077,.T.);
#4077 = EDGE_CURVE('',#4078,#4078,#4080,.T.);
#4078 = VERTEX_POINT('',#4079);
#4079 = CARTESIAN_POINT('',(272.45,-130.2,0.));
#4080 = SURFACE_CURVE('',#4081,(#4086,#4097),.PCURVE_S1.);
#4081 = CIRCLE('',#4082,0.65);
#4082 = AXIS2_PLACEMENT_3D('',#4083,#4084,#4085);
#4083 = CARTESIAN_POINT('',(271.8,-130.2,0.));
#4084 = DIRECTION('',(0.,0.,1.));
#4085 = DIRECTION('',(1.,0.,-0.));
#4086 = PCURVE('',#144,#4087);
#4087 = DEFINITIONAL_REPRESENTATION('',(#4088),#4096);
#4088 = ( BOUNDED_CURVE() B_SPLINE_CURVE(2,(#4089,#4090,#4091,#4092,
#4093,#4094,#4095),.UNSPECIFIED.,.T.,.F.) B_SPLINE_CURVE_WITH_KNOTS((1,2
    ,2,2,2,1),(-2.094395102393,0.,2.094395102393,4.188790204786,
6.28318530718,8.377580409573),.UNSPECIFIED.) CURVE() 
GEOMETRIC_REPRESENTATION_ITEM() RATIONAL_B_SPLINE_CURVE((1.,0.5,1.,0.5,
1.,0.5,1.)) REPRESENTATION_ITEM('') );
#4089 = CARTESIAN_POINT('',(-74.95,49.8));
#4090 = CARTESIAN_POINT('',(-74.95,50.92583302492));
#4091 = CARTESIAN_POINT('',(-73.975,50.36291651246));
#4092 = CARTESIAN_POINT('',(-73.,49.8));
#4093 = CARTESIAN_POINT('',(-73.975,49.23708348754));
#4094 = CARTESIAN_POINT('',(-74.95,48.67416697508));
#4095 = CARTESIAN_POINT('',(-74.95,49.8));
#4096 = ( GEOMETRIC_REPRESENTATION_CONTEXT(2) 
PARAMETRIC_REPRESENTATION_CONTEXT() REPRESENTATION_CONTEXT('2D SPACE',''
  ) );
#4097 = PCURVE('',#4098,#4103);
#4098 = CYLINDRICAL_SURFACE('',#4099,0.65);
#4099 = AXIS2_PLACEMENT_3D('',#4100,#4101,#4102);
#4100 = CARTESIAN_POINT('',(271.8,-130.2,-1.E-02));
#4101 = DIRECTION('',(0.,0.,1.));
#4102 = DIRECTION('',(1.,0.,-0.));
#4103 = DEFINITIONAL_REPRESENTATION('',(#4104),#4108);
#4104 = LINE('',#4105,#4106);
#4105 = CARTESIAN_POINT('',(0.,1.E-02));
#4106 = VECTOR('',#4107,1.);
#4107 = DIRECTION('',(1.,0.));
#4108 = ( GEOMETRIC_REPRESENTATION_CONTEXT(2) 
PARAMETRIC_REPRESENTATION_CONTEXT() REPRESENTATION_CONTEXT('2D SPACE',''
  ) );
#4109 = FACE_BOUND('',#4110,.T.);
#4110 = EDGE_LOOP('',(#4111));
#4111 = ORIENTED_EDGE('',*,*,#4112,.T.);
#4112 = EDGE_CURVE('',#4113,#4113,#4115,.T.);
#4113 = VERTEX_POINT('',#4114);
#4114 = CARTESIAN_POINT('',(261.45,-130.2,0.));
#4115 = SURFACE_CURVE('',#4116,(#4121,#4132),.PCURVE_S1.);
#4116 = CIRCLE('',#4117,0.65);
#4117 = AXIS2_PLACEMENT_3D('',#4118,#4119,#4120);
#4118 = CARTESIAN_POINT('',(260.8,-130.2,0.));
#4119 = DIRECTION('',(0.,0.,1.));
#4120 = DIRECTION('',(1.,0.,-0.));
#4121 = PCURVE('',#144,#4122);
#4122 = DEFINITIONAL_REPRESENTATION('',(#4123),#4131);
#4123 = ( BOUNDED_CURVE() B_SPLINE_CURVE(2,(#4124,#4125,#4126,#4127,
#4128,#4129,#4130),.UNSPECIFIED.,.T.,.F.) B_SPLINE_CURVE_WITH_KNOTS((1,2
    ,2,2,2,1),(-2.094395102393,0.,2.094395102393,4.188790204786,
6.28318530718,8.377580409573),.UNSPECIFIED.) CURVE() 
GEOMETRIC_REPRESENTATION_ITEM() RATIONAL_B_SPLINE_CURVE((1.,0.5,1.,0.5,
1.,0.5,1.)) REPRESENTATION_ITEM('') );
#4124 = CARTESIAN_POINT('',(-63.95,49.8));
#4125 = CARTESIAN_POINT('',(-63.95,50.92583302492));
#4126 = CARTESIAN_POINT('',(-62.975,50.36291651246));
#4127 = CARTESIAN_POINT('',(-62.,49.8));
#4128 = CARTESIAN_POINT('',(-62.975,49.23708348754));
#4129 = CARTESIAN_POINT('',(-63.95,48.67416697508));
#4130 = CARTESIAN_POINT('',(-63.95,49.8));
#4131 = ( GEOMETRIC_REPRESENTATION_CONTEXT(2) 
PARAMETRIC_REPRESENTATION_CONTEXT() REPRESENTATION_CONTEXT('2D SPACE',''
  ) );
#4132 = PCURVE('',#4133,#4138);
#4133 = CYLINDRICAL_SURFACE('',#4134,0.65);
#4134 = AXIS2_PLACEMENT_3D('',#4135,#4136,#4137);
#4135 = CARTESIAN_POINT('',(260.8,-130.2,-1.E-02));
#4136 = DIRECTION('',(0.,0.,1.));
#4137 = DIRECTION('',(1.,0.,-0.));
#4138 = DEFINITIONAL_REPRESENTATION('',(#4139),#4143);
#4139 = LINE('',#4140,#4141);
#4140 = CARTESIAN_POINT('',(0.,1.E-02));
#4141 = VECTOR('',#4142,1.);
#4142 = DIRECTION('',(1.,0.));
#4143 = ( GEOMETRIC_REPRESENTATION_CONTEXT(2) 
PARAMETRIC_REPRESENTATION_CONTEXT() REPRESENTATION_CONTEXT('2D SPACE',''
  ) );
#4144 = FACE_BOUND('',#4145,.T.);
#4145 = EDGE_LOOP('',(#4146));
#4146 = ORIENTED_EDGE('',*,*,#4147,.T.);
#4147 = EDGE_CURVE('',#4148,#4148,#4150,.T.);
#4148 = VERTEX_POINT('',#4149);
#4149 = CARTESIAN_POINT('',(249.45,-130.2,0.));
#4150 = SURFACE_CURVE('',#4151,(#4156,#4167),.PCURVE_S1.);
#4151 = CIRCLE('',#4152,0.65);
#4152 = AXIS2_PLACEMENT_3D('',#4153,#4154,#4155);
#4153 = CARTESIAN_POINT('',(248.8,-130.2,0.));
#4154 = DIRECTION('',(0.,0.,1.));
#4155 = DIRECTION('',(1.,0.,-0.));
#4156 = PCURVE('',#144,#4157);
#4157 = DEFINITIONAL_REPRESENTATION('',(#4158),#4166);
#4158 = ( BOUNDED_CURVE() B_SPLINE_CURVE(2,(#4159,#4160,#4161,#4162,
#4163,#4164,#4165),.UNSPECIFIED.,.T.,.F.) B_SPLINE_CURVE_WITH_KNOTS((1,2
    ,2,2,2,1),(-2.094395102393,0.,2.094395102393,4.188790204786,
6.28318530718,8.377580409573),.UNSPECIFIED.) CURVE() 
GEOMETRIC_REPRESENTATION_ITEM() RATIONAL_B_SPLINE_CURVE((1.,0.5,1.,0.5,
1.,0.5,1.)) REPRESENTATION_ITEM('') );
#4159 = CARTESIAN_POINT('',(-51.95,49.8));
#4160 = CARTESIAN_POINT('',(-51.95,50.92583302492));
#4161 = CARTESIAN_POINT('',(-50.975,50.36291651246));
#4162 = CARTESIAN_POINT('',(-50.,49.8));
#4163 = CARTESIAN_POINT('',(-50.975,49.23708348754));
#4164 = CARTESIAN_POINT('',(-51.95,48.67416697508));
#4165 = CARTESIAN_POINT('',(-51.95,49.8));
#4166 = ( GEOMETRIC_REPRESENTATION_CONTEXT(2) 
PARAMETRIC_REPRESENTATION_CONTEXT() REPRESENTATION_CONTEXT('2D SPACE',''
  ) );
#4167 = PCURVE('',#4168,#4173);
#4168 = CYLINDRICAL_SURFACE('',#4169,0.65);
#4169 = AXIS2_PLACEMENT_3D('',#4170,#4171,#4172);
#4170 = CARTESIAN_POINT('',(248.8,-130.2,-1.E-02));
#4171 = DIRECTION('',(0.,0.,1.));
#4172 = DIRECTION('',(1.,0.,-0.));
#4173 = DEFINITIONAL_REPRESENTATION('',(#4174),#4178);
#4174 = LINE('',#4175,#4176);
#4175 = CARTESIAN_POINT('',(0.,1.E-02));
#4176 = VECTOR('',#4177,1.);
#4177 = DIRECTION('',(1.,0.));
#4178 = ( GEOMETRIC_REPRESENTATION_CONTEXT(2) 
PARAMETRIC_REPRESENTATION_CONTEXT() REPRESENTATION_CONTEXT('2D SPACE',''
  ) );
#4179 = FACE_BOUND('',#4180,.T.);
#4180 = EDGE_LOOP('',(#4181));
#4181 = ORIENTED_EDGE('',*,*,#4182,.T.);
#4182 = EDGE_CURVE('',#4183,#4183,#4185,.T.);
#4183 = VERTEX_POINT('',#4184);
#4184 = CARTESIAN_POINT('',(284.45,-118.,0.));
#4185 = SURFACE_CURVE('',#4186,(#4191,#4202),.PCURVE_S1.);
#4186 = CIRCLE('',#4187,0.65);
#4187 = AXIS2_PLACEMENT_3D('',#4188,#4189,#4190);
#4188 = CARTESIAN_POINT('',(283.8,-118.,0.));
#4189 = DIRECTION('',(0.,0.,1.));
#4190 = DIRECTION('',(1.,0.,-0.));
#4191 = PCURVE('',#144,#4192);
#4192 = DEFINITIONAL_REPRESENTATION('',(#4193),#4201);
#4193 = ( BOUNDED_CURVE() B_SPLINE_CURVE(2,(#4194,#4195,#4196,#4197,
#4198,#4199,#4200),.UNSPECIFIED.,.T.,.F.) B_SPLINE_CURVE_WITH_KNOTS((1,2
    ,2,2,2,1),(-2.094395102393,0.,2.094395102393,4.188790204786,
6.28318530718,8.377580409573),.UNSPECIFIED.) CURVE() 
GEOMETRIC_REPRESENTATION_ITEM() RATIONAL_B_SPLINE_CURVE((1.,0.5,1.,0.5,
1.,0.5,1.)) REPRESENTATION_ITEM('') );
#4194 = CARTESIAN_POINT('',(-86.95,62.));
#4195 = CARTESIAN_POINT('',(-86.95,63.12583302492));
#4196 = CARTESIAN_POINT('',(-85.975,62.56291651246));
#4197 = CARTESIAN_POINT('',(-85.,62.));
#4198 = CARTESIAN_POINT('',(-85.975,61.43708348754));
#4199 = CARTESIAN_POINT('',(-86.95,60.87416697508));
#4200 = CARTESIAN_POINT('',(-86.95,62.));
#4201 = ( GEOMETRIC_REPRESENTATION_CONTEXT(2) 
PARAMETRIC_REPRESENTATION_CONTEXT() REPRESENTATION_CONTEXT('2D SPACE',''
  ) );
#4202 = PCURVE('',#4203,#4208);
#4203 = CYLINDRICAL_SURFACE('',#4204,0.65);
#4204 = AXIS2_PLACEMENT_3D('',#4205,#4206,#4207);
#4205 = CARTESIAN_POINT('',(283.8,-118.,-1.E-02));
#4206 = DIRECTION('',(0.,0.,1.));
#4207 = DIRECTION('',(1.,0.,-0.));
#4208 = DEFINITIONAL_REPRESENTATION('',(#4209),#4213);
#4209 = LINE('',#4210,#4211);
#4210 = CARTESIAN_POINT('',(0.,1.E-02));
#4211 = VECTOR('',#4212,1.);
#4212 = DIRECTION('',(1.,0.));
#4213 = ( GEOMETRIC_REPRESENTATION_CONTEXT(2) 
PARAMETRIC_REPRESENTATION_CONTEXT() REPRESENTATION_CONTEXT('2D SPACE',''
  ) );
#4214 = FACE_BOUND('',#4215,.T.);
#4215 = EDGE_LOOP('',(#4216));
#4216 = ORIENTED_EDGE('',*,*,#4217,.T.);
#4217 = EDGE_CURVE('',#4218,#4218,#4220,.T.);
#4218 = VERTEX_POINT('',#4219);
#4219 = CARTESIAN_POINT('',(272.45,-118.,0.));
#4220 = SURFACE_CURVE('',#4221,(#4226,#4237),.PCURVE_S1.);
#4221 = CIRCLE('',#4222,0.65);
#4222 = AXIS2_PLACEMENT_3D('',#4223,#4224,#4225);
#4223 = CARTESIAN_POINT('',(271.8,-118.,0.));
#4224 = DIRECTION('',(0.,0.,1.));
#4225 = DIRECTION('',(1.,0.,-0.));
#4226 = PCURVE('',#144,#4227);
#4227 = DEFINITIONAL_REPRESENTATION('',(#4228),#4236);
#4228 = ( BOUNDED_CURVE() B_SPLINE_CURVE(2,(#4229,#4230,#4231,#4232,
#4233,#4234,#4235),.UNSPECIFIED.,.T.,.F.) B_SPLINE_CURVE_WITH_KNOTS((1,2
    ,2,2,2,1),(-2.094395102393,0.,2.094395102393,4.188790204786,
6.28318530718,8.377580409573),.UNSPECIFIED.) CURVE() 
GEOMETRIC_REPRESENTATION_ITEM() RATIONAL_B_SPLINE_CURVE((1.,0.5,1.,0.5,
1.,0.5,1.)) REPRESENTATION_ITEM('') );
#4229 = CARTESIAN_POINT('',(-74.95,62.));
#4230 = CARTESIAN_POINT('',(-74.95,63.12583302492));
#4231 = CARTESIAN_POINT('',(-73.975,62.56291651246));
#4232 = CARTESIAN_POINT('',(-73.,62.));
#4233 = CARTESIAN_POINT('',(-73.975,61.43708348754));
#4234 = CARTESIAN_POINT('',(-74.95,60.87416697508));
#4235 = CARTESIAN_POINT('',(-74.95,62.));
#4236 = ( GEOMETRIC_REPRESENTATION_CONTEXT(2) 
PARAMETRIC_REPRESENTATION_CONTEXT() REPRESENTATION_CONTEXT('2D SPACE',''
  ) );
#4237 = PCURVE('',#4238,#4243);
#4238 = CYLINDRICAL_SURFACE('',#4239,0.65);
#4239 = AXIS2_PLACEMENT_3D('',#4240,#4241,#4242);
#4240 = CARTESIAN_POINT('',(271.8,-118.,-1.E-02));
#4241 = DIRECTION('',(0.,0.,1.));
#4242 = DIRECTION('',(1.,0.,-0.));
#4243 = DEFINITIONAL_REPRESENTATION('',(#4244),#4248);
#4244 = LINE('',#4245,#4246);
#4245 = CARTESIAN_POINT('',(0.,1.E-02));
#4246 = VECTOR('',#4247,1.);
#4247 = DIRECTION('',(1.,0.));
#4248 = ( GEOMETRIC_REPRESENTATION_CONTEXT(2) 
PARAMETRIC_REPRESENTATION_CONTEXT() REPRESENTATION_CONTEXT('2D SPACE',''
  ) );
#4249 = FACE_BOUND('',#4250,.T.);
#4250 = EDGE_LOOP('',(#4251));
#4251 = ORIENTED_EDGE('',*,*,#4252,.T.);
#4252 = EDGE_CURVE('',#4253,#4253,#4255,.T.);
#4253 = VERTEX_POINT('',#4254);
#4254 = CARTESIAN_POINT('',(278.45,-116.,0.));
#4255 = SURFACE_CURVE('',#4256,(#4261,#4272),.PCURVE_S1.);
#4256 = CIRCLE('',#4257,0.65);
#4257 = AXIS2_PLACEMENT_3D('',#4258,#4259,#4260);
#4258 = CARTESIAN_POINT('',(277.8,-116.,0.));
#4259 = DIRECTION('',(0.,0.,1.));
#4260 = DIRECTION('',(1.,0.,-0.));
#4261 = PCURVE('',#144,#4262);
#4262 = DEFINITIONAL_REPRESENTATION('',(#4263),#4271);
#4263 = ( BOUNDED_CURVE() B_SPLINE_CURVE(2,(#4264,#4265,#4266,#4267,
#4268,#4269,#4270),.UNSPECIFIED.,.T.,.F.) B_SPLINE_CURVE_WITH_KNOTS((1,2
    ,2,2,2,1),(-2.094395102393,0.,2.094395102393,4.188790204786,
6.28318530718,8.377580409573),.UNSPECIFIED.) CURVE() 
GEOMETRIC_REPRESENTATION_ITEM() RATIONAL_B_SPLINE_CURVE((1.,0.5,1.,0.5,
1.,0.5,1.)) REPRESENTATION_ITEM('') );
#4264 = CARTESIAN_POINT('',(-80.95,64.));
#4265 = CARTESIAN_POINT('',(-80.95,65.12583302492));
#4266 = CARTESIAN_POINT('',(-79.975,64.56291651246));
#4267 = CARTESIAN_POINT('',(-79.,64.));
#4268 = CARTESIAN_POINT('',(-79.975,63.43708348754));
#4269 = CARTESIAN_POINT('',(-80.95,62.87416697508));
#4270 = CARTESIAN_POINT('',(-80.95,64.));
#4271 = ( GEOMETRIC_REPRESENTATION_CONTEXT(2) 
PARAMETRIC_REPRESENTATION_CONTEXT() REPRESENTATION_CONTEXT('2D SPACE',''
  ) );
#4272 = PCURVE('',#4273,#4278);
#4273 = CYLINDRICAL_SURFACE('',#4274,0.65);
#4274 = AXIS2_PLACEMENT_3D('',#4275,#4276,#4277);
#4275 = CARTESIAN_POINT('',(277.8,-116.,-1.E-02));
#4276 = DIRECTION('',(0.,0.,1.));
#4277 = DIRECTION('',(1.,0.,-0.));
#4278 = DEFINITIONAL_REPRESENTATION('',(#4279),#4283);
#4279 = LINE('',#4280,#4281);
#4280 = CARTESIAN_POINT('',(0.,1.E-02));
#4281 = VECTOR('',#4282,1.);
#4282 = DIRECTION('',(1.,0.));
#4283 = ( GEOMETRIC_REPRESENTATION_CONTEXT(2) 
PARAMETRIC_REPRESENTATION_CONTEXT() REPRESENTATION_CONTEXT('2D SPACE',''
  ) );
#4284 = FACE_BOUND('',#4285,.T.);
#4285 = EDGE_LOOP('',(#4286));
#4286 = ORIENTED_EDGE('',*,*,#4287,.T.);
#4287 = EDGE_CURVE('',#4288,#4288,#4290,.T.);
#4288 = VERTEX_POINT('',#4289);
#4289 = CARTESIAN_POINT('',(283.58,-110.53,0.));
#4290 = SURFACE_CURVE('',#4291,(#4296,#4307),.PCURVE_S1.);
#4291 = CIRCLE('',#4292,0.7);
#4292 = AXIS2_PLACEMENT_3D('',#4293,#4294,#4295);
#4293 = CARTESIAN_POINT('',(282.88,-110.53,0.));
#4294 = DIRECTION('',(0.,0.,1.));
#4295 = DIRECTION('',(1.,0.,-0.));
#4296 = PCURVE('',#144,#4297);
#4297 = DEFINITIONAL_REPRESENTATION('',(#4298),#4306);
#4298 = ( BOUNDED_CURVE() B_SPLINE_CURVE(2,(#4299,#4300,#4301,#4302,
#4303,#4304,#4305),.UNSPECIFIED.,.T.,.F.) B_SPLINE_CURVE_WITH_KNOTS((1,2
    ,2,2,2,1),(-2.094395102393,0.,2.094395102393,4.188790204786,
6.28318530718,8.377580409573),.UNSPECIFIED.) CURVE() 
GEOMETRIC_REPRESENTATION_ITEM() RATIONAL_B_SPLINE_CURVE((1.,0.5,1.,0.5,
1.,0.5,1.)) REPRESENTATION_ITEM('') );
#4299 = CARTESIAN_POINT('',(-86.08,69.47));
#4300 = CARTESIAN_POINT('',(-86.08,70.682435565298));
#4301 = CARTESIAN_POINT('',(-85.03,70.076217782649));
#4302 = CARTESIAN_POINT('',(-83.98,69.47));
#4303 = CARTESIAN_POINT('',(-85.03,68.863782217351));
#4304 = CARTESIAN_POINT('',(-86.08,68.257564434702));
#4305 = CARTESIAN_POINT('',(-86.08,69.47));
#4306 = ( GEOMETRIC_REPRESENTATION_CONTEXT(2) 
PARAMETRIC_REPRESENTATION_CONTEXT() REPRESENTATION_CONTEXT('2D SPACE',''
  ) );
#4307 = PCURVE('',#4308,#4313);
#4308 = CYLINDRICAL_SURFACE('',#4309,0.7);
#4309 = AXIS2_PLACEMENT_3D('',#4310,#4311,#4312);
#4310 = CARTESIAN_POINT('',(282.88,-110.53,-1.E-02));
#4311 = DIRECTION('',(0.,0.,1.));
#4312 = DIRECTION('',(1.,0.,-0.));
#4313 = DEFINITIONAL_REPRESENTATION('',(#4314),#4318);
#4314 = LINE('',#4315,#4316);
#4315 = CARTESIAN_POINT('',(0.,1.E-02));
#4316 = VECTOR('',#4317,1.);
#4317 = DIRECTION('',(1.,0.));
#4318 = ( GEOMETRIC_REPRESENTATION_CONTEXT(2) 
PARAMETRIC_REPRESENTATION_CONTEXT() REPRESENTATION_CONTEXT('2D SPACE',''
  ) );
#4319 = FACE_BOUND('',#4320,.T.);
#4320 = EDGE_LOOP('',(#4321));
#4321 = ORIENTED_EDGE('',*,*,#4322,.T.);
#4322 = EDGE_CURVE('',#4323,#4323,#4325,.T.);
#4323 = VERTEX_POINT('',#4324);
#4324 = CARTESIAN_POINT('',(293.1,-103.5,0.));
#4325 = SURFACE_CURVE('',#4326,(#4331,#4342),.PCURVE_S1.);
#4326 = CIRCLE('',#4327,1.6);
#4327 = AXIS2_PLACEMENT_3D('',#4328,#4329,#4330);
#4328 = CARTESIAN_POINT('',(291.5,-103.5,0.));
#4329 = DIRECTION('',(0.,0.,1.));
#4330 = DIRECTION('',(1.,0.,-0.));
#4331 = PCURVE('',#144,#4332);
#4332 = DEFINITIONAL_REPRESENTATION('',(#4333),#4341);
#4333 = ( BOUNDED_CURVE() B_SPLINE_CURVE(2,(#4334,#4335,#4336,#4337,
#4338,#4339,#4340),.UNSPECIFIED.,.T.,.F.) B_SPLINE_CURVE_WITH_KNOTS((1,2
    ,2,2,2,1),(-2.094395102393,0.,2.094395102393,4.188790204786,
6.28318530718,8.377580409573),.UNSPECIFIED.) CURVE() 
GEOMETRIC_REPRESENTATION_ITEM() RATIONAL_B_SPLINE_CURVE((1.,0.5,1.,0.5,
1.,0.5,1.)) REPRESENTATION_ITEM('') );
#4334 = CARTESIAN_POINT('',(-95.6,76.5));
#4335 = CARTESIAN_POINT('',(-95.6,79.27128129211));
#4336 = CARTESIAN_POINT('',(-93.2,77.885640646055));
#4337 = CARTESIAN_POINT('',(-90.8,76.5));
#4338 = CARTESIAN_POINT('',(-93.2,75.114359353945));
#4339 = CARTESIAN_POINT('',(-95.6,73.72871870789));
#4340 = CARTESIAN_POINT('',(-95.6,76.5));
#4341 = ( GEOMETRIC_REPRESENTATION_CONTEXT(2) 
PARAMETRIC_REPRESENTATION_CONTEXT() REPRESENTATION_CONTEXT('2D SPACE',''
  ) );
#4342 = PCURVE('',#4343,#4348);
#4343 = CYLINDRICAL_SURFACE('',#4344,1.6);
#4344 = AXIS2_PLACEMENT_3D('',#4345,#4346,#4347);
#4345 = CARTESIAN_POINT('',(291.5,-103.5,-1.E-02));
#4346 = DIRECTION('',(0.,0.,1.));
#4347 = DIRECTION('',(1.,0.,-0.));
#4348 = DEFINITIONAL_REPRESENTATION('',(#4349),#4353);
#4349 = LINE('',#4350,#4351);
#4350 = CARTESIAN_POINT('',(0.,1.E-02));
#4351 = VECTOR('',#4352,1.);
#4352 = DIRECTION('',(1.,0.));
#4353 = ( GEOMETRIC_REPRESENTATION_CONTEXT(2) 
PARAMETRIC_REPRESENTATION_CONTEXT() REPRESENTATION_CONTEXT('2D SPACE',''
  ) );
#4354 = FACE_BOUND('',#4355,.T.);
#4355 = EDGE_LOOP('',(#4356));
#4356 = ORIENTED_EDGE('',*,*,#4357,.T.);
#4357 = EDGE_CURVE('',#4358,#4358,#4360,.T.);
#4358 = VERTEX_POINT('',#4359);
#4359 = CARTESIAN_POINT('',(278.5,-110.53,0.));
#4360 = SURFACE_CURVE('',#4361,(#4366,#4377),.PCURVE_S1.);
#4361 = CIRCLE('',#4362,0.7);
#4362 = AXIS2_PLACEMENT_3D('',#4363,#4364,#4365);
#4363 = CARTESIAN_POINT('',(277.8,-110.53,0.));
#4364 = DIRECTION('',(0.,0.,1.));
#4365 = DIRECTION('',(1.,0.,-0.));
#4366 = PCURVE('',#144,#4367);
#4367 = DEFINITIONAL_REPRESENTATION('',(#4368),#4376);
#4368 = ( BOUNDED_CURVE() B_SPLINE_CURVE(2,(#4369,#4370,#4371,#4372,
#4373,#4374,#4375),.UNSPECIFIED.,.T.,.F.) B_SPLINE_CURVE_WITH_KNOTS((1,2
    ,2,2,2,1),(-2.094395102393,0.,2.094395102393,4.188790204786,
6.28318530718,8.377580409573),.UNSPECIFIED.) CURVE() 
GEOMETRIC_REPRESENTATION_ITEM() RATIONAL_B_SPLINE_CURVE((1.,0.5,1.,0.5,
1.,0.5,1.)) REPRESENTATION_ITEM('') );
#4369 = CARTESIAN_POINT('',(-81.,69.47));
#4370 = CARTESIAN_POINT('',(-81.,70.682435565298));
#4371 = CARTESIAN_POINT('',(-79.95,70.076217782649));
#4372 = CARTESIAN_POINT('',(-78.9,69.47));
#4373 = CARTESIAN_POINT('',(-79.95,68.863782217351));
#4374 = CARTESIAN_POINT('',(-81.,68.257564434702));
#4375 = CARTESIAN_POINT('',(-81.,69.47));
#4376 = ( GEOMETRIC_REPRESENTATION_CONTEXT(2) 
PARAMETRIC_REPRESENTATION_CONTEXT() REPRESENTATION_CONTEXT('2D SPACE',''
  ) );
#4377 = PCURVE('',#4378,#4383);
#4378 = CYLINDRICAL_SURFACE('',#4379,0.7);
#4379 = AXIS2_PLACEMENT_3D('',#4380,#4381,#4382);
#4380 = CARTESIAN_POINT('',(277.8,-110.53,-1.E-02));
#4381 = DIRECTION('',(0.,0.,1.));
#4382 = DIRECTION('',(1.,0.,-0.));
#4383 = DEFINITIONAL_REPRESENTATION('',(#4384),#4388);
#4384 = LINE('',#4385,#4386);
#4385 = CARTESIAN_POINT('',(0.,1.E-02));
#4386 = VECTOR('',#4387,1.);
#4387 = DIRECTION('',(1.,0.));
#4388 = ( GEOMETRIC_REPRESENTATION_CONTEXT(2) 
PARAMETRIC_REPRESENTATION_CONTEXT() REPRESENTATION_CONTEXT('2D SPACE',''
  ) );
#4389 = FACE_BOUND('',#4390,.T.);
#4390 = EDGE_LOOP('',(#4391));
#4391 = ORIENTED_EDGE('',*,*,#4392,.T.);
#4392 = EDGE_CURVE('',#4393,#4393,#4395,.T.);
#4393 = VERTEX_POINT('',#4394);
#4394 = CARTESIAN_POINT('',(273.42,-110.53,0.));
#4395 = SURFACE_CURVE('',#4396,(#4401,#4412),.PCURVE_S1.);
#4396 = CIRCLE('',#4397,0.7);
#4397 = AXIS2_PLACEMENT_3D('',#4398,#4399,#4400);
#4398 = CARTESIAN_POINT('',(272.72,-110.53,0.));
#4399 = DIRECTION('',(0.,0.,1.));
#4400 = DIRECTION('',(1.,0.,-0.));
#4401 = PCURVE('',#144,#4402);
#4402 = DEFINITIONAL_REPRESENTATION('',(#4403),#4411);
#4403 = ( BOUNDED_CURVE() B_SPLINE_CURVE(2,(#4404,#4405,#4406,#4407,
#4408,#4409,#4410),.UNSPECIFIED.,.T.,.F.) B_SPLINE_CURVE_WITH_KNOTS((1,2
    ,2,2,2,1),(-2.094395102393,0.,2.094395102393,4.188790204786,
6.28318530718,8.377580409573),.UNSPECIFIED.) CURVE() 
GEOMETRIC_REPRESENTATION_ITEM() RATIONAL_B_SPLINE_CURVE((1.,0.5,1.,0.5,
1.,0.5,1.)) REPRESENTATION_ITEM('') );
#4404 = CARTESIAN_POINT('',(-75.92,69.47));
#4405 = CARTESIAN_POINT('',(-75.92,70.682435565298));
#4406 = CARTESIAN_POINT('',(-74.87,70.076217782649));
#4407 = CARTESIAN_POINT('',(-73.82,69.47));
#4408 = CARTESIAN_POINT('',(-74.87,68.863782217351));
#4409 = CARTESIAN_POINT('',(-75.92,68.257564434702));
#4410 = CARTESIAN_POINT('',(-75.92,69.47));
#4411 = ( GEOMETRIC_REPRESENTATION_CONTEXT(2) 
PARAMETRIC_REPRESENTATION_CONTEXT() REPRESENTATION_CONTEXT('2D SPACE',''
  ) );
#4412 = PCURVE('',#4413,#4418);
#4413 = CYLINDRICAL_SURFACE('',#4414,0.7);
#4414 = AXIS2_PLACEMENT_3D('',#4415,#4416,#4417);
#4415 = CARTESIAN_POINT('',(272.72,-110.53,-1.E-02));
#4416 = DIRECTION('',(0.,0.,1.));
#4417 = DIRECTION('',(1.,0.,-0.));
#4418 = DEFINITIONAL_REPRESENTATION('',(#4419),#4423);
#4419 = LINE('',#4420,#4421);
#4420 = CARTESIAN_POINT('',(0.,1.E-02));
#4421 = VECTOR('',#4422,1.);
#4422 = DIRECTION('',(1.,0.));
#4423 = ( GEOMETRIC_REPRESENTATION_CONTEXT(2) 
PARAMETRIC_REPRESENTATION_CONTEXT() REPRESENTATION_CONTEXT('2D SPACE',''
  ) );
#4424 = FACE_BOUND('',#4425,.T.);
#4425 = EDGE_LOOP('',(#4426));
#4426 = ORIENTED_EDGE('',*,*,#4427,.T.);
#4427 = EDGE_CURVE('',#4428,#4428,#4430,.T.);
#4428 = VERTEX_POINT('',#4429);
#4429 = CARTESIAN_POINT('',(261.45,-118.,0.));
#4430 = SURFACE_CURVE('',#4431,(#4436,#4447),.PCURVE_S1.);
#4431 = CIRCLE('',#4432,0.65);
#4432 = AXIS2_PLACEMENT_3D('',#4433,#4434,#4435);
#4433 = CARTESIAN_POINT('',(260.8,-118.,0.));
#4434 = DIRECTION('',(0.,0.,1.));
#4435 = DIRECTION('',(1.,0.,-0.));
#4436 = PCURVE('',#144,#4437);
#4437 = DEFINITIONAL_REPRESENTATION('',(#4438),#4446);
#4438 = ( BOUNDED_CURVE() B_SPLINE_CURVE(2,(#4439,#4440,#4441,#4442,
#4443,#4444,#4445),.UNSPECIFIED.,.T.,.F.) B_SPLINE_CURVE_WITH_KNOTS((1,2
    ,2,2,2,1),(-2.094395102393,0.,2.094395102393,4.188790204786,
6.28318530718,8.377580409573),.UNSPECIFIED.) CURVE() 
GEOMETRIC_REPRESENTATION_ITEM() RATIONAL_B_SPLINE_CURVE((1.,0.5,1.,0.5,
1.,0.5,1.)) REPRESENTATION_ITEM('') );
#4439 = CARTESIAN_POINT('',(-63.95,62.));
#4440 = CARTESIAN_POINT('',(-63.95,63.12583302492));
#4441 = CARTESIAN_POINT('',(-62.975,62.56291651246));
#4442 = CARTESIAN_POINT('',(-62.,62.));
#4443 = CARTESIAN_POINT('',(-62.975,61.43708348754));
#4444 = CARTESIAN_POINT('',(-63.95,60.87416697508));
#4445 = CARTESIAN_POINT('',(-63.95,62.));
#4446 = ( GEOMETRIC_REPRESENTATION_CONTEXT(2) 
PARAMETRIC_REPRESENTATION_CONTEXT() REPRESENTATION_CONTEXT('2D SPACE',''
  ) );
#4447 = PCURVE('',#4448,#4453);
#4448 = CYLINDRICAL_SURFACE('',#4449,0.65);
#4449 = AXIS2_PLACEMENT_3D('',#4450,#4451,#4452);
#4450 = CARTESIAN_POINT('',(260.8,-118.,-1.E-02));
#4451 = DIRECTION('',(0.,0.,1.));
#4452 = DIRECTION('',(1.,0.,-0.));
#4453 = DEFINITIONAL_REPRESENTATION('',(#4454),#4458);
#4454 = LINE('',#4455,#4456);
#4455 = CARTESIAN_POINT('',(0.,1.E-02));
#4456 = VECTOR('',#4457,1.);
#4457 = DIRECTION('',(1.,0.));
#4458 = ( GEOMETRIC_REPRESENTATION_CONTEXT(2) 
PARAMETRIC_REPRESENTATION_CONTEXT() REPRESENTATION_CONTEXT('2D SPACE',''
  ) );
#4459 = FACE_BOUND('',#4460,.T.);
#4460 = EDGE_LOOP('',(#4461));
#4461 = ORIENTED_EDGE('',*,*,#4462,.T.);
#4462 = EDGE_CURVE('',#4463,#4463,#4465,.T.);
#4463 = VERTEX_POINT('',#4464);
#4464 = CARTESIAN_POINT('',(249.45,-118.,0.));
#4465 = SURFACE_CURVE('',#4466,(#4471,#4482),.PCURVE_S1.);
#4466 = CIRCLE('',#4467,0.65);
#4467 = AXIS2_PLACEMENT_3D('',#4468,#4469,#4470);
#4468 = CARTESIAN_POINT('',(248.8,-118.,0.));
#4469 = DIRECTION('',(0.,0.,1.));
#4470 = DIRECTION('',(1.,0.,-0.));
#4471 = PCURVE('',#144,#4472);
#4472 = DEFINITIONAL_REPRESENTATION('',(#4473),#4481);
#4473 = ( BOUNDED_CURVE() B_SPLINE_CURVE(2,(#4474,#4475,#4476,#4477,
#4478,#4479,#4480),.UNSPECIFIED.,.T.,.F.) B_SPLINE_CURVE_WITH_KNOTS((1,2
    ,2,2,2,1),(-2.094395102393,0.,2.094395102393,4.188790204786,
6.28318530718,8.377580409573),.UNSPECIFIED.) CURVE() 
GEOMETRIC_REPRESENTATION_ITEM() RATIONAL_B_SPLINE_CURVE((1.,0.5,1.,0.5,
1.,0.5,1.)) REPRESENTATION_ITEM('') );
#4474 = CARTESIAN_POINT('',(-51.95,62.));
#4475 = CARTESIAN_POINT('',(-51.95,63.12583302492));
#4476 = CARTESIAN_POINT('',(-50.975,62.56291651246));
#4477 = CARTESIAN_POINT('',(-50.,62.));
#4478 = CARTESIAN_POINT('',(-50.975,61.43708348754));
#4479 = CARTESIAN_POINT('',(-51.95,60.87416697508));
#4480 = CARTESIAN_POINT('',(-51.95,62.));
#4481 = ( GEOMETRIC_REPRESENTATION_CONTEXT(2) 
PARAMETRIC_REPRESENTATION_CONTEXT() REPRESENTATION_CONTEXT('2D SPACE',''
  ) );
#4482 = PCURVE('',#4483,#4488);
#4483 = CYLINDRICAL_SURFACE('',#4484,0.65);
#4484 = AXIS2_PLACEMENT_3D('',#4485,#4486,#4487);
#4485 = CARTESIAN_POINT('',(248.8,-118.,-1.E-02));
#4486 = DIRECTION('',(0.,0.,1.));
#4487 = DIRECTION('',(1.,0.,-0.));
#4488 = DEFINITIONAL_REPRESENTATION('',(#4489),#4493);
#4489 = LINE('',#4490,#4491);
#4490 = CARTESIAN_POINT('',(0.,1.E-02));
#4491 = VECTOR('',#4492,1.);
#4492 = DIRECTION('',(1.,0.));
#4493 = ( GEOMETRIC_REPRESENTATION_CONTEXT(2) 
PARAMETRIC_REPRESENTATION_CONTEXT() REPRESENTATION_CONTEXT('2D SPACE',''
  ) );
#4494 = FACE_BOUND('',#4495,.T.);
#4495 = EDGE_LOOP('',(#4496));
#4496 = ORIENTED_EDGE('',*,*,#4497,.T.);
#4497 = EDGE_CURVE('',#4498,#4498,#4500,.T.);
#4498 = VERTEX_POINT('',#4499);
#4499 = CARTESIAN_POINT('',(255.45,-116.,0.));
#4500 = SURFACE_CURVE('',#4501,(#4506,#4517),.PCURVE_S1.);
#4501 = CIRCLE('',#4502,0.65);
#4502 = AXIS2_PLACEMENT_3D('',#4503,#4504,#4505);
#4503 = CARTESIAN_POINT('',(254.8,-116.,0.));
#4504 = DIRECTION('',(0.,0.,1.));
#4505 = DIRECTION('',(1.,0.,-0.));
#4506 = PCURVE('',#144,#4507);
#4507 = DEFINITIONAL_REPRESENTATION('',(#4508),#4516);
#4508 = ( BOUNDED_CURVE() B_SPLINE_CURVE(2,(#4509,#4510,#4511,#4512,
#4513,#4514,#4515),.UNSPECIFIED.,.T.,.F.) B_SPLINE_CURVE_WITH_KNOTS((1,2
    ,2,2,2,1),(-2.094395102393,0.,2.094395102393,4.188790204786,
6.28318530718,8.377580409573),.UNSPECIFIED.) CURVE() 
GEOMETRIC_REPRESENTATION_ITEM() RATIONAL_B_SPLINE_CURVE((1.,0.5,1.,0.5,
1.,0.5,1.)) REPRESENTATION_ITEM('') );
#4509 = CARTESIAN_POINT('',(-57.95,64.));
#4510 = CARTESIAN_POINT('',(-57.95,65.12583302492));
#4511 = CARTESIAN_POINT('',(-56.975,64.56291651246));
#4512 = CARTESIAN_POINT('',(-56.,64.));
#4513 = CARTESIAN_POINT('',(-56.975,63.43708348754));
#4514 = CARTESIAN_POINT('',(-57.95,62.87416697508));
#4515 = CARTESIAN_POINT('',(-57.95,64.));
#4516 = ( GEOMETRIC_REPRESENTATION_CONTEXT(2) 
PARAMETRIC_REPRESENTATION_CONTEXT() REPRESENTATION_CONTEXT('2D SPACE',''
  ) );
#4517 = PCURVE('',#4518,#4523);
#4518 = CYLINDRICAL_SURFACE('',#4519,0.65);
#4519 = AXIS2_PLACEMENT_3D('',#4520,#4521,#4522);
#4520 = CARTESIAN_POINT('',(254.8,-116.,-1.E-02));
#4521 = DIRECTION('',(0.,0.,1.));
#4522 = DIRECTION('',(1.,0.,-0.));
#4523 = DEFINITIONAL_REPRESENTATION('',(#4524),#4528);
#4524 = LINE('',#4525,#4526);
#4525 = CARTESIAN_POINT('',(0.,1.E-02));
#4526 = VECTOR('',#4527,1.);
#4527 = DIRECTION('',(1.,0.));
#4528 = ( GEOMETRIC_REPRESENTATION_CONTEXT(2) 
PARAMETRIC_REPRESENTATION_CONTEXT() REPRESENTATION_CONTEXT('2D SPACE',''
  ) );
#4529 = FACE_BOUND('',#4530,.T.);
#4530 = EDGE_LOOP('',(#4531));
#4531 = ORIENTED_EDGE('',*,*,#4532,.T.);
#4532 = EDGE_CURVE('',#4533,#4533,#4535,.T.);
#4533 = VERTEX_POINT('',#4534);
#4534 = CARTESIAN_POINT('',(260.58,-110.53,0.));
#4535 = SURFACE_CURVE('',#4536,(#4541,#4552),.PCURVE_S1.);
#4536 = CIRCLE('',#4537,0.7);
#4537 = AXIS2_PLACEMENT_3D('',#4538,#4539,#4540);
#4538 = CARTESIAN_POINT('',(259.88,-110.53,0.));
#4539 = DIRECTION('',(0.,0.,1.));
#4540 = DIRECTION('',(1.,0.,-0.));
#4541 = PCURVE('',#144,#4542);
#4542 = DEFINITIONAL_REPRESENTATION('',(#4543),#4551);
#4543 = ( BOUNDED_CURVE() B_SPLINE_CURVE(2,(#4544,#4545,#4546,#4547,
#4548,#4549,#4550),.UNSPECIFIED.,.T.,.F.) B_SPLINE_CURVE_WITH_KNOTS((1,2
    ,2,2,2,1),(-2.094395102393,0.,2.094395102393,4.188790204786,
6.28318530718,8.377580409573),.UNSPECIFIED.) CURVE() 
GEOMETRIC_REPRESENTATION_ITEM() RATIONAL_B_SPLINE_CURVE((1.,0.5,1.,0.5,
1.,0.5,1.)) REPRESENTATION_ITEM('') );
#4544 = CARTESIAN_POINT('',(-63.08,69.47));
#4545 = CARTESIAN_POINT('',(-63.08,70.682435565298));
#4546 = CARTESIAN_POINT('',(-62.03,70.076217782649));
#4547 = CARTESIAN_POINT('',(-60.98,69.47));
#4548 = CARTESIAN_POINT('',(-62.03,68.863782217351));
#4549 = CARTESIAN_POINT('',(-63.08,68.257564434702));
#4550 = CARTESIAN_POINT('',(-63.08,69.47));
#4551 = ( GEOMETRIC_REPRESENTATION_CONTEXT(2) 
PARAMETRIC_REPRESENTATION_CONTEXT() REPRESENTATION_CONTEXT('2D SPACE',''
  ) );
#4552 = PCURVE('',#4553,#4558);
#4553 = CYLINDRICAL_SURFACE('',#4554,0.7);
#4554 = AXIS2_PLACEMENT_3D('',#4555,#4556,#4557);
#4555 = CARTESIAN_POINT('',(259.88,-110.53,-1.E-02));
#4556 = DIRECTION('',(0.,0.,1.));
#4557 = DIRECTION('',(1.,0.,-0.));
#4558 = DEFINITIONAL_REPRESENTATION('',(#4559),#4563);
#4559 = LINE('',#4560,#4561);
#4560 = CARTESIAN_POINT('',(0.,1.E-02));
#4561 = VECTOR('',#4562,1.);
#4562 = DIRECTION('',(1.,0.));
#4563 = ( GEOMETRIC_REPRESENTATION_CONTEXT(2) 
PARAMETRIC_REPRESENTATION_CONTEXT() REPRESENTATION_CONTEXT('2D SPACE',''
  ) );
#4564 = FACE_BOUND('',#4565,.T.);
#4565 = EDGE_LOOP('',(#4566));
#4566 = ORIENTED_EDGE('',*,*,#4567,.T.);
#4567 = EDGE_CURVE('',#4568,#4568,#4570,.T.);
#4568 = VERTEX_POINT('',#4569);
#4569 = CARTESIAN_POINT('',(255.5,-110.53,0.));
#4570 = SURFACE_CURVE('',#4571,(#4576,#4587),.PCURVE_S1.);
#4571 = CIRCLE('',#4572,0.7);
#4572 = AXIS2_PLACEMENT_3D('',#4573,#4574,#4575);
#4573 = CARTESIAN_POINT('',(254.8,-110.53,0.));
#4574 = DIRECTION('',(0.,0.,1.));
#4575 = DIRECTION('',(1.,0.,-0.));
#4576 = PCURVE('',#144,#4577);
#4577 = DEFINITIONAL_REPRESENTATION('',(#4578),#4586);
#4578 = ( BOUNDED_CURVE() B_SPLINE_CURVE(2,(#4579,#4580,#4581,#4582,
#4583,#4584,#4585),.UNSPECIFIED.,.T.,.F.) B_SPLINE_CURVE_WITH_KNOTS((1,2
    ,2,2,2,1),(-2.094395102393,0.,2.094395102393,4.188790204786,
6.28318530718,8.377580409573),.UNSPECIFIED.) CURVE() 
GEOMETRIC_REPRESENTATION_ITEM() RATIONAL_B_SPLINE_CURVE((1.,0.5,1.,0.5,
1.,0.5,1.)) REPRESENTATION_ITEM('') );
#4579 = CARTESIAN_POINT('',(-58.,69.47));
#4580 = CARTESIAN_POINT('',(-58.,70.682435565298));
#4581 = CARTESIAN_POINT('',(-56.95,70.076217782649));
#4582 = CARTESIAN_POINT('',(-55.9,69.47));
#4583 = CARTESIAN_POINT('',(-56.95,68.863782217351));
#4584 = CARTESIAN_POINT('',(-58.,68.257564434702));
#4585 = CARTESIAN_POINT('',(-58.,69.47));
#4586 = ( GEOMETRIC_REPRESENTATION_CONTEXT(2) 
PARAMETRIC_REPRESENTATION_CONTEXT() REPRESENTATION_CONTEXT('2D SPACE',''
  ) );
#4587 = PCURVE('',#4588,#4593);
#4588 = CYLINDRICAL_SURFACE('',#4589,0.7);
#4589 = AXIS2_PLACEMENT_3D('',#4590,#4591,#4592);
#4590 = CARTESIAN_POINT('',(254.8,-110.53,-1.E-02));
#4591 = DIRECTION('',(0.,0.,1.));
#4592 = DIRECTION('',(1.,0.,-0.));
#4593 = DEFINITIONAL_REPRESENTATION('',(#4594),#4598);
#4594 = LINE('',#4595,#4596);
#4595 = CARTESIAN_POINT('',(0.,1.E-02));
#4596 = VECTOR('',#4597,1.);
#4597 = DIRECTION('',(1.,0.));
#4598 = ( GEOMETRIC_REPRESENTATION_CONTEXT(2) 
PARAMETRIC_REPRESENTATION_CONTEXT() REPRESENTATION_CONTEXT('2D SPACE',''
  ) );
#4599 = FACE_BOUND('',#4600,.T.);
#4600 = EDGE_LOOP('',(#4601));
#4601 = ORIENTED_EDGE('',*,*,#4602,.T.);
#4602 = EDGE_CURVE('',#4603,#4603,#4605,.T.);
#4603 = VERTEX_POINT('',#4604);
#4604 = CARTESIAN_POINT('',(250.42,-110.53,0.));
#4605 = SURFACE_CURVE('',#4606,(#4611,#4622),.PCURVE_S1.);
#4606 = CIRCLE('',#4607,0.7);
#4607 = AXIS2_PLACEMENT_3D('',#4608,#4609,#4610);
#4608 = CARTESIAN_POINT('',(249.72,-110.53,0.));
#4609 = DIRECTION('',(0.,0.,1.));
#4610 = DIRECTION('',(1.,0.,-0.));
#4611 = PCURVE('',#144,#4612);
#4612 = DEFINITIONAL_REPRESENTATION('',(#4613),#4621);
#4613 = ( BOUNDED_CURVE() B_SPLINE_CURVE(2,(#4614,#4615,#4616,#4617,
#4618,#4619,#4620),.UNSPECIFIED.,.T.,.F.) B_SPLINE_CURVE_WITH_KNOTS((1,2
    ,2,2,2,1),(-2.094395102393,0.,2.094395102393,4.188790204786,
6.28318530718,8.377580409573),.UNSPECIFIED.) CURVE() 
GEOMETRIC_REPRESENTATION_ITEM() RATIONAL_B_SPLINE_CURVE((1.,0.5,1.,0.5,
1.,0.5,1.)) REPRESENTATION_ITEM('') );
#4614 = CARTESIAN_POINT('',(-52.92,69.47));
#4615 = CARTESIAN_POINT('',(-52.92,70.682435565298));
#4616 = CARTESIAN_POINT('',(-51.87,70.076217782649));
#4617 = CARTESIAN_POINT('',(-50.82,69.47));
#4618 = CARTESIAN_POINT('',(-51.87,68.863782217351));
#4619 = CARTESIAN_POINT('',(-52.92,68.257564434702));
#4620 = CARTESIAN_POINT('',(-52.92,69.47));
#4621 = ( GEOMETRIC_REPRESENTATION_CONTEXT(2) 
PARAMETRIC_REPRESENTATION_CONTEXT() REPRESENTATION_CONTEXT('2D SPACE',''
  ) );
#4622 = PCURVE('',#4623,#4628);
#4623 = CYLINDRICAL_SURFACE('',#4624,0.7);
#4624 = AXIS2_PLACEMENT_3D('',#4625,#4626,#4627);
#4625 = CARTESIAN_POINT('',(249.72,-110.53,-1.E-02));
#4626 = DIRECTION('',(0.,0.,1.));
#4627 = DIRECTION('',(1.,0.,-0.));
#4628 = DEFINITIONAL_REPRESENTATION('',(#4629),#4633);
#4629 = LINE('',#4630,#4631);
#4630 = CARTESIAN_POINT('',(0.,1.E-02));
#4631 = VECTOR('',#4632,1.);
#4632 = DIRECTION('',(1.,0.));
#4633 = ( GEOMETRIC_REPRESENTATION_CONTEXT(2) 
PARAMETRIC_REPRESENTATION_CONTEXT() REPRESENTATION_CONTEXT('2D SPACE',''
  ) );
#4634 = FACE_BOUND('',#4635,.T.);
#4635 = EDGE_LOOP('',(#4636));
#4636 = ORIENTED_EDGE('',*,*,#4637,.T.);
#4637 = EDGE_CURVE('',#4638,#4638,#4640,.T.);
#4638 = VERTEX_POINT('',#4639);
#4639 = CARTESIAN_POINT('',(238.45,-130.2,0.));
#4640 = SURFACE_CURVE('',#4641,(#4646,#4657),.PCURVE_S1.);
#4641 = CIRCLE('',#4642,0.65);
#4642 = AXIS2_PLACEMENT_3D('',#4643,#4644,#4645);
#4643 = CARTESIAN_POINT('',(237.8,-130.2,0.));
#4644 = DIRECTION('',(0.,0.,1.));
#4645 = DIRECTION('',(1.,0.,-0.));
#4646 = PCURVE('',#144,#4647);
#4647 = DEFINITIONAL_REPRESENTATION('',(#4648),#4656);
#4648 = ( BOUNDED_CURVE() B_SPLINE_CURVE(2,(#4649,#4650,#4651,#4652,
#4653,#4654,#4655),.UNSPECIFIED.,.T.,.F.) B_SPLINE_CURVE_WITH_KNOTS((1,2
    ,2,2,2,1),(-2.094395102393,0.,2.094395102393,4.188790204786,
6.28318530718,8.377580409573),.UNSPECIFIED.) CURVE() 
GEOMETRIC_REPRESENTATION_ITEM() RATIONAL_B_SPLINE_CURVE((1.,0.5,1.,0.5,
1.,0.5,1.)) REPRESENTATION_ITEM('') );
#4649 = CARTESIAN_POINT('',(-40.95,49.8));
#4650 = CARTESIAN_POINT('',(-40.95,50.92583302492));
#4651 = CARTESIAN_POINT('',(-39.975,50.36291651246));
#4652 = CARTESIAN_POINT('',(-39.,49.8));
#4653 = CARTESIAN_POINT('',(-39.975,49.23708348754));
#4654 = CARTESIAN_POINT('',(-40.95,48.67416697508));
#4655 = CARTESIAN_POINT('',(-40.95,49.8));
#4656 = ( GEOMETRIC_REPRESENTATION_CONTEXT(2) 
PARAMETRIC_REPRESENTATION_CONTEXT() REPRESENTATION_CONTEXT('2D SPACE',''
  ) );
#4657 = PCURVE('',#4658,#4663);
#4658 = CYLINDRICAL_SURFACE('',#4659,0.65);
#4659 = AXIS2_PLACEMENT_3D('',#4660,#4661,#4662);
#4660 = CARTESIAN_POINT('',(237.8,-130.2,-1.E-02));
#4661 = DIRECTION('',(0.,0.,1.));
#4662 = DIRECTION('',(1.,0.,-0.));
#4663 = DEFINITIONAL_REPRESENTATION('',(#4664),#4668);
#4664 = LINE('',#4665,#4666);
#4665 = CARTESIAN_POINT('',(0.,1.E-02));
#4666 = VECTOR('',#4667,1.);
#4667 = DIRECTION('',(1.,0.));
#4668 = ( GEOMETRIC_REPRESENTATION_CONTEXT(2) 
PARAMETRIC_REPRESENTATION_CONTEXT() REPRESENTATION_CONTEXT('2D SPACE',''
  ) );
#4669 = FACE_BOUND('',#4670,.T.);
#4670 = EDGE_LOOP('',(#4671));
#4671 = ORIENTED_EDGE('',*,*,#4672,.T.);
#4672 = EDGE_CURVE('',#4673,#4673,#4675,.T.);
#4673 = VERTEX_POINT('',#4674);
#4674 = CARTESIAN_POINT('',(226.45,-130.2,0.));
#4675 = SURFACE_CURVE('',#4676,(#4681,#4692),.PCURVE_S1.);
#4676 = CIRCLE('',#4677,0.65);
#4677 = AXIS2_PLACEMENT_3D('',#4678,#4679,#4680);
#4678 = CARTESIAN_POINT('',(225.8,-130.2,0.));
#4679 = DIRECTION('',(0.,0.,1.));
#4680 = DIRECTION('',(1.,0.,-0.));
#4681 = PCURVE('',#144,#4682);
#4682 = DEFINITIONAL_REPRESENTATION('',(#4683),#4691);
#4683 = ( BOUNDED_CURVE() B_SPLINE_CURVE(2,(#4684,#4685,#4686,#4687,
#4688,#4689,#4690),.UNSPECIFIED.,.T.,.F.) B_SPLINE_CURVE_WITH_KNOTS((1,2
    ,2,2,2,1),(-2.094395102393,0.,2.094395102393,4.188790204786,
6.28318530718,8.377580409573),.UNSPECIFIED.) CURVE() 
GEOMETRIC_REPRESENTATION_ITEM() RATIONAL_B_SPLINE_CURVE((1.,0.5,1.,0.5,
1.,0.5,1.)) REPRESENTATION_ITEM('') );
#4684 = CARTESIAN_POINT('',(-28.95,49.8));
#4685 = CARTESIAN_POINT('',(-28.95,50.92583302492));
#4686 = CARTESIAN_POINT('',(-27.975,50.36291651246));
#4687 = CARTESIAN_POINT('',(-27.,49.8));
#4688 = CARTESIAN_POINT('',(-27.975,49.23708348754));
#4689 = CARTESIAN_POINT('',(-28.95,48.67416697508));
#4690 = CARTESIAN_POINT('',(-28.95,49.8));
#4691 = ( GEOMETRIC_REPRESENTATION_CONTEXT(2) 
PARAMETRIC_REPRESENTATION_CONTEXT() REPRESENTATION_CONTEXT('2D SPACE',''
  ) );
#4692 = PCURVE('',#4693,#4698);
#4693 = CYLINDRICAL_SURFACE('',#4694,0.65);
#4694 = AXIS2_PLACEMENT_3D('',#4695,#4696,#4697);
#4695 = CARTESIAN_POINT('',(225.8,-130.2,-1.E-02));
#4696 = DIRECTION('',(0.,0.,1.));
#4697 = DIRECTION('',(1.,0.,-0.));
#4698 = DEFINITIONAL_REPRESENTATION('',(#4699),#4703);
#4699 = LINE('',#4700,#4701);
#4700 = CARTESIAN_POINT('',(0.,1.E-02));
#4701 = VECTOR('',#4702,1.);
#4702 = DIRECTION('',(1.,0.));
#4703 = ( GEOMETRIC_REPRESENTATION_CONTEXT(2) 
PARAMETRIC_REPRESENTATION_CONTEXT() REPRESENTATION_CONTEXT('2D SPACE',''
  ) );
#4704 = FACE_BOUND('',#4705,.T.);
#4705 = EDGE_LOOP('',(#4706));
#4706 = ORIENTED_EDGE('',*,*,#4707,.T.);
#4707 = EDGE_CURVE('',#4708,#4708,#4710,.T.);
#4708 = VERTEX_POINT('',#4709);
#4709 = CARTESIAN_POINT('',(215.45,-130.2,0.));
#4710 = SURFACE_CURVE('',#4711,(#4716,#4727),.PCURVE_S1.);
#4711 = CIRCLE('',#4712,0.65);
#4712 = AXIS2_PLACEMENT_3D('',#4713,#4714,#4715);
#4713 = CARTESIAN_POINT('',(214.8,-130.2,0.));
#4714 = DIRECTION('',(0.,0.,1.));
#4715 = DIRECTION('',(1.,0.,-0.));
#4716 = PCURVE('',#144,#4717);
#4717 = DEFINITIONAL_REPRESENTATION('',(#4718),#4726);
#4718 = ( BOUNDED_CURVE() B_SPLINE_CURVE(2,(#4719,#4720,#4721,#4722,
#4723,#4724,#4725),.UNSPECIFIED.,.T.,.F.) B_SPLINE_CURVE_WITH_KNOTS((1,2
    ,2,2,2,1),(-2.094395102393,0.,2.094395102393,4.188790204786,
6.28318530718,8.377580409573),.UNSPECIFIED.) CURVE() 
GEOMETRIC_REPRESENTATION_ITEM() RATIONAL_B_SPLINE_CURVE((1.,0.5,1.,0.5,
1.,0.5,1.)) REPRESENTATION_ITEM('') );
#4719 = CARTESIAN_POINT('',(-17.95,49.8));
#4720 = CARTESIAN_POINT('',(-17.95,50.92583302492));
#4721 = CARTESIAN_POINT('',(-16.975,50.36291651246));
#4722 = CARTESIAN_POINT('',(-16.,49.8));
#4723 = CARTESIAN_POINT('',(-16.975,49.23708348754));
#4724 = CARTESIAN_POINT('',(-17.95,48.67416697508));
#4725 = CARTESIAN_POINT('',(-17.95,49.8));
#4726 = ( GEOMETRIC_REPRESENTATION_CONTEXT(2) 
PARAMETRIC_REPRESENTATION_CONTEXT() REPRESENTATION_CONTEXT('2D SPACE',''
  ) );
#4727 = PCURVE('',#4728,#4733);
#4728 = CYLINDRICAL_SURFACE('',#4729,0.65);
#4729 = AXIS2_PLACEMENT_3D('',#4730,#4731,#4732);
#4730 = CARTESIAN_POINT('',(214.8,-130.2,-1.E-02));
#4731 = DIRECTION('',(0.,0.,1.));
#4732 = DIRECTION('',(1.,0.,-0.));
#4733 = DEFINITIONAL_REPRESENTATION('',(#4734),#4738);
#4734 = LINE('',#4735,#4736);
#4735 = CARTESIAN_POINT('',(0.,1.E-02));
#4736 = VECTOR('',#4737,1.);
#4737 = DIRECTION('',(1.,0.));
#4738 = ( GEOMETRIC_REPRESENTATION_CONTEXT(2) 
PARAMETRIC_REPRESENTATION_CONTEXT() REPRESENTATION_CONTEXT('2D SPACE',''
  ) );
#4739 = FACE_BOUND('',#4740,.T.);
#4740 = EDGE_LOOP('',(#4741));
#4741 = ORIENTED_EDGE('',*,*,#4742,.T.);
#4742 = EDGE_CURVE('',#4743,#4743,#4745,.T.);
#4743 = VERTEX_POINT('',#4744);
#4744 = CARTESIAN_POINT('',(203.45,-130.2,0.));
#4745 = SURFACE_CURVE('',#4746,(#4751,#4762),.PCURVE_S1.);
#4746 = CIRCLE('',#4747,0.65);
#4747 = AXIS2_PLACEMENT_3D('',#4748,#4749,#4750);
#4748 = CARTESIAN_POINT('',(202.8,-130.2,0.));
#4749 = DIRECTION('',(0.,0.,1.));
#4750 = DIRECTION('',(1.,0.,-0.));
#4751 = PCURVE('',#144,#4752);
#4752 = DEFINITIONAL_REPRESENTATION('',(#4753),#4761);
#4753 = ( BOUNDED_CURVE() B_SPLINE_CURVE(2,(#4754,#4755,#4756,#4757,
#4758,#4759,#4760),.UNSPECIFIED.,.T.,.F.) B_SPLINE_CURVE_WITH_KNOTS((1,2
    ,2,2,2,1),(-2.094395102393,0.,2.094395102393,4.188790204786,
6.28318530718,8.377580409573),.UNSPECIFIED.) CURVE() 
GEOMETRIC_REPRESENTATION_ITEM() RATIONAL_B_SPLINE_CURVE((1.,0.5,1.,0.5,
1.,0.5,1.)) REPRESENTATION_ITEM('') );
#4754 = CARTESIAN_POINT('',(-5.95,49.8));
#4755 = CARTESIAN_POINT('',(-5.95,50.92583302492));
#4756 = CARTESIAN_POINT('',(-4.975,50.36291651246));
#4757 = CARTESIAN_POINT('',(-4.,49.8));
#4758 = CARTESIAN_POINT('',(-4.975,49.23708348754));
#4759 = CARTESIAN_POINT('',(-5.95,48.67416697508));
#4760 = CARTESIAN_POINT('',(-5.95,49.8));
#4761 = ( GEOMETRIC_REPRESENTATION_CONTEXT(2) 
PARAMETRIC_REPRESENTATION_CONTEXT() REPRESENTATION_CONTEXT('2D SPACE',''
  ) );
#4762 = PCURVE('',#4763,#4768);
#4763 = CYLINDRICAL_SURFACE('',#4764,0.65);
#4764 = AXIS2_PLACEMENT_3D('',#4765,#4766,#4767);
#4765 = CARTESIAN_POINT('',(202.8,-130.2,-1.E-02));
#4766 = DIRECTION('',(0.,0.,1.));
#4767 = DIRECTION('',(1.,0.,-0.));
#4768 = DEFINITIONAL_REPRESENTATION('',(#4769),#4773);
#4769 = LINE('',#4770,#4771);
#4770 = CARTESIAN_POINT('',(0.,1.E-02));
#4771 = VECTOR('',#4772,1.);
#4772 = DIRECTION('',(1.,0.));
#4773 = ( GEOMETRIC_REPRESENTATION_CONTEXT(2) 
PARAMETRIC_REPRESENTATION_CONTEXT() REPRESENTATION_CONTEXT('2D SPACE',''
  ) );
#4774 = FACE_BOUND('',#4775,.T.);
#4775 = EDGE_LOOP('',(#4776));
#4776 = ORIENTED_EDGE('',*,*,#4777,.T.);
#4777 = EDGE_CURVE('',#4778,#4778,#4780,.T.);
#4778 = VERTEX_POINT('',#4779);
#4779 = CARTESIAN_POINT('',(238.45,-118.,0.));
#4780 = SURFACE_CURVE('',#4781,(#4786,#4797),.PCURVE_S1.);
#4781 = CIRCLE('',#4782,0.65);
#4782 = AXIS2_PLACEMENT_3D('',#4783,#4784,#4785);
#4783 = CARTESIAN_POINT('',(237.8,-118.,0.));
#4784 = DIRECTION('',(0.,0.,1.));
#4785 = DIRECTION('',(1.,0.,-0.));
#4786 = PCURVE('',#144,#4787);
#4787 = DEFINITIONAL_REPRESENTATION('',(#4788),#4796);
#4788 = ( BOUNDED_CURVE() B_SPLINE_CURVE(2,(#4789,#4790,#4791,#4792,
#4793,#4794,#4795),.UNSPECIFIED.,.T.,.F.) B_SPLINE_CURVE_WITH_KNOTS((1,2
    ,2,2,2,1),(-2.094395102393,0.,2.094395102393,4.188790204786,
6.28318530718,8.377580409573),.UNSPECIFIED.) CURVE() 
GEOMETRIC_REPRESENTATION_ITEM() RATIONAL_B_SPLINE_CURVE((1.,0.5,1.,0.5,
1.,0.5,1.)) REPRESENTATION_ITEM('') );
#4789 = CARTESIAN_POINT('',(-40.95,62.));
#4790 = CARTESIAN_POINT('',(-40.95,63.12583302492));
#4791 = CARTESIAN_POINT('',(-39.975,62.56291651246));
#4792 = CARTESIAN_POINT('',(-39.,62.));
#4793 = CARTESIAN_POINT('',(-39.975,61.43708348754));
#4794 = CARTESIAN_POINT('',(-40.95,60.87416697508));
#4795 = CARTESIAN_POINT('',(-40.95,62.));
#4796 = ( GEOMETRIC_REPRESENTATION_CONTEXT(2) 
PARAMETRIC_REPRESENTATION_CONTEXT() REPRESENTATION_CONTEXT('2D SPACE',''
  ) );
#4797 = PCURVE('',#4798,#4803);
#4798 = CYLINDRICAL_SURFACE('',#4799,0.65);
#4799 = AXIS2_PLACEMENT_3D('',#4800,#4801,#4802);
#4800 = CARTESIAN_POINT('',(237.8,-118.,-1.E-02));
#4801 = DIRECTION('',(0.,0.,1.));
#4802 = DIRECTION('',(1.,0.,-0.));
#4803 = DEFINITIONAL_REPRESENTATION('',(#4804),#4808);
#4804 = LINE('',#4805,#4806);
#4805 = CARTESIAN_POINT('',(0.,1.E-02));
#4806 = VECTOR('',#4807,1.);
#4807 = DIRECTION('',(1.,0.));
#4808 = ( GEOMETRIC_REPRESENTATION_CONTEXT(2) 
PARAMETRIC_REPRESENTATION_CONTEXT() REPRESENTATION_CONTEXT('2D SPACE',''
  ) );
#4809 = FACE_BOUND('',#4810,.T.);
#4810 = EDGE_LOOP('',(#4811));
#4811 = ORIENTED_EDGE('',*,*,#4812,.T.);
#4812 = EDGE_CURVE('',#4813,#4813,#4815,.T.);
#4813 = VERTEX_POINT('',#4814);
#4814 = CARTESIAN_POINT('',(226.45,-118.,0.));
#4815 = SURFACE_CURVE('',#4816,(#4821,#4832),.PCURVE_S1.);
#4816 = CIRCLE('',#4817,0.65);
#4817 = AXIS2_PLACEMENT_3D('',#4818,#4819,#4820);
#4818 = CARTESIAN_POINT('',(225.8,-118.,0.));
#4819 = DIRECTION('',(0.,0.,1.));
#4820 = DIRECTION('',(1.,0.,-0.));
#4821 = PCURVE('',#144,#4822);
#4822 = DEFINITIONAL_REPRESENTATION('',(#4823),#4831);
#4823 = ( BOUNDED_CURVE() B_SPLINE_CURVE(2,(#4824,#4825,#4826,#4827,
#4828,#4829,#4830),.UNSPECIFIED.,.T.,.F.) B_SPLINE_CURVE_WITH_KNOTS((1,2
    ,2,2,2,1),(-2.094395102393,0.,2.094395102393,4.188790204786,
6.28318530718,8.377580409573),.UNSPECIFIED.) CURVE() 
GEOMETRIC_REPRESENTATION_ITEM() RATIONAL_B_SPLINE_CURVE((1.,0.5,1.,0.5,
1.,0.5,1.)) REPRESENTATION_ITEM('') );
#4824 = CARTESIAN_POINT('',(-28.95,62.));
#4825 = CARTESIAN_POINT('',(-28.95,63.12583302492));
#4826 = CARTESIAN_POINT('',(-27.975,62.56291651246));
#4827 = CARTESIAN_POINT('',(-27.,62.));
#4828 = CARTESIAN_POINT('',(-27.975,61.43708348754));
#4829 = CARTESIAN_POINT('',(-28.95,60.87416697508));
#4830 = CARTESIAN_POINT('',(-28.95,62.));
#4831 = ( GEOMETRIC_REPRESENTATION_CONTEXT(2) 
PARAMETRIC_REPRESENTATION_CONTEXT() REPRESENTATION_CONTEXT('2D SPACE',''
  ) );
#4832 = PCURVE('',#4833,#4838);
#4833 = CYLINDRICAL_SURFACE('',#4834,0.65);
#4834 = AXIS2_PLACEMENT_3D('',#4835,#4836,#4837);
#4835 = CARTESIAN_POINT('',(225.8,-118.,-1.E-02));
#4836 = DIRECTION('',(0.,0.,1.));
#4837 = DIRECTION('',(1.,0.,-0.));
#4838 = DEFINITIONAL_REPRESENTATION('',(#4839),#4843);
#4839 = LINE('',#4840,#4841);
#4840 = CARTESIAN_POINT('',(0.,1.E-02));
#4841 = VECTOR('',#4842,1.);
#4842 = DIRECTION('',(1.,0.));
#4843 = ( GEOMETRIC_REPRESENTATION_CONTEXT(2) 
PARAMETRIC_REPRESENTATION_CONTEXT() REPRESENTATION_CONTEXT('2D SPACE',''
  ) );
#4844 = FACE_BOUND('',#4845,.T.);
#4845 = EDGE_LOOP('',(#4846));
#4846 = ORIENTED_EDGE('',*,*,#4847,.T.);
#4847 = EDGE_CURVE('',#4848,#4848,#4850,.T.);
#4848 = VERTEX_POINT('',#4849);
#4849 = CARTESIAN_POINT('',(232.45,-116.,0.));
#4850 = SURFACE_CURVE('',#4851,(#4856,#4867),.PCURVE_S1.);
#4851 = CIRCLE('',#4852,0.65);
#4852 = AXIS2_PLACEMENT_3D('',#4853,#4854,#4855);
#4853 = CARTESIAN_POINT('',(231.8,-116.,0.));
#4854 = DIRECTION('',(0.,0.,1.));
#4855 = DIRECTION('',(1.,0.,-0.));
#4856 = PCURVE('',#144,#4857);
#4857 = DEFINITIONAL_REPRESENTATION('',(#4858),#4866);
#4858 = ( BOUNDED_CURVE() B_SPLINE_CURVE(2,(#4859,#4860,#4861,#4862,
#4863,#4864,#4865),.UNSPECIFIED.,.T.,.F.) B_SPLINE_CURVE_WITH_KNOTS((1,2
    ,2,2,2,1),(-2.094395102393,0.,2.094395102393,4.188790204786,
6.28318530718,8.377580409573),.UNSPECIFIED.) CURVE() 
GEOMETRIC_REPRESENTATION_ITEM() RATIONAL_B_SPLINE_CURVE((1.,0.5,1.,0.5,
1.,0.5,1.)) REPRESENTATION_ITEM('') );
#4859 = CARTESIAN_POINT('',(-34.95,64.));
#4860 = CARTESIAN_POINT('',(-34.95,65.12583302492));
#4861 = CARTESIAN_POINT('',(-33.975,64.56291651246));
#4862 = CARTESIAN_POINT('',(-33.,64.));
#4863 = CARTESIAN_POINT('',(-33.975,63.43708348754));
#4864 = CARTESIAN_POINT('',(-34.95,62.87416697508));
#4865 = CARTESIAN_POINT('',(-34.95,64.));
#4866 = ( GEOMETRIC_REPRESENTATION_CONTEXT(2) 
PARAMETRIC_REPRESENTATION_CONTEXT() REPRESENTATION_CONTEXT('2D SPACE',''
  ) );
#4867 = PCURVE('',#4868,#4873);
#4868 = CYLINDRICAL_SURFACE('',#4869,0.65);
#4869 = AXIS2_PLACEMENT_3D('',#4870,#4871,#4872);
#4870 = CARTESIAN_POINT('',(231.8,-116.,-1.E-02));
#4871 = DIRECTION('',(0.,0.,1.));
#4872 = DIRECTION('',(1.,0.,-0.));
#4873 = DEFINITIONAL_REPRESENTATION('',(#4874),#4878);
#4874 = LINE('',#4875,#4876);
#4875 = CARTESIAN_POINT('',(0.,1.E-02));
#4876 = VECTOR('',#4877,1.);
#4877 = DIRECTION('',(1.,0.));
#4878 = ( GEOMETRIC_REPRESENTATION_CONTEXT(2) 
PARAMETRIC_REPRESENTATION_CONTEXT() REPRESENTATION_CONTEXT('2D SPACE',''
  ) );
#4879 = FACE_BOUND('',#4880,.T.);
#4880 = EDGE_LOOP('',(#4881));
#4881 = ORIENTED_EDGE('',*,*,#4882,.T.);
#4882 = EDGE_CURVE('',#4883,#4883,#4885,.T.);
#4883 = VERTEX_POINT('',#4884);
#4884 = CARTESIAN_POINT('',(237.58,-110.53,0.));
#4885 = SURFACE_CURVE('',#4886,(#4891,#4902),.PCURVE_S1.);
#4886 = CIRCLE('',#4887,0.7);
#4887 = AXIS2_PLACEMENT_3D('',#4888,#4889,#4890);
#4888 = CARTESIAN_POINT('',(236.88,-110.53,0.));
#4889 = DIRECTION('',(0.,0.,1.));
#4890 = DIRECTION('',(1.,0.,-0.));
#4891 = PCURVE('',#144,#4892);
#4892 = DEFINITIONAL_REPRESENTATION('',(#4893),#4901);
#4893 = ( BOUNDED_CURVE() B_SPLINE_CURVE(2,(#4894,#4895,#4896,#4897,
#4898,#4899,#4900),.UNSPECIFIED.,.T.,.F.) B_SPLINE_CURVE_WITH_KNOTS((1,2
    ,2,2,2,1),(-2.094395102393,0.,2.094395102393,4.188790204786,
6.28318530718,8.377580409573),.UNSPECIFIED.) CURVE() 
GEOMETRIC_REPRESENTATION_ITEM() RATIONAL_B_SPLINE_CURVE((1.,0.5,1.,0.5,
1.,0.5,1.)) REPRESENTATION_ITEM('') );
#4894 = CARTESIAN_POINT('',(-40.08,69.47));
#4895 = CARTESIAN_POINT('',(-40.08,70.682435565298));
#4896 = CARTESIAN_POINT('',(-39.03,70.076217782649));
#4897 = CARTESIAN_POINT('',(-37.98,69.47));
#4898 = CARTESIAN_POINT('',(-39.03,68.863782217351));
#4899 = CARTESIAN_POINT('',(-40.08,68.257564434702));
#4900 = CARTESIAN_POINT('',(-40.08,69.47));
#4901 = ( GEOMETRIC_REPRESENTATION_CONTEXT(2) 
PARAMETRIC_REPRESENTATION_CONTEXT() REPRESENTATION_CONTEXT('2D SPACE',''
  ) );
#4902 = PCURVE('',#4903,#4908);
#4903 = CYLINDRICAL_SURFACE('',#4904,0.7);
#4904 = AXIS2_PLACEMENT_3D('',#4905,#4906,#4907);
#4905 = CARTESIAN_POINT('',(236.88,-110.53,-1.E-02));
#4906 = DIRECTION('',(0.,0.,1.));
#4907 = DIRECTION('',(1.,0.,-0.));
#4908 = DEFINITIONAL_REPRESENTATION('',(#4909),#4913);
#4909 = LINE('',#4910,#4911);
#4910 = CARTESIAN_POINT('',(0.,1.E-02));
#4911 = VECTOR('',#4912,1.);
#4912 = DIRECTION('',(1.,0.));
#4913 = ( GEOMETRIC_REPRESENTATION_CONTEXT(2) 
PARAMETRIC_REPRESENTATION_CONTEXT() REPRESENTATION_CONTEXT('2D SPACE',''
  ) );
#4914 = FACE_BOUND('',#4915,.T.);
#4915 = EDGE_LOOP('',(#4916));
#4916 = ORIENTED_EDGE('',*,*,#4917,.T.);
#4917 = EDGE_CURVE('',#4918,#4918,#4920,.T.);
#4918 = VERTEX_POINT('',#4919);
#4919 = CARTESIAN_POINT('',(232.5,-110.53,0.));
#4920 = SURFACE_CURVE('',#4921,(#4926,#4937),.PCURVE_S1.);
#4921 = CIRCLE('',#4922,0.7);
#4922 = AXIS2_PLACEMENT_3D('',#4923,#4924,#4925);
#4923 = CARTESIAN_POINT('',(231.8,-110.53,0.));
#4924 = DIRECTION('',(0.,0.,1.));
#4925 = DIRECTION('',(1.,0.,-0.));
#4926 = PCURVE('',#144,#4927);
#4927 = DEFINITIONAL_REPRESENTATION('',(#4928),#4936);
#4928 = ( BOUNDED_CURVE() B_SPLINE_CURVE(2,(#4929,#4930,#4931,#4932,
#4933,#4934,#4935),.UNSPECIFIED.,.T.,.F.) B_SPLINE_CURVE_WITH_KNOTS((1,2
    ,2,2,2,1),(-2.094395102393,0.,2.094395102393,4.188790204786,
6.28318530718,8.377580409573),.UNSPECIFIED.) CURVE() 
GEOMETRIC_REPRESENTATION_ITEM() RATIONAL_B_SPLINE_CURVE((1.,0.5,1.,0.5,
1.,0.5,1.)) REPRESENTATION_ITEM('') );
#4929 = CARTESIAN_POINT('',(-35.,69.47));
#4930 = CARTESIAN_POINT('',(-35.,70.682435565298));
#4931 = CARTESIAN_POINT('',(-33.95,70.076217782649));
#4932 = CARTESIAN_POINT('',(-32.9,69.47));
#4933 = CARTESIAN_POINT('',(-33.95,68.863782217351));
#4934 = CARTESIAN_POINT('',(-35.,68.257564434702));
#4935 = CARTESIAN_POINT('',(-35.,69.47));
#4936 = ( GEOMETRIC_REPRESENTATION_CONTEXT(2) 
PARAMETRIC_REPRESENTATION_CONTEXT() REPRESENTATION_CONTEXT('2D SPACE',''
  ) );
#4937 = PCURVE('',#4938,#4943);
#4938 = CYLINDRICAL_SURFACE('',#4939,0.7);
#4939 = AXIS2_PLACEMENT_3D('',#4940,#4941,#4942);
#4940 = CARTESIAN_POINT('',(231.8,-110.53,-1.E-02));
#4941 = DIRECTION('',(0.,0.,1.));
#4942 = DIRECTION('',(1.,0.,-0.));
#4943 = DEFINITIONAL_REPRESENTATION('',(#4944),#4948);
#4944 = LINE('',#4945,#4946);
#4945 = CARTESIAN_POINT('',(0.,1.E-02));
#4946 = VECTOR('',#4947,1.);
#4947 = DIRECTION('',(1.,0.));
#4948 = ( GEOMETRIC_REPRESENTATION_CONTEXT(2) 
PARAMETRIC_REPRESENTATION_CONTEXT() REPRESENTATION_CONTEXT('2D SPACE',''
  ) );
#4949 = FACE_BOUND('',#4950,.T.);
#4950 = EDGE_LOOP('',(#4951));
#4951 = ORIENTED_EDGE('',*,*,#4952,.T.);
#4952 = EDGE_CURVE('',#4953,#4953,#4955,.T.);
#4953 = VERTEX_POINT('',#4954);
#4954 = CARTESIAN_POINT('',(227.42,-110.53,0.));
#4955 = SURFACE_CURVE('',#4956,(#4961,#4972),.PCURVE_S1.);
#4956 = CIRCLE('',#4957,0.7);
#4957 = AXIS2_PLACEMENT_3D('',#4958,#4959,#4960);
#4958 = CARTESIAN_POINT('',(226.72,-110.53,0.));
#4959 = DIRECTION('',(0.,0.,1.));
#4960 = DIRECTION('',(1.,0.,-0.));
#4961 = PCURVE('',#144,#4962);
#4962 = DEFINITIONAL_REPRESENTATION('',(#4963),#4971);
#4963 = ( BOUNDED_CURVE() B_SPLINE_CURVE(2,(#4964,#4965,#4966,#4967,
#4968,#4969,#4970),.UNSPECIFIED.,.T.,.F.) B_SPLINE_CURVE_WITH_KNOTS((1,2
    ,2,2,2,1),(-2.094395102393,0.,2.094395102393,4.188790204786,
6.28318530718,8.377580409573),.UNSPECIFIED.) CURVE() 
GEOMETRIC_REPRESENTATION_ITEM() RATIONAL_B_SPLINE_CURVE((1.,0.5,1.,0.5,
1.,0.5,1.)) REPRESENTATION_ITEM('') );
#4964 = CARTESIAN_POINT('',(-29.92,69.47));
#4965 = CARTESIAN_POINT('',(-29.92,70.682435565298));
#4966 = CARTESIAN_POINT('',(-28.87,70.076217782649));
#4967 = CARTESIAN_POINT('',(-27.82,69.47));
#4968 = CARTESIAN_POINT('',(-28.87,68.863782217351));
#4969 = CARTESIAN_POINT('',(-29.92,68.257564434702));
#4970 = CARTESIAN_POINT('',(-29.92,69.47));
#4971 = ( GEOMETRIC_REPRESENTATION_CONTEXT(2) 
PARAMETRIC_REPRESENTATION_CONTEXT() REPRESENTATION_CONTEXT('2D SPACE',''
  ) );
#4972 = PCURVE('',#4973,#4978);
#4973 = CYLINDRICAL_SURFACE('',#4974,0.7);
#4974 = AXIS2_PLACEMENT_3D('',#4975,#4976,#4977);
#4975 = CARTESIAN_POINT('',(226.72,-110.53,-1.E-02));
#4976 = DIRECTION('',(0.,0.,1.));
#4977 = DIRECTION('',(1.,0.,-0.));
#4978 = DEFINITIONAL_REPRESENTATION('',(#4979),#4983);
#4979 = LINE('',#4980,#4981);
#4980 = CARTESIAN_POINT('',(0.,1.E-02));
#4981 = VECTOR('',#4982,1.);
#4982 = DIRECTION('',(1.,0.));
#4983 = ( GEOMETRIC_REPRESENTATION_CONTEXT(2) 
PARAMETRIC_REPRESENTATION_CONTEXT() REPRESENTATION_CONTEXT('2D SPACE',''
  ) );
#4984 = FACE_BOUND('',#4985,.T.);
#4985 = EDGE_LOOP('',(#4986));
#4986 = ORIENTED_EDGE('',*,*,#4987,.T.);
#4987 = EDGE_CURVE('',#4988,#4988,#4990,.T.);
#4988 = VERTEX_POINT('',#4989);
#4989 = CARTESIAN_POINT('',(215.45,-118.,0.));
#4990 = SURFACE_CURVE('',#4991,(#4996,#5007),.PCURVE_S1.);
#4991 = CIRCLE('',#4992,0.65);
#4992 = AXIS2_PLACEMENT_3D('',#4993,#4994,#4995);
#4993 = CARTESIAN_POINT('',(214.8,-118.,0.));
#4994 = DIRECTION('',(0.,0.,1.));
#4995 = DIRECTION('',(1.,0.,-0.));
#4996 = PCURVE('',#144,#4997);
#4997 = DEFINITIONAL_REPRESENTATION('',(#4998),#5006);
#4998 = ( BOUNDED_CURVE() B_SPLINE_CURVE(2,(#4999,#5000,#5001,#5002,
#5003,#5004,#5005),.UNSPECIFIED.,.T.,.F.) B_SPLINE_CURVE_WITH_KNOTS((1,2
    ,2,2,2,1),(-2.094395102393,0.,2.094395102393,4.188790204786,
6.28318530718,8.377580409573),.UNSPECIFIED.) CURVE() 
GEOMETRIC_REPRESENTATION_ITEM() RATIONAL_B_SPLINE_CURVE((1.,0.5,1.,0.5,
1.,0.5,1.)) REPRESENTATION_ITEM('') );
#4999 = CARTESIAN_POINT('',(-17.95,62.));
#5000 = CARTESIAN_POINT('',(-17.95,63.12583302492));
#5001 = CARTESIAN_POINT('',(-16.975,62.56291651246));
#5002 = CARTESIAN_POINT('',(-16.,62.));
#5003 = CARTESIAN_POINT('',(-16.975,61.43708348754));
#5004 = CARTESIAN_POINT('',(-17.95,60.87416697508));
#5005 = CARTESIAN_POINT('',(-17.95,62.));
#5006 = ( GEOMETRIC_REPRESENTATION_CONTEXT(2) 
PARAMETRIC_REPRESENTATION_CONTEXT() REPRESENTATION_CONTEXT('2D SPACE',''
  ) );
#5007 = PCURVE('',#5008,#5013);
#5008 = CYLINDRICAL_SURFACE('',#5009,0.65);
#5009 = AXIS2_PLACEMENT_3D('',#5010,#5011,#5012);
#5010 = CARTESIAN_POINT('',(214.8,-118.,-1.E-02));
#5011 = DIRECTION('',(0.,0.,1.));
#5012 = DIRECTION('',(1.,0.,-0.));
#5013 = DEFINITIONAL_REPRESENTATION('',(#5014),#5018);
#5014 = LINE('',#5015,#5016);
#5015 = CARTESIAN_POINT('',(0.,1.E-02));
#5016 = VECTOR('',#5017,1.);
#5017 = DIRECTION('',(1.,0.));
#5018 = ( GEOMETRIC_REPRESENTATION_CONTEXT(2) 
PARAMETRIC_REPRESENTATION_CONTEXT() REPRESENTATION_CONTEXT('2D SPACE',''
  ) );
#5019 = FACE_BOUND('',#5020,.T.);
#5020 = EDGE_LOOP('',(#5021));
#5021 = ORIENTED_EDGE('',*,*,#5022,.T.);
#5022 = EDGE_CURVE('',#5023,#5023,#5025,.T.);
#5023 = VERTEX_POINT('',#5024);
#5024 = CARTESIAN_POINT('',(203.45,-118.,0.));
#5025 = SURFACE_CURVE('',#5026,(#5031,#5042),.PCURVE_S1.);
#5026 = CIRCLE('',#5027,0.65);
#5027 = AXIS2_PLACEMENT_3D('',#5028,#5029,#5030);
#5028 = CARTESIAN_POINT('',(202.8,-118.,0.));
#5029 = DIRECTION('',(0.,0.,1.));
#5030 = DIRECTION('',(1.,0.,-0.));
#5031 = PCURVE('',#144,#5032);
#5032 = DEFINITIONAL_REPRESENTATION('',(#5033),#5041);
#5033 = ( BOUNDED_CURVE() B_SPLINE_CURVE(2,(#5034,#5035,#5036,#5037,
#5038,#5039,#5040),.UNSPECIFIED.,.T.,.F.) B_SPLINE_CURVE_WITH_KNOTS((1,2
    ,2,2,2,1),(-2.094395102393,0.,2.094395102393,4.188790204786,
6.28318530718,8.377580409573),.UNSPECIFIED.) CURVE() 
GEOMETRIC_REPRESENTATION_ITEM() RATIONAL_B_SPLINE_CURVE((1.,0.5,1.,0.5,
1.,0.5,1.)) REPRESENTATION_ITEM('') );
#5034 = CARTESIAN_POINT('',(-5.95,62.));
#5035 = CARTESIAN_POINT('',(-5.95,63.12583302492));
#5036 = CARTESIAN_POINT('',(-4.975,62.56291651246));
#5037 = CARTESIAN_POINT('',(-4.,62.));
#5038 = CARTESIAN_POINT('',(-4.975,61.43708348754));
#5039 = CARTESIAN_POINT('',(-5.95,60.87416697508));
#5040 = CARTESIAN_POINT('',(-5.95,62.));
#5041 = ( GEOMETRIC_REPRESENTATION_CONTEXT(2) 
PARAMETRIC_REPRESENTATION_CONTEXT() REPRESENTATION_CONTEXT('2D SPACE',''
  ) );
#5042 = PCURVE('',#5043,#5048);
#5043 = CYLINDRICAL_SURFACE('',#5044,0.65);
#5044 = AXIS2_PLACEMENT_3D('',#5045,#5046,#5047);
#5045 = CARTESIAN_POINT('',(202.8,-118.,-1.E-02));
#5046 = DIRECTION('',(0.,0.,1.));
#5047 = DIRECTION('',(1.,0.,-0.));
#5048 = DEFINITIONAL_REPRESENTATION('',(#5049),#5053);
#5049 = LINE('',#5050,#5051);
#5050 = CARTESIAN_POINT('',(0.,1.E-02));
#5051 = VECTOR('',#5052,1.);
#5052 = DIRECTION('',(1.,0.));
#5053 = ( GEOMETRIC_REPRESENTATION_CONTEXT(2) 
PARAMETRIC_REPRESENTATION_CONTEXT() REPRESENTATION_CONTEXT('2D SPACE',''
  ) );
#5054 = FACE_BOUND('',#5055,.T.);
#5055 = EDGE_LOOP('',(#5056));
#5056 = ORIENTED_EDGE('',*,*,#5057,.T.);
#5057 = EDGE_CURVE('',#5058,#5058,#5060,.T.);
#5058 = VERTEX_POINT('',#5059);
#5059 = CARTESIAN_POINT('',(209.45,-116.,0.));
#5060 = SURFACE_CURVE('',#5061,(#5066,#5077),.PCURVE_S1.);
#5061 = CIRCLE('',#5062,0.65);
#5062 = AXIS2_PLACEMENT_3D('',#5063,#5064,#5065);
#5063 = CARTESIAN_POINT('',(208.8,-116.,0.));
#5064 = DIRECTION('',(0.,0.,1.));
#5065 = DIRECTION('',(1.,0.,-0.));
#5066 = PCURVE('',#144,#5067);
#5067 = DEFINITIONAL_REPRESENTATION('',(#5068),#5076);
#5068 = ( BOUNDED_CURVE() B_SPLINE_CURVE(2,(#5069,#5070,#5071,#5072,
#5073,#5074,#5075),.UNSPECIFIED.,.T.,.F.) B_SPLINE_CURVE_WITH_KNOTS((1,2
    ,2,2,2,1),(-2.094395102393,0.,2.094395102393,4.188790204786,
6.28318530718,8.377580409573),.UNSPECIFIED.) CURVE() 
GEOMETRIC_REPRESENTATION_ITEM() RATIONAL_B_SPLINE_CURVE((1.,0.5,1.,0.5,
1.,0.5,1.)) REPRESENTATION_ITEM('') );
#5069 = CARTESIAN_POINT('',(-11.95,64.));
#5070 = CARTESIAN_POINT('',(-11.95,65.12583302492));
#5071 = CARTESIAN_POINT('',(-10.975,64.56291651246));
#5072 = CARTESIAN_POINT('',(-10.,64.));
#5073 = CARTESIAN_POINT('',(-10.975,63.43708348754));
#5074 = CARTESIAN_POINT('',(-11.95,62.87416697508));
#5075 = CARTESIAN_POINT('',(-11.95,64.));
#5076 = ( GEOMETRIC_REPRESENTATION_CONTEXT(2) 
PARAMETRIC_REPRESENTATION_CONTEXT() REPRESENTATION_CONTEXT('2D SPACE',''
  ) );
#5077 = PCURVE('',#5078,#5083);
#5078 = CYLINDRICAL_SURFACE('',#5079,0.65);
#5079 = AXIS2_PLACEMENT_3D('',#5080,#5081,#5082);
#5080 = CARTESIAN_POINT('',(208.8,-116.,-1.E-02));
#5081 = DIRECTION('',(0.,0.,1.));
#5082 = DIRECTION('',(1.,0.,-0.));
#5083 = DEFINITIONAL_REPRESENTATION('',(#5084),#5088);
#5084 = LINE('',#5085,#5086);
#5085 = CARTESIAN_POINT('',(0.,1.E-02));
#5086 = VECTOR('',#5087,1.);
#5087 = DIRECTION('',(1.,0.));
#5088 = ( GEOMETRIC_REPRESENTATION_CONTEXT(2) 
PARAMETRIC_REPRESENTATION_CONTEXT() REPRESENTATION_CONTEXT('2D SPACE',''
  ) );
#5089 = FACE_BOUND('',#5090,.T.);
#5090 = EDGE_LOOP('',(#5091));
#5091 = ORIENTED_EDGE('',*,*,#5092,.T.);
#5092 = EDGE_CURVE('',#5093,#5093,#5095,.T.);
#5093 = VERTEX_POINT('',#5094);
#5094 = CARTESIAN_POINT('',(214.58,-110.53,0.));
#5095 = SURFACE_CURVE('',#5096,(#5101,#5112),.PCURVE_S1.);
#5096 = CIRCLE('',#5097,0.7);
#5097 = AXIS2_PLACEMENT_3D('',#5098,#5099,#5100);
#5098 = CARTESIAN_POINT('',(213.88,-110.53,0.));
#5099 = DIRECTION('',(0.,0.,1.));
#5100 = DIRECTION('',(1.,0.,-0.));
#5101 = PCURVE('',#144,#5102);
#5102 = DEFINITIONAL_REPRESENTATION('',(#5103),#5111);
#5103 = ( BOUNDED_CURVE() B_SPLINE_CURVE(2,(#5104,#5105,#5106,#5107,
#5108,#5109,#5110),.UNSPECIFIED.,.T.,.F.) B_SPLINE_CURVE_WITH_KNOTS((1,2
    ,2,2,2,1),(-2.094395102393,0.,2.094395102393,4.188790204786,
6.28318530718,8.377580409573),.UNSPECIFIED.) CURVE() 
GEOMETRIC_REPRESENTATION_ITEM() RATIONAL_B_SPLINE_CURVE((1.,0.5,1.,0.5,
1.,0.5,1.)) REPRESENTATION_ITEM('') );
#5104 = CARTESIAN_POINT('',(-17.08,69.47));
#5105 = CARTESIAN_POINT('',(-17.08,70.682435565298));
#5106 = CARTESIAN_POINT('',(-16.03,70.076217782649));
#5107 = CARTESIAN_POINT('',(-14.98,69.47));
#5108 = CARTESIAN_POINT('',(-16.03,68.863782217351));
#5109 = CARTESIAN_POINT('',(-17.08,68.257564434702));
#5110 = CARTESIAN_POINT('',(-17.08,69.47));
#5111 = ( GEOMETRIC_REPRESENTATION_CONTEXT(2) 
PARAMETRIC_REPRESENTATION_CONTEXT() REPRESENTATION_CONTEXT('2D SPACE',''
  ) );
#5112 = PCURVE('',#5113,#5118);
#5113 = CYLINDRICAL_SURFACE('',#5114,0.7);
#5114 = AXIS2_PLACEMENT_3D('',#5115,#5116,#5117);
#5115 = CARTESIAN_POINT('',(213.88,-110.53,-1.E-02));
#5116 = DIRECTION('',(0.,0.,1.));
#5117 = DIRECTION('',(1.,0.,-0.));
#5118 = DEFINITIONAL_REPRESENTATION('',(#5119),#5123);
#5119 = LINE('',#5120,#5121);
#5120 = CARTESIAN_POINT('',(0.,1.E-02));
#5121 = VECTOR('',#5122,1.);
#5122 = DIRECTION('',(1.,0.));
#5123 = ( GEOMETRIC_REPRESENTATION_CONTEXT(2) 
PARAMETRIC_REPRESENTATION_CONTEXT() REPRESENTATION_CONTEXT('2D SPACE',''
  ) );
#5124 = FACE_BOUND('',#5125,.T.);
#5125 = EDGE_LOOP('',(#5126));
#5126 = ORIENTED_EDGE('',*,*,#5127,.T.);
#5127 = EDGE_CURVE('',#5128,#5128,#5130,.T.);
#5128 = VERTEX_POINT('',#5129);
#5129 = CARTESIAN_POINT('',(209.5,-110.53,0.));
#5130 = SURFACE_CURVE('',#5131,(#5136,#5147),.PCURVE_S1.);
#5131 = CIRCLE('',#5132,0.7);
#5132 = AXIS2_PLACEMENT_3D('',#5133,#5134,#5135);
#5133 = CARTESIAN_POINT('',(208.8,-110.53,0.));
#5134 = DIRECTION('',(0.,0.,1.));
#5135 = DIRECTION('',(1.,0.,-0.));
#5136 = PCURVE('',#144,#5137);
#5137 = DEFINITIONAL_REPRESENTATION('',(#5138),#5146);
#5138 = ( BOUNDED_CURVE() B_SPLINE_CURVE(2,(#5139,#5140,#5141,#5142,
#5143,#5144,#5145),.UNSPECIFIED.,.T.,.F.) B_SPLINE_CURVE_WITH_KNOTS((1,2
    ,2,2,2,1),(-2.094395102393,0.,2.094395102393,4.188790204786,
6.28318530718,8.377580409573),.UNSPECIFIED.) CURVE() 
GEOMETRIC_REPRESENTATION_ITEM() RATIONAL_B_SPLINE_CURVE((1.,0.5,1.,0.5,
1.,0.5,1.)) REPRESENTATION_ITEM('') );
#5139 = CARTESIAN_POINT('',(-12.,69.47));
#5140 = CARTESIAN_POINT('',(-12.,70.682435565298));
#5141 = CARTESIAN_POINT('',(-10.95,70.076217782649));
#5142 = CARTESIAN_POINT('',(-9.9,69.47));
#5143 = CARTESIAN_POINT('',(-10.95,68.863782217351));
#5144 = CARTESIAN_POINT('',(-12.,68.257564434702));
#5145 = CARTESIAN_POINT('',(-12.,69.47));
#5146 = ( GEOMETRIC_REPRESENTATION_CONTEXT(2) 
PARAMETRIC_REPRESENTATION_CONTEXT() REPRESENTATION_CONTEXT('2D SPACE',''
  ) );
#5147 = PCURVE('',#5148,#5153);
#5148 = CYLINDRICAL_SURFACE('',#5149,0.7);
#5149 = AXIS2_PLACEMENT_3D('',#5150,#5151,#5152);
#5150 = CARTESIAN_POINT('',(208.8,-110.53,-1.E-02));
#5151 = DIRECTION('',(0.,0.,1.));
#5152 = DIRECTION('',(1.,0.,-0.));
#5153 = DEFINITIONAL_REPRESENTATION('',(#5154),#5158);
#5154 = LINE('',#5155,#5156);
#5155 = CARTESIAN_POINT('',(0.,1.E-02));
#5156 = VECTOR('',#5157,1.);
#5157 = DIRECTION('',(1.,0.));
#5158 = ( GEOMETRIC_REPRESENTATION_CONTEXT(2) 
PARAMETRIC_REPRESENTATION_CONTEXT() REPRESENTATION_CONTEXT('2D SPACE',''
  ) );
#5159 = FACE_BOUND('',#5160,.T.);
#5160 = EDGE_LOOP('',(#5161));
#5161 = ORIENTED_EDGE('',*,*,#5162,.T.);
#5162 = EDGE_CURVE('',#5163,#5163,#5165,.T.);
#5163 = VERTEX_POINT('',#5164);
#5164 = CARTESIAN_POINT('',(204.42,-110.53,0.));
#5165 = SURFACE_CURVE('',#5166,(#5171,#5182),.PCURVE_S1.);
#5166 = CIRCLE('',#5167,0.7);
#5167 = AXIS2_PLACEMENT_3D('',#5168,#5169,#5170);
#5168 = CARTESIAN_POINT('',(203.72,-110.53,0.));
#5169 = DIRECTION('',(0.,0.,1.));
#5170 = DIRECTION('',(1.,0.,-0.));
#5171 = PCURVE('',#144,#5172);
#5172 = DEFINITIONAL_REPRESENTATION('',(#5173),#5181);
#5173 = ( BOUNDED_CURVE() B_SPLINE_CURVE(2,(#5174,#5175,#5176,#5177,
#5178,#5179,#5180),.UNSPECIFIED.,.T.,.F.) B_SPLINE_CURVE_WITH_KNOTS((1,2
    ,2,2,2,1),(-2.094395102393,0.,2.094395102393,4.188790204786,
6.28318530718,8.377580409573),.UNSPECIFIED.) CURVE() 
GEOMETRIC_REPRESENTATION_ITEM() RATIONAL_B_SPLINE_CURVE((1.,0.5,1.,0.5,
1.,0.5,1.)) REPRESENTATION_ITEM('') );
#5174 = CARTESIAN_POINT('',(-6.92,69.47));
#5175 = CARTESIAN_POINT('',(-6.92,70.682435565298));
#5176 = CARTESIAN_POINT('',(-5.87,70.076217782649));
#5177 = CARTESIAN_POINT('',(-4.82,69.47));
#5178 = CARTESIAN_POINT('',(-5.87,68.863782217351));
#5179 = CARTESIAN_POINT('',(-6.92,68.257564434702));
#5180 = CARTESIAN_POINT('',(-6.92,69.47));
#5181 = ( GEOMETRIC_REPRESENTATION_CONTEXT(2) 
PARAMETRIC_REPRESENTATION_CONTEXT() REPRESENTATION_CONTEXT('2D SPACE',''
  ) );
#5182 = PCURVE('',#5183,#5188);
#5183 = CYLINDRICAL_SURFACE('',#5184,0.7);
#5184 = AXIS2_PLACEMENT_3D('',#5185,#5186,#5187);
#5185 = CARTESIAN_POINT('',(203.72,-110.53,-1.E-02));
#5186 = DIRECTION('',(0.,0.,1.));
#5187 = DIRECTION('',(1.,0.,-0.));
#5188 = DEFINITIONAL_REPRESENTATION('',(#5189),#5193);
#5189 = LINE('',#5190,#5191);
#5190 = CARTESIAN_POINT('',(0.,1.E-02));
#5191 = VECTOR('',#5192,1.);
#5192 = DIRECTION('',(1.,0.));
#5193 = ( GEOMETRIC_REPRESENTATION_CONTEXT(2) 
PARAMETRIC_REPRESENTATION_CONTEXT() REPRESENTATION_CONTEXT('2D SPACE',''
  ) );
#5194 = FACE_BOUND('',#5195,.T.);
#5195 = EDGE_LOOP('',(#5196));
#5196 = ORIENTED_EDGE('',*,*,#5197,.T.);
#5197 = EDGE_CURVE('',#5198,#5198,#5200,.T.);
#5198 = VERTEX_POINT('',#5199);
#5199 = CARTESIAN_POINT('',(150.65,-176.,0.));
#5200 = SURFACE_CURVE('',#5201,(#5206,#5217),.PCURVE_S1.);
#5201 = CIRCLE('',#5202,0.65);
#5202 = AXIS2_PLACEMENT_3D('',#5203,#5204,#5205);
#5203 = CARTESIAN_POINT('',(150.,-176.,0.));
#5204 = DIRECTION('',(0.,0.,1.));
#5205 = DIRECTION('',(1.,0.,-0.));
#5206 = PCURVE('',#144,#5207);
#5207 = DEFINITIONAL_REPRESENTATION('',(#5208),#5216);
#5208 = ( BOUNDED_CURVE() B_SPLINE_CURVE(2,(#5209,#5210,#5211,#5212,
#5213,#5214,#5215),.UNSPECIFIED.,.T.,.F.) B_SPLINE_CURVE_WITH_KNOTS((1,2
    ,2,2,2,1),(-2.094395102393,0.,2.094395102393,4.188790204786,
6.28318530718,8.377580409573),.UNSPECIFIED.) CURVE() 
GEOMETRIC_REPRESENTATION_ITEM() RATIONAL_B_SPLINE_CURVE((1.,0.5,1.,0.5,
1.,0.5,1.)) REPRESENTATION_ITEM('') );
#5209 = CARTESIAN_POINT('',(46.85,4.));
#5210 = CARTESIAN_POINT('',(46.85,5.12583302492));
#5211 = CARTESIAN_POINT('',(47.825,4.56291651246));
#5212 = CARTESIAN_POINT('',(48.8,4.));
#5213 = CARTESIAN_POINT('',(47.825,3.43708348754));
#5214 = CARTESIAN_POINT('',(46.85,2.87416697508));
#5215 = CARTESIAN_POINT('',(46.85,4.));
#5216 = ( GEOMETRIC_REPRESENTATION_CONTEXT(2) 
PARAMETRIC_REPRESENTATION_CONTEXT() REPRESENTATION_CONTEXT('2D SPACE',''
  ) );
#5217 = PCURVE('',#5218,#5223);
#5218 = CYLINDRICAL_SURFACE('',#5219,0.65);
#5219 = AXIS2_PLACEMENT_3D('',#5220,#5221,#5222);
#5220 = CARTESIAN_POINT('',(150.,-176.,-1.E-02));
#5221 = DIRECTION('',(0.,0.,1.));
#5222 = DIRECTION('',(1.,0.,-0.));
#5223 = DEFINITIONAL_REPRESENTATION('',(#5224),#5228);
#5224 = LINE('',#5225,#5226);
#5225 = CARTESIAN_POINT('',(0.,1.E-02));
#5226 = VECTOR('',#5227,1.);
#5227 = DIRECTION('',(1.,0.));
#5228 = ( GEOMETRIC_REPRESENTATION_CONTEXT(2) 
PARAMETRIC_REPRESENTATION_CONTEXT() REPRESENTATION_CONTEXT('2D SPACE',''
  ) );
#5229 = FACE_BOUND('',#5230,.T.);
#5230 = EDGE_LOOP('',(#5231));
#5231 = ORIENTED_EDGE('',*,*,#5232,.T.);
#5232 = EDGE_CURVE('',#5233,#5233,#5235,.T.);
#5233 = VERTEX_POINT('',#5234);
#5234 = CARTESIAN_POINT('',(164.85,-170.,0.));
#5235 = SURFACE_CURVE('',#5236,(#5241,#5252),.PCURVE_S1.);
#5236 = CIRCLE('',#5237,0.65);
#5237 = AXIS2_PLACEMENT_3D('',#5238,#5239,#5240);
#5238 = CARTESIAN_POINT('',(164.2,-170.,0.));
#5239 = DIRECTION('',(0.,0.,1.));
#5240 = DIRECTION('',(1.,0.,-0.));
#5241 = PCURVE('',#144,#5242);
#5242 = DEFINITIONAL_REPRESENTATION('',(#5243),#5251);
#5243 = ( BOUNDED_CURVE() B_SPLINE_CURVE(2,(#5244,#5245,#5246,#5247,
#5248,#5249,#5250),.UNSPECIFIED.,.T.,.F.) B_SPLINE_CURVE_WITH_KNOTS((1,2
    ,2,2,2,1),(-2.094395102393,0.,2.094395102393,4.188790204786,
6.28318530718,8.377580409573),.UNSPECIFIED.) CURVE() 
GEOMETRIC_REPRESENTATION_ITEM() RATIONAL_B_SPLINE_CURVE((1.,0.5,1.,0.5,
1.,0.5,1.)) REPRESENTATION_ITEM('') );
#5244 = CARTESIAN_POINT('',(32.65,10.));
#5245 = CARTESIAN_POINT('',(32.65,11.12583302492));
#5246 = CARTESIAN_POINT('',(33.625,10.56291651246));
#5247 = CARTESIAN_POINT('',(34.6,10.));
#5248 = CARTESIAN_POINT('',(33.625,9.43708348754));
#5249 = CARTESIAN_POINT('',(32.65,8.87416697508));
#5250 = CARTESIAN_POINT('',(32.65,10.));
#5251 = ( GEOMETRIC_REPRESENTATION_CONTEXT(2) 
PARAMETRIC_REPRESENTATION_CONTEXT() REPRESENTATION_CONTEXT('2D SPACE',''
  ) );
#5252 = PCURVE('',#5253,#5258);
#5253 = CYLINDRICAL_SURFACE('',#5254,0.65);
#5254 = AXIS2_PLACEMENT_3D('',#5255,#5256,#5257);
#5255 = CARTESIAN_POINT('',(164.2,-170.,-1.E-02));
#5256 = DIRECTION('',(0.,0.,1.));
#5257 = DIRECTION('',(1.,0.,-0.));
#5258 = DEFINITIONAL_REPRESENTATION('',(#5259),#5263);
#5259 = LINE('',#5260,#5261);
#5260 = CARTESIAN_POINT('',(0.,1.E-02));
#5261 = VECTOR('',#5262,1.);
#5262 = DIRECTION('',(1.,0.));
#5263 = ( GEOMETRIC_REPRESENTATION_CONTEXT(2) 
PARAMETRIC_REPRESENTATION_CONTEXT() REPRESENTATION_CONTEXT('2D SPACE',''
  ) );
#5264 = FACE_BOUND('',#5265,.T.);
#5265 = EDGE_LOOP('',(#5266));
#5266 = ORIENTED_EDGE('',*,*,#5267,.T.);
#5267 = EDGE_CURVE('',#5268,#5268,#5270,.T.);
#5268 = VERTEX_POINT('',#5269);
#5269 = CARTESIAN_POINT('',(164.85,-163.,0.));
#5270 = SURFACE_CURVE('',#5271,(#5276,#5287),.PCURVE_S1.);
#5271 = CIRCLE('',#5272,0.65);
#5272 = AXIS2_PLACEMENT_3D('',#5273,#5274,#5275);
#5273 = CARTESIAN_POINT('',(164.2,-163.,0.));
#5274 = DIRECTION('',(0.,0.,1.));
#5275 = DIRECTION('',(1.,0.,-0.));
#5276 = PCURVE('',#144,#5277);
#5277 = DEFINITIONAL_REPRESENTATION('',(#5278),#5286);
#5278 = ( BOUNDED_CURVE() B_SPLINE_CURVE(2,(#5279,#5280,#5281,#5282,
#5283,#5284,#5285),.UNSPECIFIED.,.T.,.F.) B_SPLINE_CURVE_WITH_KNOTS((1,2
    ,2,2,2,1),(-2.094395102393,0.,2.094395102393,4.188790204786,
6.28318530718,8.377580409573),.UNSPECIFIED.) CURVE() 
GEOMETRIC_REPRESENTATION_ITEM() RATIONAL_B_SPLINE_CURVE((1.,0.5,1.,0.5,
1.,0.5,1.)) REPRESENTATION_ITEM('') );
#5279 = CARTESIAN_POINT('',(32.65,17.));
#5280 = CARTESIAN_POINT('',(32.65,18.12583302492));
#5281 = CARTESIAN_POINT('',(33.625,17.56291651246));
#5282 = CARTESIAN_POINT('',(34.6,17.));
#5283 = CARTESIAN_POINT('',(33.625,16.43708348754));
#5284 = CARTESIAN_POINT('',(32.65,15.87416697508));
#5285 = CARTESIAN_POINT('',(32.65,17.));
#5286 = ( GEOMETRIC_REPRESENTATION_CONTEXT(2) 
PARAMETRIC_REPRESENTATION_CONTEXT() REPRESENTATION_CONTEXT('2D SPACE',''
  ) );
#5287 = PCURVE('',#5288,#5293);
#5288 = CYLINDRICAL_SURFACE('',#5289,0.65);
#5289 = AXIS2_PLACEMENT_3D('',#5290,#5291,#5292);
#5290 = CARTESIAN_POINT('',(164.2,-163.,-1.E-02));
#5291 = DIRECTION('',(0.,0.,1.));
#5292 = DIRECTION('',(1.,0.,-0.));
#5293 = DEFINITIONAL_REPRESENTATION('',(#5294),#5298);
#5294 = LINE('',#5295,#5296);
#5295 = CARTESIAN_POINT('',(0.,1.E-02));
#5296 = VECTOR('',#5297,1.);
#5297 = DIRECTION('',(1.,0.));
#5298 = ( GEOMETRIC_REPRESENTATION_CONTEXT(2) 
PARAMETRIC_REPRESENTATION_CONTEXT() REPRESENTATION_CONTEXT('2D SPACE',''
  ) );
#5299 = FACE_BOUND('',#5300,.T.);
#5300 = EDGE_LOOP('',(#5301));
#5301 = ORIENTED_EDGE('',*,*,#5302,.T.);
#5302 = EDGE_CURVE('',#5303,#5303,#5305,.T.);
#5303 = VERTEX_POINT('',#5304);
#5304 = CARTESIAN_POINT('',(152.65,-170.,0.));
#5305 = SURFACE_CURVE('',#5306,(#5311,#5322),.PCURVE_S1.);
#5306 = CIRCLE('',#5307,0.65);
#5307 = AXIS2_PLACEMENT_3D('',#5308,#5309,#5310);
#5308 = CARTESIAN_POINT('',(152.,-170.,0.));
#5309 = DIRECTION('',(0.,0.,1.));
#5310 = DIRECTION('',(1.,0.,-0.));
#5311 = PCURVE('',#144,#5312);
#5312 = DEFINITIONAL_REPRESENTATION('',(#5313),#5321);
#5313 = ( BOUNDED_CURVE() B_SPLINE_CURVE(2,(#5314,#5315,#5316,#5317,
#5318,#5319,#5320),.UNSPECIFIED.,.T.,.F.) B_SPLINE_CURVE_WITH_KNOTS((1,2
    ,2,2,2,1),(-2.094395102393,0.,2.094395102393,4.188790204786,
6.28318530718,8.377580409573),.UNSPECIFIED.) CURVE() 
GEOMETRIC_REPRESENTATION_ITEM() RATIONAL_B_SPLINE_CURVE((1.,0.5,1.,0.5,
1.,0.5,1.)) REPRESENTATION_ITEM('') );
#5314 = CARTESIAN_POINT('',(44.85,10.));
#5315 = CARTESIAN_POINT('',(44.85,11.12583302492));
#5316 = CARTESIAN_POINT('',(45.825,10.56291651246));
#5317 = CARTESIAN_POINT('',(46.8,10.));
#5318 = CARTESIAN_POINT('',(45.825,9.43708348754));
#5319 = CARTESIAN_POINT('',(44.85,8.87416697508));
#5320 = CARTESIAN_POINT('',(44.85,10.));
#5321 = ( GEOMETRIC_REPRESENTATION_CONTEXT(2) 
PARAMETRIC_REPRESENTATION_CONTEXT() REPRESENTATION_CONTEXT('2D SPACE',''
  ) );
#5322 = PCURVE('',#5323,#5328);
#5323 = CYLINDRICAL_SURFACE('',#5324,0.65);
#5324 = AXIS2_PLACEMENT_3D('',#5325,#5326,#5327);
#5325 = CARTESIAN_POINT('',(152.,-170.,-1.E-02));
#5326 = DIRECTION('',(0.,0.,1.));
#5327 = DIRECTION('',(1.,0.,-0.));
#5328 = DEFINITIONAL_REPRESENTATION('',(#5329),#5333);
#5329 = LINE('',#5330,#5331);
#5330 = CARTESIAN_POINT('',(0.,1.E-02));
#5331 = VECTOR('',#5332,1.);
#5332 = DIRECTION('',(1.,0.));
#5333 = ( GEOMETRIC_REPRESENTATION_CONTEXT(2) 
PARAMETRIC_REPRESENTATION_CONTEXT() REPRESENTATION_CONTEXT('2D SPACE',''
  ) );
#5334 = FACE_BOUND('',#5335,.T.);
#5335 = EDGE_LOOP('',(#5336));
#5336 = ORIENTED_EDGE('',*,*,#5337,.T.);
#5337 = EDGE_CURVE('',#5338,#5338,#5340,.T.);
#5338 = VERTEX_POINT('',#5339);
#5339 = CARTESIAN_POINT('',(152.65,-163.,0.));
#5340 = SURFACE_CURVE('',#5341,(#5346,#5357),.PCURVE_S1.);
#5341 = CIRCLE('',#5342,0.65);
#5342 = AXIS2_PLACEMENT_3D('',#5343,#5344,#5345);
#5343 = CARTESIAN_POINT('',(152.,-163.,0.));
#5344 = DIRECTION('',(0.,0.,1.));
#5345 = DIRECTION('',(1.,0.,-0.));
#5346 = PCURVE('',#144,#5347);
#5347 = DEFINITIONAL_REPRESENTATION('',(#5348),#5356);
#5348 = ( BOUNDED_CURVE() B_SPLINE_CURVE(2,(#5349,#5350,#5351,#5352,
#5353,#5354,#5355),.UNSPECIFIED.,.T.,.F.) B_SPLINE_CURVE_WITH_KNOTS((1,2
    ,2,2,2,1),(-2.094395102393,0.,2.094395102393,4.188790204786,
6.28318530718,8.377580409573),.UNSPECIFIED.) CURVE() 
GEOMETRIC_REPRESENTATION_ITEM() RATIONAL_B_SPLINE_CURVE((1.,0.5,1.,0.5,
1.,0.5,1.)) REPRESENTATION_ITEM('') );
#5349 = CARTESIAN_POINT('',(44.85,17.));
#5350 = CARTESIAN_POINT('',(44.85,18.12583302492));
#5351 = CARTESIAN_POINT('',(45.825,17.56291651246));
#5352 = CARTESIAN_POINT('',(46.8,17.));
#5353 = CARTESIAN_POINT('',(45.825,16.43708348754));
#5354 = CARTESIAN_POINT('',(44.85,15.87416697508));
#5355 = CARTESIAN_POINT('',(44.85,17.));
#5356 = ( GEOMETRIC_REPRESENTATION_CONTEXT(2) 
PARAMETRIC_REPRESENTATION_CONTEXT() REPRESENTATION_CONTEXT('2D SPACE',''
  ) );
#5357 = PCURVE('',#5358,#5363);
#5358 = CYLINDRICAL_SURFACE('',#5359,0.65);
#5359 = AXIS2_PLACEMENT_3D('',#5360,#5361,#5362);
#5360 = CARTESIAN_POINT('',(152.,-163.,-1.E-02));
#5361 = DIRECTION('',(0.,0.,1.));
#5362 = DIRECTION('',(1.,0.,-0.));
#5363 = DEFINITIONAL_REPRESENTATION('',(#5364),#5368);
#5364 = LINE('',#5365,#5366);
#5365 = CARTESIAN_POINT('',(0.,1.E-02));
#5366 = VECTOR('',#5367,1.);
#5367 = DIRECTION('',(1.,0.));
#5368 = ( GEOMETRIC_REPRESENTATION_CONTEXT(2) 
PARAMETRIC_REPRESENTATION_CONTEXT() REPRESENTATION_CONTEXT('2D SPACE',''
  ) );
#5369 = FACE_BOUND('',#5370,.T.);
#5370 = EDGE_LOOP('',(#5371));
#5371 = ORIENTED_EDGE('',*,*,#5372,.T.);
#5372 = EDGE_CURVE('',#5373,#5373,#5375,.T.);
#5373 = VERTEX_POINT('',#5374);
#5374 = CARTESIAN_POINT('',(164.85,-151.,0.));
#5375 = SURFACE_CURVE('',#5376,(#5381,#5392),.PCURVE_S1.);
#5376 = CIRCLE('',#5377,0.65);
#5377 = AXIS2_PLACEMENT_3D('',#5378,#5379,#5380);
#5378 = CARTESIAN_POINT('',(164.2,-151.,0.));
#5379 = DIRECTION('',(0.,0.,1.));
#5380 = DIRECTION('',(1.,0.,-0.));
#5381 = PCURVE('',#144,#5382);
#5382 = DEFINITIONAL_REPRESENTATION('',(#5383),#5391);
#5383 = ( BOUNDED_CURVE() B_SPLINE_CURVE(2,(#5384,#5385,#5386,#5387,
#5388,#5389,#5390),.UNSPECIFIED.,.T.,.F.) B_SPLINE_CURVE_WITH_KNOTS((1,2
    ,2,2,2,1),(-2.094395102393,0.,2.094395102393,4.188790204786,
6.28318530718,8.377580409573),.UNSPECIFIED.) CURVE() 
GEOMETRIC_REPRESENTATION_ITEM() RATIONAL_B_SPLINE_CURVE((1.,0.5,1.,0.5,
1.,0.5,1.)) REPRESENTATION_ITEM('') );
#5384 = CARTESIAN_POINT('',(32.65,29.));
#5385 = CARTESIAN_POINT('',(32.65,30.12583302492));
#5386 = CARTESIAN_POINT('',(33.625,29.56291651246));
#5387 = CARTESIAN_POINT('',(34.6,29.));
#5388 = CARTESIAN_POINT('',(33.625,28.43708348754));
#5389 = CARTESIAN_POINT('',(32.65,27.87416697508));
#5390 = CARTESIAN_POINT('',(32.65,29.));
#5391 = ( GEOMETRIC_REPRESENTATION_CONTEXT(2) 
PARAMETRIC_REPRESENTATION_CONTEXT() REPRESENTATION_CONTEXT('2D SPACE',''
  ) );
#5392 = PCURVE('',#5393,#5398);
#5393 = CYLINDRICAL_SURFACE('',#5394,0.65);
#5394 = AXIS2_PLACEMENT_3D('',#5395,#5396,#5397);
#5395 = CARTESIAN_POINT('',(164.2,-151.,-1.E-02));
#5396 = DIRECTION('',(0.,0.,1.));
#5397 = DIRECTION('',(1.,0.,-0.));
#5398 = DEFINITIONAL_REPRESENTATION('',(#5399),#5403);
#5399 = LINE('',#5400,#5401);
#5400 = CARTESIAN_POINT('',(0.,1.E-02));
#5401 = VECTOR('',#5402,1.);
#5402 = DIRECTION('',(1.,0.));
#5403 = ( GEOMETRIC_REPRESENTATION_CONTEXT(2) 
PARAMETRIC_REPRESENTATION_CONTEXT() REPRESENTATION_CONTEXT('2D SPACE',''
  ) );
#5404 = FACE_BOUND('',#5405,.T.);
#5405 = EDGE_LOOP('',(#5406));
#5406 = ORIENTED_EDGE('',*,*,#5407,.T.);
#5407 = EDGE_CURVE('',#5408,#5408,#5410,.T.);
#5408 = VERTEX_POINT('',#5409);
#5409 = CARTESIAN_POINT('',(150.65,-157.,0.));
#5410 = SURFACE_CURVE('',#5411,(#5416,#5427),.PCURVE_S1.);
#5411 = CIRCLE('',#5412,0.65);
#5412 = AXIS2_PLACEMENT_3D('',#5413,#5414,#5415);
#5413 = CARTESIAN_POINT('',(150.,-157.,0.));
#5414 = DIRECTION('',(0.,0.,1.));
#5415 = DIRECTION('',(1.,0.,-0.));
#5416 = PCURVE('',#144,#5417);
#5417 = DEFINITIONAL_REPRESENTATION('',(#5418),#5426);
#5418 = ( BOUNDED_CURVE() B_SPLINE_CURVE(2,(#5419,#5420,#5421,#5422,
#5423,#5424,#5425),.UNSPECIFIED.,.T.,.F.) B_SPLINE_CURVE_WITH_KNOTS((1,2
    ,2,2,2,1),(-2.094395102393,0.,2.094395102393,4.188790204786,
6.28318530718,8.377580409573),.UNSPECIFIED.) CURVE() 
GEOMETRIC_REPRESENTATION_ITEM() RATIONAL_B_SPLINE_CURVE((1.,0.5,1.,0.5,
1.,0.5,1.)) REPRESENTATION_ITEM('') );
#5419 = CARTESIAN_POINT('',(46.85,23.));
#5420 = CARTESIAN_POINT('',(46.85,24.12583302492));
#5421 = CARTESIAN_POINT('',(47.825,23.56291651246));
#5422 = CARTESIAN_POINT('',(48.8,23.));
#5423 = CARTESIAN_POINT('',(47.825,22.43708348754));
#5424 = CARTESIAN_POINT('',(46.85,21.87416697508));
#5425 = CARTESIAN_POINT('',(46.85,23.));
#5426 = ( GEOMETRIC_REPRESENTATION_CONTEXT(2) 
PARAMETRIC_REPRESENTATION_CONTEXT() REPRESENTATION_CONTEXT('2D SPACE',''
  ) );
#5427 = PCURVE('',#5428,#5433);
#5428 = CYLINDRICAL_SURFACE('',#5429,0.65);
#5429 = AXIS2_PLACEMENT_3D('',#5430,#5431,#5432);
#5430 = CARTESIAN_POINT('',(150.,-157.,-1.E-02));
#5431 = DIRECTION('',(0.,0.,1.));
#5432 = DIRECTION('',(1.,0.,-0.));
#5433 = DEFINITIONAL_REPRESENTATION('',(#5434),#5438);
#5434 = LINE('',#5435,#5436);
#5435 = CARTESIAN_POINT('',(0.,1.E-02));
#5436 = VECTOR('',#5437,1.);
#5437 = DIRECTION('',(1.,0.));
#5438 = ( GEOMETRIC_REPRESENTATION_CONTEXT(2) 
PARAMETRIC_REPRESENTATION_CONTEXT() REPRESENTATION_CONTEXT('2D SPACE',''
  ) );
#5439 = FACE_BOUND('',#5440,.T.);
#5440 = EDGE_LOOP('',(#5441));
#5441 = ORIENTED_EDGE('',*,*,#5442,.T.);
#5442 = EDGE_CURVE('',#5443,#5443,#5445,.T.);
#5443 = VERTEX_POINT('',#5444);
#5444 = CARTESIAN_POINT('',(152.65,-151.,0.));
#5445 = SURFACE_CURVE('',#5446,(#5451,#5462),.PCURVE_S1.);
#5446 = CIRCLE('',#5447,0.65);
#5447 = AXIS2_PLACEMENT_3D('',#5448,#5449,#5450);
#5448 = CARTESIAN_POINT('',(152.,-151.,0.));
#5449 = DIRECTION('',(0.,0.,1.));
#5450 = DIRECTION('',(1.,0.,-0.));
#5451 = PCURVE('',#144,#5452);
#5452 = DEFINITIONAL_REPRESENTATION('',(#5453),#5461);
#5453 = ( BOUNDED_CURVE() B_SPLINE_CURVE(2,(#5454,#5455,#5456,#5457,
#5458,#5459,#5460),.UNSPECIFIED.,.T.,.F.) B_SPLINE_CURVE_WITH_KNOTS((1,2
    ,2,2,2,1),(-2.094395102393,0.,2.094395102393,4.188790204786,
6.28318530718,8.377580409573),.UNSPECIFIED.) CURVE() 
GEOMETRIC_REPRESENTATION_ITEM() RATIONAL_B_SPLINE_CURVE((1.,0.5,1.,0.5,
1.,0.5,1.)) REPRESENTATION_ITEM('') );
#5454 = CARTESIAN_POINT('',(44.85,29.));
#5455 = CARTESIAN_POINT('',(44.85,30.12583302492));
#5456 = CARTESIAN_POINT('',(45.825,29.56291651246));
#5457 = CARTESIAN_POINT('',(46.8,29.));
#5458 = CARTESIAN_POINT('',(45.825,28.43708348754));
#5459 = CARTESIAN_POINT('',(44.85,27.87416697508));
#5460 = CARTESIAN_POINT('',(44.85,29.));
#5461 = ( GEOMETRIC_REPRESENTATION_CONTEXT(2) 
PARAMETRIC_REPRESENTATION_CONTEXT() REPRESENTATION_CONTEXT('2D SPACE',''
  ) );
#5462 = PCURVE('',#5463,#5468);
#5463 = CYLINDRICAL_SURFACE('',#5464,0.65);
#5464 = AXIS2_PLACEMENT_3D('',#5465,#5466,#5467);
#5465 = CARTESIAN_POINT('',(152.,-151.,-1.E-02));
#5466 = DIRECTION('',(0.,0.,1.));
#5467 = DIRECTION('',(1.,0.,-0.));
#5468 = DEFINITIONAL_REPRESENTATION('',(#5469),#5473);
#5469 = LINE('',#5470,#5471);
#5470 = CARTESIAN_POINT('',(0.,1.E-02));
#5471 = VECTOR('',#5472,1.);
#5472 = DIRECTION('',(1.,0.));
#5473 = ( GEOMETRIC_REPRESENTATION_CONTEXT(2) 
PARAMETRIC_REPRESENTATION_CONTEXT() REPRESENTATION_CONTEXT('2D SPACE',''
  ) );
#5474 = FACE_BOUND('',#5475,.T.);
#5475 = EDGE_LOOP('',(#5476));
#5476 = ORIENTED_EDGE('',*,*,#5477,.T.);
#5477 = EDGE_CURVE('',#5478,#5478,#5480,.T.);
#5478 = VERTEX_POINT('',#5479);
#5479 = CARTESIAN_POINT('',(109.13,-169.5,0.));
#5480 = SURFACE_CURVE('',#5481,(#5486,#5497),.PCURVE_S1.);
#5481 = CIRCLE('',#5482,0.6);
#5482 = AXIS2_PLACEMENT_3D('',#5483,#5484,#5485);
#5483 = CARTESIAN_POINT('',(108.53,-169.5,0.));
#5484 = DIRECTION('',(0.,0.,1.));
#5485 = DIRECTION('',(1.,0.,-0.));
#5486 = PCURVE('',#144,#5487);
#5487 = DEFINITIONAL_REPRESENTATION('',(#5488),#5496);
#5488 = ( BOUNDED_CURVE() B_SPLINE_CURVE(2,(#5489,#5490,#5491,#5492,
#5493,#5494,#5495),.UNSPECIFIED.,.T.,.F.) B_SPLINE_CURVE_WITH_KNOTS((1,2
    ,2,2,2,1),(-2.094395102393,0.,2.094395102393,4.188790204786,
6.28318530718,8.377580409573),.UNSPECIFIED.) CURVE() 
GEOMETRIC_REPRESENTATION_ITEM() RATIONAL_B_SPLINE_CURVE((1.,0.5,1.,0.5,
1.,0.5,1.)) REPRESENTATION_ITEM('') );
#5489 = CARTESIAN_POINT('',(88.37,10.5));
#5490 = CARTESIAN_POINT('',(88.37,11.539230484541));
#5491 = CARTESIAN_POINT('',(89.27,11.019615242271));
#5492 = CARTESIAN_POINT('',(90.17,10.5));
#5493 = CARTESIAN_POINT('',(89.27,9.980384757729));
#5494 = CARTESIAN_POINT('',(88.37,9.460769515459));
#5495 = CARTESIAN_POINT('',(88.37,10.5));
#5496 = ( GEOMETRIC_REPRESENTATION_CONTEXT(2) 
PARAMETRIC_REPRESENTATION_CONTEXT() REPRESENTATION_CONTEXT('2D SPACE',''
  ) );
#5497 = PCURVE('',#5498,#5503);
#5498 = CYLINDRICAL_SURFACE('',#5499,0.6);
#5499 = AXIS2_PLACEMENT_3D('',#5500,#5501,#5502);
#5500 = CARTESIAN_POINT('',(108.53,-169.5,-1.E-02));
#5501 = DIRECTION('',(0.,0.,1.));
#5502 = DIRECTION('',(1.,0.,-0.));
#5503 = DEFINITIONAL_REPRESENTATION('',(#5504),#5508);
#5504 = LINE('',#5505,#5506);
#5505 = CARTESIAN_POINT('',(0.,1.E-02));
#5506 = VECTOR('',#5507,1.);
#5507 = DIRECTION('',(1.,0.));
#5508 = ( GEOMETRIC_REPRESENTATION_CONTEXT(2) 
PARAMETRIC_REPRESENTATION_CONTEXT() REPRESENTATION_CONTEXT('2D SPACE',''
  ) );
#5509 = FACE_BOUND('',#5510,.T.);
#5510 = EDGE_LOOP('',(#5511));
#5511 = ORIENTED_EDGE('',*,*,#5512,.T.);
#5512 = EDGE_CURVE('',#5513,#5513,#5515,.T.);
#5513 = VERTEX_POINT('',#5514);
#5514 = CARTESIAN_POINT('',(109.13,-166.,0.));
#5515 = SURFACE_CURVE('',#5516,(#5521,#5532),.PCURVE_S1.);
#5516 = CIRCLE('',#5517,0.6);
#5517 = AXIS2_PLACEMENT_3D('',#5518,#5519,#5520);
#5518 = CARTESIAN_POINT('',(108.53,-166.,0.));
#5519 = DIRECTION('',(0.,0.,1.));
#5520 = DIRECTION('',(1.,0.,-0.));
#5521 = PCURVE('',#144,#5522);
#5522 = DEFINITIONAL_REPRESENTATION('',(#5523),#5531);
#5523 = ( BOUNDED_CURVE() B_SPLINE_CURVE(2,(#5524,#5525,#5526,#5527,
#5528,#5529,#5530),.UNSPECIFIED.,.T.,.F.) B_SPLINE_CURVE_WITH_KNOTS((1,2
    ,2,2,2,1),(-2.094395102393,0.,2.094395102393,4.188790204786,
6.28318530718,8.377580409573),.UNSPECIFIED.) CURVE() 
GEOMETRIC_REPRESENTATION_ITEM() RATIONAL_B_SPLINE_CURVE((1.,0.5,1.,0.5,
1.,0.5,1.)) REPRESENTATION_ITEM('') );
#5524 = CARTESIAN_POINT('',(88.37,14.));
#5525 = CARTESIAN_POINT('',(88.37,15.039230484541));
#5526 = CARTESIAN_POINT('',(89.27,14.519615242271));
#5527 = CARTESIAN_POINT('',(90.17,14.));
#5528 = CARTESIAN_POINT('',(89.27,13.480384757729));
#5529 = CARTESIAN_POINT('',(88.37,12.960769515459));
#5530 = CARTESIAN_POINT('',(88.37,14.));
#5531 = ( GEOMETRIC_REPRESENTATION_CONTEXT(2) 
PARAMETRIC_REPRESENTATION_CONTEXT() REPRESENTATION_CONTEXT('2D SPACE',''
  ) );
#5532 = PCURVE('',#5533,#5538);
#5533 = CYLINDRICAL_SURFACE('',#5534,0.6);
#5534 = AXIS2_PLACEMENT_3D('',#5535,#5536,#5537);
#5535 = CARTESIAN_POINT('',(108.53,-166.,-1.E-02));
#5536 = DIRECTION('',(0.,0.,1.));
#5537 = DIRECTION('',(1.,0.,-0.));
#5538 = DEFINITIONAL_REPRESENTATION('',(#5539),#5543);
#5539 = LINE('',#5540,#5541);
#5540 = CARTESIAN_POINT('',(0.,1.E-02));
#5541 = VECTOR('',#5542,1.);
#5542 = DIRECTION('',(1.,0.));
#5543 = ( GEOMETRIC_REPRESENTATION_CONTEXT(2) 
PARAMETRIC_REPRESENTATION_CONTEXT() REPRESENTATION_CONTEXT('2D SPACE',''
  ) );
#5544 = FACE_BOUND('',#5545,.T.);
#5545 = EDGE_LOOP('',(#5546));
#5546 = ORIENTED_EDGE('',*,*,#5547,.T.);
#5547 = EDGE_CURVE('',#5548,#5548,#5550,.T.);
#5548 = VERTEX_POINT('',#5549);
#5549 = CARTESIAN_POINT('',(111.23,-155.08,0.));
#5550 = SURFACE_CURVE('',#5551,(#5556,#5567),.PCURVE_S1.);
#5551 = CIRCLE('',#5552,0.7);
#5552 = AXIS2_PLACEMENT_3D('',#5553,#5554,#5555);
#5553 = CARTESIAN_POINT('',(110.53,-155.08,0.));
#5554 = DIRECTION('',(0.,0.,1.));
#5555 = DIRECTION('',(1.,0.,-0.));
#5556 = PCURVE('',#144,#5557);
#5557 = DEFINITIONAL_REPRESENTATION('',(#5558),#5566);
#5558 = ( BOUNDED_CURVE() B_SPLINE_CURVE(2,(#5559,#5560,#5561,#5562,
#5563,#5564,#5565),.UNSPECIFIED.,.T.,.F.) B_SPLINE_CURVE_WITH_KNOTS((1,2
    ,2,2,2,1),(-2.094395102393,0.,2.094395102393,4.188790204786,
6.28318530718,8.377580409573),.UNSPECIFIED.) CURVE() 
GEOMETRIC_REPRESENTATION_ITEM() RATIONAL_B_SPLINE_CURVE((1.,0.5,1.,0.5,
1.,0.5,1.)) REPRESENTATION_ITEM('') );
#5559 = CARTESIAN_POINT('',(86.27,24.92));
#5560 = CARTESIAN_POINT('',(86.27,26.132435565298));
#5561 = CARTESIAN_POINT('',(87.32,25.526217782649));
#5562 = CARTESIAN_POINT('',(88.37,24.92));
#5563 = CARTESIAN_POINT('',(87.32,24.313782217351));
#5564 = CARTESIAN_POINT('',(86.27,23.707564434702));
#5565 = CARTESIAN_POINT('',(86.27,24.92));
#5566 = ( GEOMETRIC_REPRESENTATION_CONTEXT(2) 
PARAMETRIC_REPRESENTATION_CONTEXT() REPRESENTATION_CONTEXT('2D SPACE',''
  ) );
#5567 = PCURVE('',#5568,#5573);
#5568 = CYLINDRICAL_SURFACE('',#5569,0.7);
#5569 = AXIS2_PLACEMENT_3D('',#5570,#5571,#5572);
#5570 = CARTESIAN_POINT('',(110.53,-155.08,-1.E-02));
#5571 = DIRECTION('',(0.,0.,1.));
#5572 = DIRECTION('',(1.,0.,-0.));
#5573 = DEFINITIONAL_REPRESENTATION('',(#5574),#5578);
#5574 = LINE('',#5575,#5576);
#5575 = CARTESIAN_POINT('',(0.,1.E-02));
#5576 = VECTOR('',#5577,1.);
#5577 = DIRECTION('',(1.,0.));
#5578 = ( GEOMETRIC_REPRESENTATION_CONTEXT(2) 
PARAMETRIC_REPRESENTATION_CONTEXT() REPRESENTATION_CONTEXT('2D SPACE',''
  ) );
#5579 = FACE_BOUND('',#5580,.T.);
#5580 = EDGE_LOOP('',(#5581));
#5581 = ORIENTED_EDGE('',*,*,#5582,.T.);
#5582 = EDGE_CURVE('',#5583,#5583,#5585,.T.);
#5583 = VERTEX_POINT('',#5584);
#5584 = CARTESIAN_POINT('',(121.565,-149.285,0.));
#5585 = SURFACE_CURVE('',#5586,(#5591,#5602),.PCURVE_S1.);
#5586 = CIRCLE('',#5587,0.5);
#5587 = AXIS2_PLACEMENT_3D('',#5588,#5589,#5590);
#5588 = CARTESIAN_POINT('',(121.065,-149.285,0.));
#5589 = DIRECTION('',(0.,0.,1.));
#5590 = DIRECTION('',(1.,0.,-0.));
#5591 = PCURVE('',#144,#5592);
#5592 = DEFINITIONAL_REPRESENTATION('',(#5593),#5601);
#5593 = ( BOUNDED_CURVE() B_SPLINE_CURVE(2,(#5594,#5595,#5596,#5597,
#5598,#5599,#5600),.UNSPECIFIED.,.T.,.F.) B_SPLINE_CURVE_WITH_KNOTS((1,2
    ,2,2,2,1),(-2.094395102393,0.,2.094395102393,4.188790204786,
6.28318530718,8.377580409573),.UNSPECIFIED.) CURVE() 
GEOMETRIC_REPRESENTATION_ITEM() RATIONAL_B_SPLINE_CURVE((1.,0.5,1.,0.5,
1.,0.5,1.)) REPRESENTATION_ITEM('') );
#5594 = CARTESIAN_POINT('',(75.935,30.715));
#5595 = CARTESIAN_POINT('',(75.935,31.581025403784));
#5596 = CARTESIAN_POINT('',(76.685,31.148012701892));
#5597 = CARTESIAN_POINT('',(77.435,30.715));
#5598 = CARTESIAN_POINT('',(76.685,30.281987298108));
#5599 = CARTESIAN_POINT('',(75.935,29.848974596216));
#5600 = CARTESIAN_POINT('',(75.935,30.715));
#5601 = ( GEOMETRIC_REPRESENTATION_CONTEXT(2) 
PARAMETRIC_REPRESENTATION_CONTEXT() REPRESENTATION_CONTEXT('2D SPACE',''
  ) );
#5602 = PCURVE('',#5603,#5608);
#5603 = CYLINDRICAL_SURFACE('',#5604,0.5);
#5604 = AXIS2_PLACEMENT_3D('',#5605,#5606,#5607);
#5605 = CARTESIAN_POINT('',(121.065,-149.285,-1.E-02));
#5606 = DIRECTION('',(0.,0.,1.));
#5607 = DIRECTION('',(1.,0.,-0.));
#5608 = DEFINITIONAL_REPRESENTATION('',(#5609),#5613);
#5609 = LINE('',#5610,#5611);
#5610 = CARTESIAN_POINT('',(0.,1.E-02));
#5611 = VECTOR('',#5612,1.);
#5612 = DIRECTION('',(1.,0.));
#5613 = ( GEOMETRIC_REPRESENTATION_CONTEXT(2) 
PARAMETRIC_REPRESENTATION_CONTEXT() REPRESENTATION_CONTEXT('2D SPACE',''
  ) );
#5614 = FACE_BOUND('',#5615,.T.);
#5615 = EDGE_LOOP('',(#5616));
#5616 = ORIENTED_EDGE('',*,*,#5617,.T.);
#5617 = EDGE_CURVE('',#5618,#5618,#5620,.T.);
#5618 = VERTEX_POINT('',#5619);
#5619 = CARTESIAN_POINT('',(116.485,-149.275,0.));
#5620 = SURFACE_CURVE('',#5621,(#5626,#5637),.PCURVE_S1.);
#5621 = CIRCLE('',#5622,0.5);
#5622 = AXIS2_PLACEMENT_3D('',#5623,#5624,#5625);
#5623 = CARTESIAN_POINT('',(115.985,-149.275,0.));
#5624 = DIRECTION('',(0.,0.,1.));
#5625 = DIRECTION('',(1.,0.,-0.));
#5626 = PCURVE('',#144,#5627);
#5627 = DEFINITIONAL_REPRESENTATION('',(#5628),#5636);
#5628 = ( BOUNDED_CURVE() B_SPLINE_CURVE(2,(#5629,#5630,#5631,#5632,
#5633,#5634,#5635),.UNSPECIFIED.,.T.,.F.) B_SPLINE_CURVE_WITH_KNOTS((1,2
    ,2,2,2,1),(-2.094395102393,0.,2.094395102393,4.188790204786,
6.28318530718,8.377580409573),.UNSPECIFIED.) CURVE() 
GEOMETRIC_REPRESENTATION_ITEM() RATIONAL_B_SPLINE_CURVE((1.,0.5,1.,0.5,
1.,0.5,1.)) REPRESENTATION_ITEM('') );
#5629 = CARTESIAN_POINT('',(81.015,30.725));
#5630 = CARTESIAN_POINT('',(81.015,31.591025403784));
#5631 = CARTESIAN_POINT('',(81.765,31.158012701892));
#5632 = CARTESIAN_POINT('',(82.515,30.725));
#5633 = CARTESIAN_POINT('',(81.765,30.291987298108));
#5634 = CARTESIAN_POINT('',(81.015,29.858974596216));
#5635 = CARTESIAN_POINT('',(81.015,30.725));
#5636 = ( GEOMETRIC_REPRESENTATION_CONTEXT(2) 
PARAMETRIC_REPRESENTATION_CONTEXT() REPRESENTATION_CONTEXT('2D SPACE',''
  ) );
#5637 = PCURVE('',#5638,#5643);
#5638 = CYLINDRICAL_SURFACE('',#5639,0.5);
#5639 = AXIS2_PLACEMENT_3D('',#5640,#5641,#5642);
#5640 = CARTESIAN_POINT('',(115.985,-149.275,-1.E-02));
#5641 = DIRECTION('',(0.,0.,1.));
#5642 = DIRECTION('',(1.,0.,-0.));
#5643 = DEFINITIONAL_REPRESENTATION('',(#5644),#5648);
#5644 = LINE('',#5645,#5646);
#5645 = CARTESIAN_POINT('',(0.,1.E-02));
#5646 = VECTOR('',#5647,1.);
#5647 = DIRECTION('',(1.,0.));
#5648 = ( GEOMETRIC_REPRESENTATION_CONTEXT(2) 
PARAMETRIC_REPRESENTATION_CONTEXT() REPRESENTATION_CONTEXT('2D SPACE',''
  ) );
#5649 = FACE_BOUND('',#5650,.T.);
#5650 = EDGE_LOOP('',(#5651));
#5651 = ORIENTED_EDGE('',*,*,#5652,.T.);
#5652 = EDGE_CURVE('',#5653,#5653,#5655,.T.);
#5653 = VERTEX_POINT('',#5654);
#5654 = CARTESIAN_POINT('',(111.23,-150.,0.));
#5655 = SURFACE_CURVE('',#5656,(#5661,#5672),.PCURVE_S1.);
#5656 = CIRCLE('',#5657,0.7);
#5657 = AXIS2_PLACEMENT_3D('',#5658,#5659,#5660);
#5658 = CARTESIAN_POINT('',(110.53,-150.,0.));
#5659 = DIRECTION('',(0.,0.,1.));
#5660 = DIRECTION('',(1.,0.,-0.));
#5661 = PCURVE('',#144,#5662);
#5662 = DEFINITIONAL_REPRESENTATION('',(#5663),#5671);
#5663 = ( BOUNDED_CURVE() B_SPLINE_CURVE(2,(#5664,#5665,#5666,#5667,
#5668,#5669,#5670),.UNSPECIFIED.,.T.,.F.) B_SPLINE_CURVE_WITH_KNOTS((1,2
    ,2,2,2,1),(-2.094395102393,0.,2.094395102393,4.188790204786,
6.28318530718,8.377580409573),.UNSPECIFIED.) CURVE() 
GEOMETRIC_REPRESENTATION_ITEM() RATIONAL_B_SPLINE_CURVE((1.,0.5,1.,0.5,
1.,0.5,1.)) REPRESENTATION_ITEM('') );
#5664 = CARTESIAN_POINT('',(86.27,30.));
#5665 = CARTESIAN_POINT('',(86.27,31.212435565298));
#5666 = CARTESIAN_POINT('',(87.32,30.606217782649));
#5667 = CARTESIAN_POINT('',(88.37,30.));
#5668 = CARTESIAN_POINT('',(87.32,29.393782217351));
#5669 = CARTESIAN_POINT('',(86.27,28.787564434702));
#5670 = CARTESIAN_POINT('',(86.27,30.));
#5671 = ( GEOMETRIC_REPRESENTATION_CONTEXT(2) 
PARAMETRIC_REPRESENTATION_CONTEXT() REPRESENTATION_CONTEXT('2D SPACE',''
  ) );
#5672 = PCURVE('',#5673,#5678);
#5673 = CYLINDRICAL_SURFACE('',#5674,0.7);
#5674 = AXIS2_PLACEMENT_3D('',#5675,#5676,#5677);
#5675 = CARTESIAN_POINT('',(110.53,-150.,-1.E-02));
#5676 = DIRECTION('',(0.,0.,1.));
#5677 = DIRECTION('',(1.,0.,-0.));
#5678 = DEFINITIONAL_REPRESENTATION('',(#5679),#5683);
#5679 = LINE('',#5680,#5681);
#5680 = CARTESIAN_POINT('',(0.,1.E-02));
#5681 = VECTOR('',#5682,1.);
#5682 = DIRECTION('',(1.,0.));
#5683 = ( GEOMETRIC_REPRESENTATION_CONTEXT(2) 
PARAMETRIC_REPRESENTATION_CONTEXT() REPRESENTATION_CONTEXT('2D SPACE',''
  ) );
#5684 = FACE_BOUND('',#5685,.T.);
#5685 = EDGE_LOOP('',(#5686));
#5686 = ORIENTED_EDGE('',*,*,#5687,.T.);
#5687 = EDGE_CURVE('',#5688,#5688,#5690,.T.);
#5688 = VERTEX_POINT('',#5689);
#5689 = CARTESIAN_POINT('',(192.45,-130.2,0.));
#5690 = SURFACE_CURVE('',#5691,(#5696,#5707),.PCURVE_S1.);
#5691 = CIRCLE('',#5692,0.65);
#5692 = AXIS2_PLACEMENT_3D('',#5693,#5694,#5695);
#5693 = CARTESIAN_POINT('',(191.8,-130.2,0.));
#5694 = DIRECTION('',(0.,0.,1.));
#5695 = DIRECTION('',(1.,0.,-0.));
#5696 = PCURVE('',#144,#5697);
#5697 = DEFINITIONAL_REPRESENTATION('',(#5698),#5706);
#5698 = ( BOUNDED_CURVE() B_SPLINE_CURVE(2,(#5699,#5700,#5701,#5702,
#5703,#5704,#5705),.UNSPECIFIED.,.T.,.F.) B_SPLINE_CURVE_WITH_KNOTS((1,2
    ,2,2,2,1),(-2.094395102393,0.,2.094395102393,4.188790204786,
6.28318530718,8.377580409573),.UNSPECIFIED.) CURVE() 
GEOMETRIC_REPRESENTATION_ITEM() RATIONAL_B_SPLINE_CURVE((1.,0.5,1.,0.5,
1.,0.5,1.)) REPRESENTATION_ITEM('') );
#5699 = CARTESIAN_POINT('',(5.05,49.8));
#5700 = CARTESIAN_POINT('',(5.05,50.92583302492));
#5701 = CARTESIAN_POINT('',(6.025,50.36291651246));
#5702 = CARTESIAN_POINT('',(7.,49.8));
#5703 = CARTESIAN_POINT('',(6.025,49.23708348754));
#5704 = CARTESIAN_POINT('',(5.05,48.67416697508));
#5705 = CARTESIAN_POINT('',(5.05,49.8));
#5706 = ( GEOMETRIC_REPRESENTATION_CONTEXT(2) 
PARAMETRIC_REPRESENTATION_CONTEXT() REPRESENTATION_CONTEXT('2D SPACE',''
  ) );
#5707 = PCURVE('',#5708,#5713);
#5708 = CYLINDRICAL_SURFACE('',#5709,0.65);
#5709 = AXIS2_PLACEMENT_3D('',#5710,#5711,#5712);
#5710 = CARTESIAN_POINT('',(191.8,-130.2,-1.E-02));
#5711 = DIRECTION('',(0.,0.,1.));
#5712 = DIRECTION('',(1.,0.,-0.));
#5713 = DEFINITIONAL_REPRESENTATION('',(#5714),#5718);
#5714 = LINE('',#5715,#5716);
#5715 = CARTESIAN_POINT('',(0.,1.E-02));
#5716 = VECTOR('',#5717,1.);
#5717 = DIRECTION('',(1.,0.));
#5718 = ( GEOMETRIC_REPRESENTATION_CONTEXT(2) 
PARAMETRIC_REPRESENTATION_CONTEXT() REPRESENTATION_CONTEXT('2D SPACE',''
  ) );
#5719 = FACE_BOUND('',#5720,.T.);
#5720 = EDGE_LOOP('',(#5721));
#5721 = ORIENTED_EDGE('',*,*,#5722,.T.);
#5722 = EDGE_CURVE('',#5723,#5723,#5725,.T.);
#5723 = VERTEX_POINT('',#5724);
#5724 = CARTESIAN_POINT('',(180.45,-130.2,0.));
#5725 = SURFACE_CURVE('',#5726,(#5731,#5742),.PCURVE_S1.);
#5726 = CIRCLE('',#5727,0.65);
#5727 = AXIS2_PLACEMENT_3D('',#5728,#5729,#5730);
#5728 = CARTESIAN_POINT('',(179.8,-130.2,0.));
#5729 = DIRECTION('',(0.,0.,1.));
#5730 = DIRECTION('',(1.,0.,-0.));
#5731 = PCURVE('',#144,#5732);
#5732 = DEFINITIONAL_REPRESENTATION('',(#5733),#5741);
#5733 = ( BOUNDED_CURVE() B_SPLINE_CURVE(2,(#5734,#5735,#5736,#5737,
#5738,#5739,#5740),.UNSPECIFIED.,.T.,.F.) B_SPLINE_CURVE_WITH_KNOTS((1,2
    ,2,2,2,1),(-2.094395102393,0.,2.094395102393,4.188790204786,
6.28318530718,8.377580409573),.UNSPECIFIED.) CURVE() 
GEOMETRIC_REPRESENTATION_ITEM() RATIONAL_B_SPLINE_CURVE((1.,0.5,1.,0.5,
1.,0.5,1.)) REPRESENTATION_ITEM('') );
#5734 = CARTESIAN_POINT('',(17.05,49.8));
#5735 = CARTESIAN_POINT('',(17.05,50.92583302492));
#5736 = CARTESIAN_POINT('',(18.025,50.36291651246));
#5737 = CARTESIAN_POINT('',(19.,49.8));
#5738 = CARTESIAN_POINT('',(18.025,49.23708348754));
#5739 = CARTESIAN_POINT('',(17.05,48.67416697508));
#5740 = CARTESIAN_POINT('',(17.05,49.8));
#5741 = ( GEOMETRIC_REPRESENTATION_CONTEXT(2) 
PARAMETRIC_REPRESENTATION_CONTEXT() REPRESENTATION_CONTEXT('2D SPACE',''
  ) );
#5742 = PCURVE('',#5743,#5748);
#5743 = CYLINDRICAL_SURFACE('',#5744,0.65);
#5744 = AXIS2_PLACEMENT_3D('',#5745,#5746,#5747);
#5745 = CARTESIAN_POINT('',(179.8,-130.2,-1.E-02));
#5746 = DIRECTION('',(0.,0.,1.));
#5747 = DIRECTION('',(1.,0.,-0.));
#5748 = DEFINITIONAL_REPRESENTATION('',(#5749),#5753);
#5749 = LINE('',#5750,#5751);
#5750 = CARTESIAN_POINT('',(0.,1.E-02));
#5751 = VECTOR('',#5752,1.);
#5752 = DIRECTION('',(1.,0.));
#5753 = ( GEOMETRIC_REPRESENTATION_CONTEXT(2) 
PARAMETRIC_REPRESENTATION_CONTEXT() REPRESENTATION_CONTEXT('2D SPACE',''
  ) );
#5754 = FACE_BOUND('',#5755,.T.);
#5755 = EDGE_LOOP('',(#5756));
#5756 = ORIENTED_EDGE('',*,*,#5757,.T.);
#5757 = EDGE_CURVE('',#5758,#5758,#5760,.T.);
#5758 = VERTEX_POINT('',#5759);
#5759 = CARTESIAN_POINT('',(169.45,-130.2,0.));
#5760 = SURFACE_CURVE('',#5761,(#5766,#5777),.PCURVE_S1.);
#5761 = CIRCLE('',#5762,0.65);
#5762 = AXIS2_PLACEMENT_3D('',#5763,#5764,#5765);
#5763 = CARTESIAN_POINT('',(168.8,-130.2,0.));
#5764 = DIRECTION('',(0.,0.,1.));
#5765 = DIRECTION('',(1.,0.,-0.));
#5766 = PCURVE('',#144,#5767);
#5767 = DEFINITIONAL_REPRESENTATION('',(#5768),#5776);
#5768 = ( BOUNDED_CURVE() B_SPLINE_CURVE(2,(#5769,#5770,#5771,#5772,
#5773,#5774,#5775),.UNSPECIFIED.,.T.,.F.) B_SPLINE_CURVE_WITH_KNOTS((1,2
    ,2,2,2,1),(-2.094395102393,0.,2.094395102393,4.188790204786,
6.28318530718,8.377580409573),.UNSPECIFIED.) CURVE() 
GEOMETRIC_REPRESENTATION_ITEM() RATIONAL_B_SPLINE_CURVE((1.,0.5,1.,0.5,
1.,0.5,1.)) REPRESENTATION_ITEM('') );
#5769 = CARTESIAN_POINT('',(28.05,49.8));
#5770 = CARTESIAN_POINT('',(28.05,50.92583302492));
#5771 = CARTESIAN_POINT('',(29.025,50.36291651246));
#5772 = CARTESIAN_POINT('',(30.,49.8));
#5773 = CARTESIAN_POINT('',(29.025,49.23708348754));
#5774 = CARTESIAN_POINT('',(28.05,48.67416697508));
#5775 = CARTESIAN_POINT('',(28.05,49.8));
#5776 = ( GEOMETRIC_REPRESENTATION_CONTEXT(2) 
PARAMETRIC_REPRESENTATION_CONTEXT() REPRESENTATION_CONTEXT('2D SPACE',''
  ) );
#5777 = PCURVE('',#5778,#5783);
#5778 = CYLINDRICAL_SURFACE('',#5779,0.65);
#5779 = AXIS2_PLACEMENT_3D('',#5780,#5781,#5782);
#5780 = CARTESIAN_POINT('',(168.8,-130.2,-1.E-02));
#5781 = DIRECTION('',(0.,0.,1.));
#5782 = DIRECTION('',(1.,0.,-0.));
#5783 = DEFINITIONAL_REPRESENTATION('',(#5784),#5788);
#5784 = LINE('',#5785,#5786);
#5785 = CARTESIAN_POINT('',(0.,1.E-02));
#5786 = VECTOR('',#5787,1.);
#5787 = DIRECTION('',(1.,0.));
#5788 = ( GEOMETRIC_REPRESENTATION_CONTEXT(2) 
PARAMETRIC_REPRESENTATION_CONTEXT() REPRESENTATION_CONTEXT('2D SPACE',''
  ) );
#5789 = FACE_BOUND('',#5790,.T.);
#5790 = EDGE_LOOP('',(#5791));
#5791 = ORIENTED_EDGE('',*,*,#5792,.T.);
#5792 = EDGE_CURVE('',#5793,#5793,#5795,.T.);
#5793 = VERTEX_POINT('',#5794);
#5794 = CARTESIAN_POINT('',(157.45,-130.2,0.));
#5795 = SURFACE_CURVE('',#5796,(#5801,#5812),.PCURVE_S1.);
#5796 = CIRCLE('',#5797,0.65);
#5797 = AXIS2_PLACEMENT_3D('',#5798,#5799,#5800);
#5798 = CARTESIAN_POINT('',(156.8,-130.2,0.));
#5799 = DIRECTION('',(0.,0.,1.));
#5800 = DIRECTION('',(1.,0.,-0.));
#5801 = PCURVE('',#144,#5802);
#5802 = DEFINITIONAL_REPRESENTATION('',(#5803),#5811);
#5803 = ( BOUNDED_CURVE() B_SPLINE_CURVE(2,(#5804,#5805,#5806,#5807,
#5808,#5809,#5810),.UNSPECIFIED.,.T.,.F.) B_SPLINE_CURVE_WITH_KNOTS((1,2
    ,2,2,2,1),(-2.094395102393,0.,2.094395102393,4.188790204786,
6.28318530718,8.377580409573),.UNSPECIFIED.) CURVE() 
GEOMETRIC_REPRESENTATION_ITEM() RATIONAL_B_SPLINE_CURVE((1.,0.5,1.,0.5,
1.,0.5,1.)) REPRESENTATION_ITEM('') );
#5804 = CARTESIAN_POINT('',(40.05,49.8));
#5805 = CARTESIAN_POINT('',(40.05,50.92583302492));
#5806 = CARTESIAN_POINT('',(41.025,50.36291651246));
#5807 = CARTESIAN_POINT('',(42.,49.8));
#5808 = CARTESIAN_POINT('',(41.025,49.23708348754));
#5809 = CARTESIAN_POINT('',(40.05,48.67416697508));
#5810 = CARTESIAN_POINT('',(40.05,49.8));
#5811 = ( GEOMETRIC_REPRESENTATION_CONTEXT(2) 
PARAMETRIC_REPRESENTATION_CONTEXT() REPRESENTATION_CONTEXT('2D SPACE',''
  ) );
#5812 = PCURVE('',#5813,#5818);
#5813 = CYLINDRICAL_SURFACE('',#5814,0.65);
#5814 = AXIS2_PLACEMENT_3D('',#5815,#5816,#5817);
#5815 = CARTESIAN_POINT('',(156.8,-130.2,-1.E-02));
#5816 = DIRECTION('',(0.,0.,1.));
#5817 = DIRECTION('',(1.,0.,-0.));
#5818 = DEFINITIONAL_REPRESENTATION('',(#5819),#5823);
#5819 = LINE('',#5820,#5821);
#5820 = CARTESIAN_POINT('',(0.,1.E-02));
#5821 = VECTOR('',#5822,1.);
#5822 = DIRECTION('',(1.,0.));
#5823 = ( GEOMETRIC_REPRESENTATION_CONTEXT(2) 
PARAMETRIC_REPRESENTATION_CONTEXT() REPRESENTATION_CONTEXT('2D SPACE',''
  ) );
#5824 = FACE_BOUND('',#5825,.T.);
#5825 = EDGE_LOOP('',(#5826));
#5826 = ORIENTED_EDGE('',*,*,#5827,.T.);
#5827 = EDGE_CURVE('',#5828,#5828,#5830,.T.);
#5828 = VERTEX_POINT('',#5829);
#5829 = CARTESIAN_POINT('',(192.45,-118.,0.));
#5830 = SURFACE_CURVE('',#5831,(#5836,#5847),.PCURVE_S1.);
#5831 = CIRCLE('',#5832,0.65);
#5832 = AXIS2_PLACEMENT_3D('',#5833,#5834,#5835);
#5833 = CARTESIAN_POINT('',(191.8,-118.,0.));
#5834 = DIRECTION('',(0.,0.,1.));
#5835 = DIRECTION('',(1.,0.,-0.));
#5836 = PCURVE('',#144,#5837);
#5837 = DEFINITIONAL_REPRESENTATION('',(#5838),#5846);
#5838 = ( BOUNDED_CURVE() B_SPLINE_CURVE(2,(#5839,#5840,#5841,#5842,
#5843,#5844,#5845),.UNSPECIFIED.,.T.,.F.) B_SPLINE_CURVE_WITH_KNOTS((1,2
    ,2,2,2,1),(-2.094395102393,0.,2.094395102393,4.188790204786,
6.28318530718,8.377580409573),.UNSPECIFIED.) CURVE() 
GEOMETRIC_REPRESENTATION_ITEM() RATIONAL_B_SPLINE_CURVE((1.,0.5,1.,0.5,
1.,0.5,1.)) REPRESENTATION_ITEM('') );
#5839 = CARTESIAN_POINT('',(5.05,62.));
#5840 = CARTESIAN_POINT('',(5.05,63.12583302492));
#5841 = CARTESIAN_POINT('',(6.025,62.56291651246));
#5842 = CARTESIAN_POINT('',(7.,62.));
#5843 = CARTESIAN_POINT('',(6.025,61.43708348754));
#5844 = CARTESIAN_POINT('',(5.05,60.87416697508));
#5845 = CARTESIAN_POINT('',(5.05,62.));
#5846 = ( GEOMETRIC_REPRESENTATION_CONTEXT(2) 
PARAMETRIC_REPRESENTATION_CONTEXT() REPRESENTATION_CONTEXT('2D SPACE',''
  ) );
#5847 = PCURVE('',#5848,#5853);
#5848 = CYLINDRICAL_SURFACE('',#5849,0.65);
#5849 = AXIS2_PLACEMENT_3D('',#5850,#5851,#5852);
#5850 = CARTESIAN_POINT('',(191.8,-118.,-1.E-02));
#5851 = DIRECTION('',(0.,0.,1.));
#5852 = DIRECTION('',(1.,0.,-0.));
#5853 = DEFINITIONAL_REPRESENTATION('',(#5854),#5858);
#5854 = LINE('',#5855,#5856);
#5855 = CARTESIAN_POINT('',(0.,1.E-02));
#5856 = VECTOR('',#5857,1.);
#5857 = DIRECTION('',(1.,0.));
#5858 = ( GEOMETRIC_REPRESENTATION_CONTEXT(2) 
PARAMETRIC_REPRESENTATION_CONTEXT() REPRESENTATION_CONTEXT('2D SPACE',''
  ) );
#5859 = FACE_BOUND('',#5860,.T.);
#5860 = EDGE_LOOP('',(#5861));
#5861 = ORIENTED_EDGE('',*,*,#5862,.T.);
#5862 = EDGE_CURVE('',#5863,#5863,#5865,.T.);
#5863 = VERTEX_POINT('',#5864);
#5864 = CARTESIAN_POINT('',(186.45,-116.,0.));
#5865 = SURFACE_CURVE('',#5866,(#5871,#5882),.PCURVE_S1.);
#5866 = CIRCLE('',#5867,0.65);
#5867 = AXIS2_PLACEMENT_3D('',#5868,#5869,#5870);
#5868 = CARTESIAN_POINT('',(185.8,-116.,0.));
#5869 = DIRECTION('',(0.,0.,1.));
#5870 = DIRECTION('',(1.,0.,-0.));
#5871 = PCURVE('',#144,#5872);
#5872 = DEFINITIONAL_REPRESENTATION('',(#5873),#5881);
#5873 = ( BOUNDED_CURVE() B_SPLINE_CURVE(2,(#5874,#5875,#5876,#5877,
#5878,#5879,#5880),.UNSPECIFIED.,.T.,.F.) B_SPLINE_CURVE_WITH_KNOTS((1,2
    ,2,2,2,1),(-2.094395102393,0.,2.094395102393,4.188790204786,
6.28318530718,8.377580409573),.UNSPECIFIED.) CURVE() 
GEOMETRIC_REPRESENTATION_ITEM() RATIONAL_B_SPLINE_CURVE((1.,0.5,1.,0.5,
1.,0.5,1.)) REPRESENTATION_ITEM('') );
#5874 = CARTESIAN_POINT('',(11.05,64.));
#5875 = CARTESIAN_POINT('',(11.05,65.12583302492));
#5876 = CARTESIAN_POINT('',(12.025,64.56291651246));
#5877 = CARTESIAN_POINT('',(13.,64.));
#5878 = CARTESIAN_POINT('',(12.025,63.43708348754));
#5879 = CARTESIAN_POINT('',(11.05,62.87416697508));
#5880 = CARTESIAN_POINT('',(11.05,64.));
#5881 = ( GEOMETRIC_REPRESENTATION_CONTEXT(2) 
PARAMETRIC_REPRESENTATION_CONTEXT() REPRESENTATION_CONTEXT('2D SPACE',''
  ) );
#5882 = PCURVE('',#5883,#5888);
#5883 = CYLINDRICAL_SURFACE('',#5884,0.65);
#5884 = AXIS2_PLACEMENT_3D('',#5885,#5886,#5887);
#5885 = CARTESIAN_POINT('',(185.8,-116.,-1.E-02));
#5886 = DIRECTION('',(0.,0.,1.));
#5887 = DIRECTION('',(1.,0.,-0.));
#5888 = DEFINITIONAL_REPRESENTATION('',(#5889),#5893);
#5889 = LINE('',#5890,#5891);
#5890 = CARTESIAN_POINT('',(0.,1.E-02));
#5891 = VECTOR('',#5892,1.);
#5892 = DIRECTION('',(1.,0.));
#5893 = ( GEOMETRIC_REPRESENTATION_CONTEXT(2) 
PARAMETRIC_REPRESENTATION_CONTEXT() REPRESENTATION_CONTEXT('2D SPACE',''
  ) );
#5894 = FACE_BOUND('',#5895,.T.);
#5895 = EDGE_LOOP('',(#5896));
#5896 = ORIENTED_EDGE('',*,*,#5897,.T.);
#5897 = EDGE_CURVE('',#5898,#5898,#5900,.T.);
#5898 = VERTEX_POINT('',#5899);
#5899 = CARTESIAN_POINT('',(180.45,-118.,0.));
#5900 = SURFACE_CURVE('',#5901,(#5906,#5917),.PCURVE_S1.);
#5901 = CIRCLE('',#5902,0.65);
#5902 = AXIS2_PLACEMENT_3D('',#5903,#5904,#5905);
#5903 = CARTESIAN_POINT('',(179.8,-118.,0.));
#5904 = DIRECTION('',(0.,0.,1.));
#5905 = DIRECTION('',(1.,0.,-0.));
#5906 = PCURVE('',#144,#5907);
#5907 = DEFINITIONAL_REPRESENTATION('',(#5908),#5916);
#5908 = ( BOUNDED_CURVE() B_SPLINE_CURVE(2,(#5909,#5910,#5911,#5912,
#5913,#5914,#5915),.UNSPECIFIED.,.T.,.F.) B_SPLINE_CURVE_WITH_KNOTS((1,2
    ,2,2,2,1),(-2.094395102393,0.,2.094395102393,4.188790204786,
6.28318530718,8.377580409573),.UNSPECIFIED.) CURVE() 
GEOMETRIC_REPRESENTATION_ITEM() RATIONAL_B_SPLINE_CURVE((1.,0.5,1.,0.5,
1.,0.5,1.)) REPRESENTATION_ITEM('') );
#5909 = CARTESIAN_POINT('',(17.05,62.));
#5910 = CARTESIAN_POINT('',(17.05,63.12583302492));
#5911 = CARTESIAN_POINT('',(18.025,62.56291651246));
#5912 = CARTESIAN_POINT('',(19.,62.));
#5913 = CARTESIAN_POINT('',(18.025,61.43708348754));
#5914 = CARTESIAN_POINT('',(17.05,60.87416697508));
#5915 = CARTESIAN_POINT('',(17.05,62.));
#5916 = ( GEOMETRIC_REPRESENTATION_CONTEXT(2) 
PARAMETRIC_REPRESENTATION_CONTEXT() REPRESENTATION_CONTEXT('2D SPACE',''
  ) );
#5917 = PCURVE('',#5918,#5923);
#5918 = CYLINDRICAL_SURFACE('',#5919,0.65);
#5919 = AXIS2_PLACEMENT_3D('',#5920,#5921,#5922);
#5920 = CARTESIAN_POINT('',(179.8,-118.,-1.E-02));
#5921 = DIRECTION('',(0.,0.,1.));
#5922 = DIRECTION('',(1.,0.,-0.));
#5923 = DEFINITIONAL_REPRESENTATION('',(#5924),#5928);
#5924 = LINE('',#5925,#5926);
#5925 = CARTESIAN_POINT('',(0.,1.E-02));
#5926 = VECTOR('',#5927,1.);
#5927 = DIRECTION('',(1.,0.));
#5928 = ( GEOMETRIC_REPRESENTATION_CONTEXT(2) 
PARAMETRIC_REPRESENTATION_CONTEXT() REPRESENTATION_CONTEXT('2D SPACE',''
  ) );
#5929 = FACE_BOUND('',#5930,.T.);
#5930 = EDGE_LOOP('',(#5931));
#5931 = ORIENTED_EDGE('',*,*,#5932,.T.);
#5932 = EDGE_CURVE('',#5933,#5933,#5935,.T.);
#5933 = VERTEX_POINT('',#5934);
#5934 = CARTESIAN_POINT('',(191.58,-110.53,0.));
#5935 = SURFACE_CURVE('',#5936,(#5941,#5952),.PCURVE_S1.);
#5936 = CIRCLE('',#5937,0.7);
#5937 = AXIS2_PLACEMENT_3D('',#5938,#5939,#5940);
#5938 = CARTESIAN_POINT('',(190.88,-110.53,0.));
#5939 = DIRECTION('',(0.,0.,1.));
#5940 = DIRECTION('',(1.,0.,-0.));
#5941 = PCURVE('',#144,#5942);
#5942 = DEFINITIONAL_REPRESENTATION('',(#5943),#5951);
#5943 = ( BOUNDED_CURVE() B_SPLINE_CURVE(2,(#5944,#5945,#5946,#5947,
#5948,#5949,#5950),.UNSPECIFIED.,.T.,.F.) B_SPLINE_CURVE_WITH_KNOTS((1,2
    ,2,2,2,1),(-2.094395102393,0.,2.094395102393,4.188790204786,
6.28318530718,8.377580409573),.UNSPECIFIED.) CURVE() 
GEOMETRIC_REPRESENTATION_ITEM() RATIONAL_B_SPLINE_CURVE((1.,0.5,1.,0.5,
1.,0.5,1.)) REPRESENTATION_ITEM('') );
#5944 = CARTESIAN_POINT('',(5.92,69.47));
#5945 = CARTESIAN_POINT('',(5.92,70.682435565298));
#5946 = CARTESIAN_POINT('',(6.97,70.076217782649));
#5947 = CARTESIAN_POINT('',(8.02,69.47));
#5948 = CARTESIAN_POINT('',(6.97,68.863782217351));
#5949 = CARTESIAN_POINT('',(5.92,68.257564434702));
#5950 = CARTESIAN_POINT('',(5.92,69.47));
#5951 = ( GEOMETRIC_REPRESENTATION_CONTEXT(2) 
PARAMETRIC_REPRESENTATION_CONTEXT() REPRESENTATION_CONTEXT('2D SPACE',''
  ) );
#5952 = PCURVE('',#5953,#5958);
#5953 = CYLINDRICAL_SURFACE('',#5954,0.7);
#5954 = AXIS2_PLACEMENT_3D('',#5955,#5956,#5957);
#5955 = CARTESIAN_POINT('',(190.88,-110.53,-1.E-02));
#5956 = DIRECTION('',(0.,0.,1.));
#5957 = DIRECTION('',(1.,0.,-0.));
#5958 = DEFINITIONAL_REPRESENTATION('',(#5959),#5963);
#5959 = LINE('',#5960,#5961);
#5960 = CARTESIAN_POINT('',(0.,1.E-02));
#5961 = VECTOR('',#5962,1.);
#5962 = DIRECTION('',(1.,0.));
#5963 = ( GEOMETRIC_REPRESENTATION_CONTEXT(2) 
PARAMETRIC_REPRESENTATION_CONTEXT() REPRESENTATION_CONTEXT('2D SPACE',''
  ) );
#5964 = FACE_BOUND('',#5965,.T.);
#5965 = EDGE_LOOP('',(#5966));
#5966 = ORIENTED_EDGE('',*,*,#5967,.T.);
#5967 = EDGE_CURVE('',#5968,#5968,#5970,.T.);
#5968 = VERTEX_POINT('',#5969);
#5969 = CARTESIAN_POINT('',(186.5,-110.53,0.));
#5970 = SURFACE_CURVE('',#5971,(#5976,#5987),.PCURVE_S1.);
#5971 = CIRCLE('',#5972,0.7);
#5972 = AXIS2_PLACEMENT_3D('',#5973,#5974,#5975);
#5973 = CARTESIAN_POINT('',(185.8,-110.53,0.));
#5974 = DIRECTION('',(0.,0.,1.));
#5975 = DIRECTION('',(1.,0.,-0.));
#5976 = PCURVE('',#144,#5977);
#5977 = DEFINITIONAL_REPRESENTATION('',(#5978),#5986);
#5978 = ( BOUNDED_CURVE() B_SPLINE_CURVE(2,(#5979,#5980,#5981,#5982,
#5983,#5984,#5985),.UNSPECIFIED.,.T.,.F.) B_SPLINE_CURVE_WITH_KNOTS((1,2
    ,2,2,2,1),(-2.094395102393,0.,2.094395102393,4.188790204786,
6.28318530718,8.377580409573),.UNSPECIFIED.) CURVE() 
GEOMETRIC_REPRESENTATION_ITEM() RATIONAL_B_SPLINE_CURVE((1.,0.5,1.,0.5,
1.,0.5,1.)) REPRESENTATION_ITEM('') );
#5979 = CARTESIAN_POINT('',(11.,69.47));
#5980 = CARTESIAN_POINT('',(11.,70.682435565298));
#5981 = CARTESIAN_POINT('',(12.05,70.076217782649));
#5982 = CARTESIAN_POINT('',(13.1,69.47));
#5983 = CARTESIAN_POINT('',(12.05,68.863782217351));
#5984 = CARTESIAN_POINT('',(11.,68.257564434702));
#5985 = CARTESIAN_POINT('',(11.,69.47));
#5986 = ( GEOMETRIC_REPRESENTATION_CONTEXT(2) 
PARAMETRIC_REPRESENTATION_CONTEXT() REPRESENTATION_CONTEXT('2D SPACE',''
  ) );
#5987 = PCURVE('',#5988,#5993);
#5988 = CYLINDRICAL_SURFACE('',#5989,0.7);
#5989 = AXIS2_PLACEMENT_3D('',#5990,#5991,#5992);
#5990 = CARTESIAN_POINT('',(185.8,-110.53,-1.E-02));
#5991 = DIRECTION('',(0.,0.,1.));
#5992 = DIRECTION('',(1.,0.,-0.));
#5993 = DEFINITIONAL_REPRESENTATION('',(#5994),#5998);
#5994 = LINE('',#5995,#5996);
#5995 = CARTESIAN_POINT('',(0.,1.E-02));
#5996 = VECTOR('',#5997,1.);
#5997 = DIRECTION('',(1.,0.));
#5998 = ( GEOMETRIC_REPRESENTATION_CONTEXT(2) 
PARAMETRIC_REPRESENTATION_CONTEXT() REPRESENTATION_CONTEXT('2D SPACE',''
  ) );
#5999 = FACE_BOUND('',#6000,.T.);
#6000 = EDGE_LOOP('',(#6001));
#6001 = ORIENTED_EDGE('',*,*,#6002,.T.);
#6002 = EDGE_CURVE('',#6003,#6003,#6005,.T.);
#6003 = VERTEX_POINT('',#6004);
#6004 = CARTESIAN_POINT('',(181.42,-110.53,0.));
#6005 = SURFACE_CURVE('',#6006,(#6011,#6022),.PCURVE_S1.);
#6006 = CIRCLE('',#6007,0.7);
#6007 = AXIS2_PLACEMENT_3D('',#6008,#6009,#6010);
#6008 = CARTESIAN_POINT('',(180.72,-110.53,0.));
#6009 = DIRECTION('',(0.,0.,1.));
#6010 = DIRECTION('',(1.,0.,-0.));
#6011 = PCURVE('',#144,#6012);
#6012 = DEFINITIONAL_REPRESENTATION('',(#6013),#6021);
#6013 = ( BOUNDED_CURVE() B_SPLINE_CURVE(2,(#6014,#6015,#6016,#6017,
#6018,#6019,#6020),.UNSPECIFIED.,.T.,.F.) B_SPLINE_CURVE_WITH_KNOTS((1,2
    ,2,2,2,1),(-2.094395102393,0.,2.094395102393,4.188790204786,
6.28318530718,8.377580409573),.UNSPECIFIED.) CURVE() 
GEOMETRIC_REPRESENTATION_ITEM() RATIONAL_B_SPLINE_CURVE((1.,0.5,1.,0.5,
1.,0.5,1.)) REPRESENTATION_ITEM('') );
#6014 = CARTESIAN_POINT('',(16.08,69.47));
#6015 = CARTESIAN_POINT('',(16.08,70.682435565298));
#6016 = CARTESIAN_POINT('',(17.13,70.076217782649));
#6017 = CARTESIAN_POINT('',(18.18,69.47));
#6018 = CARTESIAN_POINT('',(17.13,68.863782217351));
#6019 = CARTESIAN_POINT('',(16.08,68.257564434702));
#6020 = CARTESIAN_POINT('',(16.08,69.47));
#6021 = ( GEOMETRIC_REPRESENTATION_CONTEXT(2) 
PARAMETRIC_REPRESENTATION_CONTEXT() REPRESENTATION_CONTEXT('2D SPACE',''
  ) );
#6022 = PCURVE('',#6023,#6028);
#6023 = CYLINDRICAL_SURFACE('',#6024,0.7);
#6024 = AXIS2_PLACEMENT_3D('',#6025,#6026,#6027);
#6025 = CARTESIAN_POINT('',(180.72,-110.53,-1.E-02));
#6026 = DIRECTION('',(0.,0.,1.));
#6027 = DIRECTION('',(1.,0.,-0.));
#6028 = DEFINITIONAL_REPRESENTATION('',(#6029),#6033);
#6029 = LINE('',#6030,#6031);
#6030 = CARTESIAN_POINT('',(0.,1.E-02));
#6031 = VECTOR('',#6032,1.);
#6032 = DIRECTION('',(1.,0.));
#6033 = ( GEOMETRIC_REPRESENTATION_CONTEXT(2) 
PARAMETRIC_REPRESENTATION_CONTEXT() REPRESENTATION_CONTEXT('2D SPACE',''
  ) );
#6034 = FACE_BOUND('',#6035,.T.);
#6035 = EDGE_LOOP('',(#6036));
#6036 = ORIENTED_EDGE('',*,*,#6037,.T.);
#6037 = EDGE_CURVE('',#6038,#6038,#6040,.T.);
#6038 = VERTEX_POINT('',#6039);
#6039 = CARTESIAN_POINT('',(169.45,-118.,0.));
#6040 = SURFACE_CURVE('',#6041,(#6046,#6057),.PCURVE_S1.);
#6041 = CIRCLE('',#6042,0.65);
#6042 = AXIS2_PLACEMENT_3D('',#6043,#6044,#6045);
#6043 = CARTESIAN_POINT('',(168.8,-118.,0.));
#6044 = DIRECTION('',(0.,0.,1.));
#6045 = DIRECTION('',(1.,0.,-0.));
#6046 = PCURVE('',#144,#6047);
#6047 = DEFINITIONAL_REPRESENTATION('',(#6048),#6056);
#6048 = ( BOUNDED_CURVE() B_SPLINE_CURVE(2,(#6049,#6050,#6051,#6052,
#6053,#6054,#6055),.UNSPECIFIED.,.T.,.F.) B_SPLINE_CURVE_WITH_KNOTS((1,2
    ,2,2,2,1),(-2.094395102393,0.,2.094395102393,4.188790204786,
6.28318530718,8.377580409573),.UNSPECIFIED.) CURVE() 
GEOMETRIC_REPRESENTATION_ITEM() RATIONAL_B_SPLINE_CURVE((1.,0.5,1.,0.5,
1.,0.5,1.)) REPRESENTATION_ITEM('') );
#6049 = CARTESIAN_POINT('',(28.05,62.));
#6050 = CARTESIAN_POINT('',(28.05,63.12583302492));
#6051 = CARTESIAN_POINT('',(29.025,62.56291651246));
#6052 = CARTESIAN_POINT('',(30.,62.));
#6053 = CARTESIAN_POINT('',(29.025,61.43708348754));
#6054 = CARTESIAN_POINT('',(28.05,60.87416697508));
#6055 = CARTESIAN_POINT('',(28.05,62.));
#6056 = ( GEOMETRIC_REPRESENTATION_CONTEXT(2) 
PARAMETRIC_REPRESENTATION_CONTEXT() REPRESENTATION_CONTEXT('2D SPACE',''
  ) );
#6057 = PCURVE('',#6058,#6063);
#6058 = CYLINDRICAL_SURFACE('',#6059,0.65);
#6059 = AXIS2_PLACEMENT_3D('',#6060,#6061,#6062);
#6060 = CARTESIAN_POINT('',(168.8,-118.,-1.E-02));
#6061 = DIRECTION('',(0.,0.,1.));
#6062 = DIRECTION('',(1.,0.,-0.));
#6063 = DEFINITIONAL_REPRESENTATION('',(#6064),#6068);
#6064 = LINE('',#6065,#6066);
#6065 = CARTESIAN_POINT('',(0.,1.E-02));
#6066 = VECTOR('',#6067,1.);
#6067 = DIRECTION('',(1.,0.));
#6068 = ( GEOMETRIC_REPRESENTATION_CONTEXT(2) 
PARAMETRIC_REPRESENTATION_CONTEXT() REPRESENTATION_CONTEXT('2D SPACE',''
  ) );
#6069 = FACE_BOUND('',#6070,.T.);
#6070 = EDGE_LOOP('',(#6071));
#6071 = ORIENTED_EDGE('',*,*,#6072,.T.);
#6072 = EDGE_CURVE('',#6073,#6073,#6075,.T.);
#6073 = VERTEX_POINT('',#6074);
#6074 = CARTESIAN_POINT('',(163.45,-116.,0.));
#6075 = SURFACE_CURVE('',#6076,(#6081,#6092),.PCURVE_S1.);
#6076 = CIRCLE('',#6077,0.65);
#6077 = AXIS2_PLACEMENT_3D('',#6078,#6079,#6080);
#6078 = CARTESIAN_POINT('',(162.8,-116.,0.));
#6079 = DIRECTION('',(0.,0.,1.));
#6080 = DIRECTION('',(1.,0.,-0.));
#6081 = PCURVE('',#144,#6082);
#6082 = DEFINITIONAL_REPRESENTATION('',(#6083),#6091);
#6083 = ( BOUNDED_CURVE() B_SPLINE_CURVE(2,(#6084,#6085,#6086,#6087,
#6088,#6089,#6090),.UNSPECIFIED.,.T.,.F.) B_SPLINE_CURVE_WITH_KNOTS((1,2
    ,2,2,2,1),(-2.094395102393,0.,2.094395102393,4.188790204786,
6.28318530718,8.377580409573),.UNSPECIFIED.) CURVE() 
GEOMETRIC_REPRESENTATION_ITEM() RATIONAL_B_SPLINE_CURVE((1.,0.5,1.,0.5,
1.,0.5,1.)) REPRESENTATION_ITEM('') );
#6084 = CARTESIAN_POINT('',(34.05,64.));
#6085 = CARTESIAN_POINT('',(34.05,65.12583302492));
#6086 = CARTESIAN_POINT('',(35.025,64.56291651246));
#6087 = CARTESIAN_POINT('',(36.,64.));
#6088 = CARTESIAN_POINT('',(35.025,63.43708348754));
#6089 = CARTESIAN_POINT('',(34.05,62.87416697508));
#6090 = CARTESIAN_POINT('',(34.05,64.));
#6091 = ( GEOMETRIC_REPRESENTATION_CONTEXT(2) 
PARAMETRIC_REPRESENTATION_CONTEXT() REPRESENTATION_CONTEXT('2D SPACE',''
  ) );
#6092 = PCURVE('',#6093,#6098);
#6093 = CYLINDRICAL_SURFACE('',#6094,0.65);
#6094 = AXIS2_PLACEMENT_3D('',#6095,#6096,#6097);
#6095 = CARTESIAN_POINT('',(162.8,-116.,-1.E-02));
#6096 = DIRECTION('',(0.,0.,1.));
#6097 = DIRECTION('',(1.,0.,-0.));
#6098 = DEFINITIONAL_REPRESENTATION('',(#6099),#6103);
#6099 = LINE('',#6100,#6101);
#6100 = CARTESIAN_POINT('',(0.,1.E-02));
#6101 = VECTOR('',#6102,1.);
#6102 = DIRECTION('',(1.,0.));
#6103 = ( GEOMETRIC_REPRESENTATION_CONTEXT(2) 
PARAMETRIC_REPRESENTATION_CONTEXT() REPRESENTATION_CONTEXT('2D SPACE',''
  ) );
#6104 = FACE_BOUND('',#6105,.T.);
#6105 = EDGE_LOOP('',(#6106));
#6106 = ORIENTED_EDGE('',*,*,#6107,.T.);
#6107 = EDGE_CURVE('',#6108,#6108,#6110,.T.);
#6108 = VERTEX_POINT('',#6109);
#6109 = CARTESIAN_POINT('',(157.45,-118.,0.));
#6110 = SURFACE_CURVE('',#6111,(#6116,#6127),.PCURVE_S1.);
#6111 = CIRCLE('',#6112,0.65);
#6112 = AXIS2_PLACEMENT_3D('',#6113,#6114,#6115);
#6113 = CARTESIAN_POINT('',(156.8,-118.,0.));
#6114 = DIRECTION('',(0.,0.,1.));
#6115 = DIRECTION('',(1.,0.,-0.));
#6116 = PCURVE('',#144,#6117);
#6117 = DEFINITIONAL_REPRESENTATION('',(#6118),#6126);
#6118 = ( BOUNDED_CURVE() B_SPLINE_CURVE(2,(#6119,#6120,#6121,#6122,
#6123,#6124,#6125),.UNSPECIFIED.,.T.,.F.) B_SPLINE_CURVE_WITH_KNOTS((1,2
    ,2,2,2,1),(-2.094395102393,0.,2.094395102393,4.188790204786,
6.28318530718,8.377580409573),.UNSPECIFIED.) CURVE() 
GEOMETRIC_REPRESENTATION_ITEM() RATIONAL_B_SPLINE_CURVE((1.,0.5,1.,0.5,
1.,0.5,1.)) REPRESENTATION_ITEM('') );
#6119 = CARTESIAN_POINT('',(40.05,62.));
#6120 = CARTESIAN_POINT('',(40.05,63.12583302492));
#6121 = CARTESIAN_POINT('',(41.025,62.56291651246));
#6122 = CARTESIAN_POINT('',(42.,62.));
#6123 = CARTESIAN_POINT('',(41.025,61.43708348754));
#6124 = CARTESIAN_POINT('',(40.05,60.87416697508));
#6125 = CARTESIAN_POINT('',(40.05,62.));
#6126 = ( GEOMETRIC_REPRESENTATION_CONTEXT(2) 
PARAMETRIC_REPRESENTATION_CONTEXT() REPRESENTATION_CONTEXT('2D SPACE',''
  ) );
#6127 = PCURVE('',#6128,#6133);
#6128 = CYLINDRICAL_SURFACE('',#6129,0.65);
#6129 = AXIS2_PLACEMENT_3D('',#6130,#6131,#6132);
#6130 = CARTESIAN_POINT('',(156.8,-118.,-1.E-02));
#6131 = DIRECTION('',(0.,0.,1.));
#6132 = DIRECTION('',(1.,0.,-0.));
#6133 = DEFINITIONAL_REPRESENTATION('',(#6134),#6138);
#6134 = LINE('',#6135,#6136);
#6135 = CARTESIAN_POINT('',(0.,1.E-02));
#6136 = VECTOR('',#6137,1.);
#6137 = DIRECTION('',(1.,0.));
#6138 = ( GEOMETRIC_REPRESENTATION_CONTEXT(2) 
PARAMETRIC_REPRESENTATION_CONTEXT() REPRESENTATION_CONTEXT('2D SPACE',''
  ) );
#6139 = FACE_BOUND('',#6140,.T.);
#6140 = EDGE_LOOP('',(#6141));
#6141 = ORIENTED_EDGE('',*,*,#6142,.T.);
#6142 = EDGE_CURVE('',#6143,#6143,#6145,.T.);
#6143 = VERTEX_POINT('',#6144);
#6144 = CARTESIAN_POINT('',(168.58,-110.53,0.));
#6145 = SURFACE_CURVE('',#6146,(#6151,#6162),.PCURVE_S1.);
#6146 = CIRCLE('',#6147,0.7);
#6147 = AXIS2_PLACEMENT_3D('',#6148,#6149,#6150);
#6148 = CARTESIAN_POINT('',(167.88,-110.53,0.));
#6149 = DIRECTION('',(0.,0.,1.));
#6150 = DIRECTION('',(1.,0.,-0.));
#6151 = PCURVE('',#144,#6152);
#6152 = DEFINITIONAL_REPRESENTATION('',(#6153),#6161);
#6153 = ( BOUNDED_CURVE() B_SPLINE_CURVE(2,(#6154,#6155,#6156,#6157,
#6158,#6159,#6160),.UNSPECIFIED.,.T.,.F.) B_SPLINE_CURVE_WITH_KNOTS((1,2
    ,2,2,2,1),(-2.094395102393,0.,2.094395102393,4.188790204786,
6.28318530718,8.377580409573),.UNSPECIFIED.) CURVE() 
GEOMETRIC_REPRESENTATION_ITEM() RATIONAL_B_SPLINE_CURVE((1.,0.5,1.,0.5,
1.,0.5,1.)) REPRESENTATION_ITEM('') );
#6154 = CARTESIAN_POINT('',(28.92,69.47));
#6155 = CARTESIAN_POINT('',(28.92,70.682435565298));
#6156 = CARTESIAN_POINT('',(29.97,70.076217782649));
#6157 = CARTESIAN_POINT('',(31.02,69.47));
#6158 = CARTESIAN_POINT('',(29.97,68.863782217351));
#6159 = CARTESIAN_POINT('',(28.92,68.257564434702));
#6160 = CARTESIAN_POINT('',(28.92,69.47));
#6161 = ( GEOMETRIC_REPRESENTATION_CONTEXT(2) 
PARAMETRIC_REPRESENTATION_CONTEXT() REPRESENTATION_CONTEXT('2D SPACE',''
  ) );
#6162 = PCURVE('',#6163,#6168);
#6163 = CYLINDRICAL_SURFACE('',#6164,0.7);
#6164 = AXIS2_PLACEMENT_3D('',#6165,#6166,#6167);
#6165 = CARTESIAN_POINT('',(167.88,-110.53,-1.E-02));
#6166 = DIRECTION('',(0.,0.,1.));
#6167 = DIRECTION('',(1.,0.,-0.));
#6168 = DEFINITIONAL_REPRESENTATION('',(#6169),#6173);
#6169 = LINE('',#6170,#6171);
#6170 = CARTESIAN_POINT('',(0.,1.E-02));
#6171 = VECTOR('',#6172,1.);
#6172 = DIRECTION('',(1.,0.));
#6173 = ( GEOMETRIC_REPRESENTATION_CONTEXT(2) 
PARAMETRIC_REPRESENTATION_CONTEXT() REPRESENTATION_CONTEXT('2D SPACE',''
  ) );
#6174 = FACE_BOUND('',#6175,.T.);
#6175 = EDGE_LOOP('',(#6176));
#6176 = ORIENTED_EDGE('',*,*,#6177,.T.);
#6177 = EDGE_CURVE('',#6178,#6178,#6180,.T.);
#6178 = VERTEX_POINT('',#6179);
#6179 = CARTESIAN_POINT('',(163.5,-110.53,0.));
#6180 = SURFACE_CURVE('',#6181,(#6186,#6197),.PCURVE_S1.);
#6181 = CIRCLE('',#6182,0.7);
#6182 = AXIS2_PLACEMENT_3D('',#6183,#6184,#6185);
#6183 = CARTESIAN_POINT('',(162.8,-110.53,0.));
#6184 = DIRECTION('',(0.,0.,1.));
#6185 = DIRECTION('',(1.,0.,-0.));
#6186 = PCURVE('',#144,#6187);
#6187 = DEFINITIONAL_REPRESENTATION('',(#6188),#6196);
#6188 = ( BOUNDED_CURVE() B_SPLINE_CURVE(2,(#6189,#6190,#6191,#6192,
#6193,#6194,#6195),.UNSPECIFIED.,.T.,.F.) B_SPLINE_CURVE_WITH_KNOTS((1,2
    ,2,2,2,1),(-2.094395102393,0.,2.094395102393,4.188790204786,
6.28318530718,8.377580409573),.UNSPECIFIED.) CURVE() 
GEOMETRIC_REPRESENTATION_ITEM() RATIONAL_B_SPLINE_CURVE((1.,0.5,1.,0.5,
1.,0.5,1.)) REPRESENTATION_ITEM('') );
#6189 = CARTESIAN_POINT('',(34.,69.47));
#6190 = CARTESIAN_POINT('',(34.,70.682435565298));
#6191 = CARTESIAN_POINT('',(35.05,70.076217782649));
#6192 = CARTESIAN_POINT('',(36.1,69.47));
#6193 = CARTESIAN_POINT('',(35.05,68.863782217351));
#6194 = CARTESIAN_POINT('',(34.,68.257564434702));
#6195 = CARTESIAN_POINT('',(34.,69.47));
#6196 = ( GEOMETRIC_REPRESENTATION_CONTEXT(2) 
PARAMETRIC_REPRESENTATION_CONTEXT() REPRESENTATION_CONTEXT('2D SPACE',''
  ) );
#6197 = PCURVE('',#6198,#6203);
#6198 = CYLINDRICAL_SURFACE('',#6199,0.7);
#6199 = AXIS2_PLACEMENT_3D('',#6200,#6201,#6202);
#6200 = CARTESIAN_POINT('',(162.8,-110.53,-1.E-02));
#6201 = DIRECTION('',(0.,0.,1.));
#6202 = DIRECTION('',(1.,0.,-0.));
#6203 = DEFINITIONAL_REPRESENTATION('',(#6204),#6208);
#6204 = LINE('',#6205,#6206);
#6205 = CARTESIAN_POINT('',(0.,1.E-02));
#6206 = VECTOR('',#6207,1.);
#6207 = DIRECTION('',(1.,0.));
#6208 = ( GEOMETRIC_REPRESENTATION_CONTEXT(2) 
PARAMETRIC_REPRESENTATION_CONTEXT() REPRESENTATION_CONTEXT('2D SPACE',''
  ) );
#6209 = FACE_BOUND('',#6210,.T.);
#6210 = EDGE_LOOP('',(#6211));
#6211 = ORIENTED_EDGE('',*,*,#6212,.T.);
#6212 = EDGE_CURVE('',#6213,#6213,#6215,.T.);
#6213 = VERTEX_POINT('',#6214);
#6214 = CARTESIAN_POINT('',(158.42,-110.53,0.));
#6215 = SURFACE_CURVE('',#6216,(#6221,#6232),.PCURVE_S1.);
#6216 = CIRCLE('',#6217,0.7);
#6217 = AXIS2_PLACEMENT_3D('',#6218,#6219,#6220);
#6218 = CARTESIAN_POINT('',(157.72,-110.53,0.));
#6219 = DIRECTION('',(0.,0.,1.));
#6220 = DIRECTION('',(1.,0.,-0.));
#6221 = PCURVE('',#144,#6222);
#6222 = DEFINITIONAL_REPRESENTATION('',(#6223),#6231);
#6223 = ( BOUNDED_CURVE() B_SPLINE_CURVE(2,(#6224,#6225,#6226,#6227,
#6228,#6229,#6230),.UNSPECIFIED.,.T.,.F.) B_SPLINE_CURVE_WITH_KNOTS((1,2
    ,2,2,2,1),(-2.094395102393,0.,2.094395102393,4.188790204786,
6.28318530718,8.377580409573),.UNSPECIFIED.) CURVE() 
GEOMETRIC_REPRESENTATION_ITEM() RATIONAL_B_SPLINE_CURVE((1.,0.5,1.,0.5,
1.,0.5,1.)) REPRESENTATION_ITEM('') );
#6224 = CARTESIAN_POINT('',(39.08,69.47));
#6225 = CARTESIAN_POINT('',(39.08,70.682435565298));
#6226 = CARTESIAN_POINT('',(40.13,70.076217782649));
#6227 = CARTESIAN_POINT('',(41.18,69.47));
#6228 = CARTESIAN_POINT('',(40.13,68.863782217351));
#6229 = CARTESIAN_POINT('',(39.08,68.257564434702));
#6230 = CARTESIAN_POINT('',(39.08,69.47));
#6231 = ( GEOMETRIC_REPRESENTATION_CONTEXT(2) 
PARAMETRIC_REPRESENTATION_CONTEXT() REPRESENTATION_CONTEXT('2D SPACE',''
  ) );
#6232 = PCURVE('',#6233,#6238);
#6233 = CYLINDRICAL_SURFACE('',#6234,0.7);
#6234 = AXIS2_PLACEMENT_3D('',#6235,#6236,#6237);
#6235 = CARTESIAN_POINT('',(157.72,-110.53,-1.E-02));
#6236 = DIRECTION('',(0.,0.,1.));
#6237 = DIRECTION('',(1.,0.,-0.));
#6238 = DEFINITIONAL_REPRESENTATION('',(#6239),#6243);
#6239 = LINE('',#6240,#6241);
#6240 = CARTESIAN_POINT('',(0.,1.E-02));
#6241 = VECTOR('',#6242,1.);
#6242 = DIRECTION('',(1.,0.));
#6243 = ( GEOMETRIC_REPRESENTATION_CONTEXT(2) 
PARAMETRIC_REPRESENTATION_CONTEXT() REPRESENTATION_CONTEXT('2D SPACE',''
  ) );
#6244 = FACE_BOUND('',#6245,.T.);
#6245 = EDGE_LOOP('',(#6246));
#6246 = ORIENTED_EDGE('',*,*,#6247,.T.);
#6247 = EDGE_CURVE('',#6248,#6248,#6250,.T.);
#6248 = VERTEX_POINT('',#6249);
#6249 = CARTESIAN_POINT('',(146.45,-130.2,0.));
#6250 = SURFACE_CURVE('',#6251,(#6256,#6267),.PCURVE_S1.);
#6251 = CIRCLE('',#6252,0.65);
#6252 = AXIS2_PLACEMENT_3D('',#6253,#6254,#6255);
#6253 = CARTESIAN_POINT('',(145.8,-130.2,0.));
#6254 = DIRECTION('',(0.,0.,1.));
#6255 = DIRECTION('',(1.,0.,-0.));
#6256 = PCURVE('',#144,#6257);
#6257 = DEFINITIONAL_REPRESENTATION('',(#6258),#6266);
#6258 = ( BOUNDED_CURVE() B_SPLINE_CURVE(2,(#6259,#6260,#6261,#6262,
#6263,#6264,#6265),.UNSPECIFIED.,.T.,.F.) B_SPLINE_CURVE_WITH_KNOTS((1,2
    ,2,2,2,1),(-2.094395102393,0.,2.094395102393,4.188790204786,
6.28318530718,8.377580409573),.UNSPECIFIED.) CURVE() 
GEOMETRIC_REPRESENTATION_ITEM() RATIONAL_B_SPLINE_CURVE((1.,0.5,1.,0.5,
1.,0.5,1.)) REPRESENTATION_ITEM('') );
#6259 = CARTESIAN_POINT('',(51.05,49.8));
#6260 = CARTESIAN_POINT('',(51.05,50.92583302492));
#6261 = CARTESIAN_POINT('',(52.025,50.36291651246));
#6262 = CARTESIAN_POINT('',(53.,49.8));
#6263 = CARTESIAN_POINT('',(52.025,49.23708348754));
#6264 = CARTESIAN_POINT('',(51.05,48.67416697508));
#6265 = CARTESIAN_POINT('',(51.05,49.8));
#6266 = ( GEOMETRIC_REPRESENTATION_CONTEXT(2) 
PARAMETRIC_REPRESENTATION_CONTEXT() REPRESENTATION_CONTEXT('2D SPACE',''
  ) );
#6267 = PCURVE('',#6268,#6273);
#6268 = CYLINDRICAL_SURFACE('',#6269,0.65);
#6269 = AXIS2_PLACEMENT_3D('',#6270,#6271,#6272);
#6270 = CARTESIAN_POINT('',(145.8,-130.2,-1.E-02));
#6271 = DIRECTION('',(0.,0.,1.));
#6272 = DIRECTION('',(1.,0.,-0.));
#6273 = DEFINITIONAL_REPRESENTATION('',(#6274),#6278);
#6274 = LINE('',#6275,#6276);
#6275 = CARTESIAN_POINT('',(0.,1.E-02));
#6276 = VECTOR('',#6277,1.);
#6277 = DIRECTION('',(1.,0.));
#6278 = ( GEOMETRIC_REPRESENTATION_CONTEXT(2) 
PARAMETRIC_REPRESENTATION_CONTEXT() REPRESENTATION_CONTEXT('2D SPACE',''
  ) );
#6279 = FACE_BOUND('',#6280,.T.);
#6280 = EDGE_LOOP('',(#6281));
#6281 = ORIENTED_EDGE('',*,*,#6282,.T.);
#6282 = EDGE_CURVE('',#6283,#6283,#6285,.T.);
#6283 = VERTEX_POINT('',#6284);
#6284 = CARTESIAN_POINT('',(134.45,-130.2,0.));
#6285 = SURFACE_CURVE('',#6286,(#6291,#6302),.PCURVE_S1.);
#6286 = CIRCLE('',#6287,0.65);
#6287 = AXIS2_PLACEMENT_3D('',#6288,#6289,#6290);
#6288 = CARTESIAN_POINT('',(133.8,-130.2,0.));
#6289 = DIRECTION('',(0.,0.,1.));
#6290 = DIRECTION('',(1.,0.,-0.));
#6291 = PCURVE('',#144,#6292);
#6292 = DEFINITIONAL_REPRESENTATION('',(#6293),#6301);
#6293 = ( BOUNDED_CURVE() B_SPLINE_CURVE(2,(#6294,#6295,#6296,#6297,
#6298,#6299,#6300),.UNSPECIFIED.,.T.,.F.) B_SPLINE_CURVE_WITH_KNOTS((1,2
    ,2,2,2,1),(-2.094395102393,0.,2.094395102393,4.188790204786,
6.28318530718,8.377580409573),.UNSPECIFIED.) CURVE() 
GEOMETRIC_REPRESENTATION_ITEM() RATIONAL_B_SPLINE_CURVE((1.,0.5,1.,0.5,
1.,0.5,1.)) REPRESENTATION_ITEM('') );
#6294 = CARTESIAN_POINT('',(63.05,49.8));
#6295 = CARTESIAN_POINT('',(63.05,50.92583302492));
#6296 = CARTESIAN_POINT('',(64.025,50.36291651246));
#6297 = CARTESIAN_POINT('',(65.,49.8));
#6298 = CARTESIAN_POINT('',(64.025,49.23708348754));
#6299 = CARTESIAN_POINT('',(63.05,48.67416697508));
#6300 = CARTESIAN_POINT('',(63.05,49.8));
#6301 = ( GEOMETRIC_REPRESENTATION_CONTEXT(2) 
PARAMETRIC_REPRESENTATION_CONTEXT() REPRESENTATION_CONTEXT('2D SPACE',''
  ) );
#6302 = PCURVE('',#6303,#6308);
#6303 = CYLINDRICAL_SURFACE('',#6304,0.65);
#6304 = AXIS2_PLACEMENT_3D('',#6305,#6306,#6307);
#6305 = CARTESIAN_POINT('',(133.8,-130.2,-1.E-02));
#6306 = DIRECTION('',(0.,0.,1.));
#6307 = DIRECTION('',(1.,0.,-0.));
#6308 = DEFINITIONAL_REPRESENTATION('',(#6309),#6313);
#6309 = LINE('',#6310,#6311);
#6310 = CARTESIAN_POINT('',(0.,1.E-02));
#6311 = VECTOR('',#6312,1.);
#6312 = DIRECTION('',(1.,0.));
#6313 = ( GEOMETRIC_REPRESENTATION_CONTEXT(2) 
PARAMETRIC_REPRESENTATION_CONTEXT() REPRESENTATION_CONTEXT('2D SPACE',''
  ) );
#6314 = FACE_BOUND('',#6315,.T.);
#6315 = EDGE_LOOP('',(#6316));
#6316 = ORIENTED_EDGE('',*,*,#6317,.T.);
#6317 = EDGE_CURVE('',#6318,#6318,#6320,.T.);
#6318 = VERTEX_POINT('',#6319);
#6319 = CARTESIAN_POINT('',(123.45,-130.2,0.));
#6320 = SURFACE_CURVE('',#6321,(#6326,#6337),.PCURVE_S1.);
#6321 = CIRCLE('',#6322,0.65);
#6322 = AXIS2_PLACEMENT_3D('',#6323,#6324,#6325);
#6323 = CARTESIAN_POINT('',(122.8,-130.2,0.));
#6324 = DIRECTION('',(0.,0.,1.));
#6325 = DIRECTION('',(1.,0.,-0.));
#6326 = PCURVE('',#144,#6327);
#6327 = DEFINITIONAL_REPRESENTATION('',(#6328),#6336);
#6328 = ( BOUNDED_CURVE() B_SPLINE_CURVE(2,(#6329,#6330,#6331,#6332,
#6333,#6334,#6335),.UNSPECIFIED.,.T.,.F.) B_SPLINE_CURVE_WITH_KNOTS((1,2
    ,2,2,2,1),(-2.094395102393,0.,2.094395102393,4.188790204786,
6.28318530718,8.377580409573),.UNSPECIFIED.) CURVE() 
GEOMETRIC_REPRESENTATION_ITEM() RATIONAL_B_SPLINE_CURVE((1.,0.5,1.,0.5,
1.,0.5,1.)) REPRESENTATION_ITEM('') );
#6329 = CARTESIAN_POINT('',(74.05,49.8));
#6330 = CARTESIAN_POINT('',(74.05,50.92583302492));
#6331 = CARTESIAN_POINT('',(75.025,50.36291651246));
#6332 = CARTESIAN_POINT('',(76.,49.8));
#6333 = CARTESIAN_POINT('',(75.025,49.23708348754));
#6334 = CARTESIAN_POINT('',(74.05,48.67416697508));
#6335 = CARTESIAN_POINT('',(74.05,49.8));
#6336 = ( GEOMETRIC_REPRESENTATION_CONTEXT(2) 
PARAMETRIC_REPRESENTATION_CONTEXT() REPRESENTATION_CONTEXT('2D SPACE',''
  ) );
#6337 = PCURVE('',#6338,#6343);
#6338 = CYLINDRICAL_SURFACE('',#6339,0.65);
#6339 = AXIS2_PLACEMENT_3D('',#6340,#6341,#6342);
#6340 = CARTESIAN_POINT('',(122.8,-130.2,-1.E-02));
#6341 = DIRECTION('',(0.,0.,1.));
#6342 = DIRECTION('',(1.,0.,-0.));
#6343 = DEFINITIONAL_REPRESENTATION('',(#6344),#6348);
#6344 = LINE('',#6345,#6346);
#6345 = CARTESIAN_POINT('',(0.,1.E-02));
#6346 = VECTOR('',#6347,1.);
#6347 = DIRECTION('',(1.,0.));
#6348 = ( GEOMETRIC_REPRESENTATION_CONTEXT(2) 
PARAMETRIC_REPRESENTATION_CONTEXT() REPRESENTATION_CONTEXT('2D SPACE',''
  ) );
#6349 = FACE_BOUND('',#6350,.T.);
#6350 = EDGE_LOOP('',(#6351));
#6351 = ORIENTED_EDGE('',*,*,#6352,.T.);
#6352 = EDGE_CURVE('',#6353,#6353,#6355,.T.);
#6353 = VERTEX_POINT('',#6354);
#6354 = CARTESIAN_POINT('',(111.45,-130.2,0.));
#6355 = SURFACE_CURVE('',#6356,(#6361,#6372),.PCURVE_S1.);
#6356 = CIRCLE('',#6357,0.65);
#6357 = AXIS2_PLACEMENT_3D('',#6358,#6359,#6360);
#6358 = CARTESIAN_POINT('',(110.8,-130.2,0.));
#6359 = DIRECTION('',(0.,0.,1.));
#6360 = DIRECTION('',(1.,0.,-0.));
#6361 = PCURVE('',#144,#6362);
#6362 = DEFINITIONAL_REPRESENTATION('',(#6363),#6371);
#6363 = ( BOUNDED_CURVE() B_SPLINE_CURVE(2,(#6364,#6365,#6366,#6367,
#6368,#6369,#6370),.UNSPECIFIED.,.T.,.F.) B_SPLINE_CURVE_WITH_KNOTS((1,2
    ,2,2,2,1),(-2.094395102393,0.,2.094395102393,4.188790204786,
6.28318530718,8.377580409573),.UNSPECIFIED.) CURVE() 
GEOMETRIC_REPRESENTATION_ITEM() RATIONAL_B_SPLINE_CURVE((1.,0.5,1.,0.5,
1.,0.5,1.)) REPRESENTATION_ITEM('') );
#6364 = CARTESIAN_POINT('',(86.05,49.8));
#6365 = CARTESIAN_POINT('',(86.05,50.92583302492));
#6366 = CARTESIAN_POINT('',(87.025,50.36291651246));
#6367 = CARTESIAN_POINT('',(88.,49.8));
#6368 = CARTESIAN_POINT('',(87.025,49.23708348754));
#6369 = CARTESIAN_POINT('',(86.05,48.67416697508));
#6370 = CARTESIAN_POINT('',(86.05,49.8));
#6371 = ( GEOMETRIC_REPRESENTATION_CONTEXT(2) 
PARAMETRIC_REPRESENTATION_CONTEXT() REPRESENTATION_CONTEXT('2D SPACE',''
  ) );
#6372 = PCURVE('',#6373,#6378);
#6373 = CYLINDRICAL_SURFACE('',#6374,0.65);
#6374 = AXIS2_PLACEMENT_3D('',#6375,#6376,#6377);
#6375 = CARTESIAN_POINT('',(110.8,-130.2,-1.E-02));
#6376 = DIRECTION('',(0.,0.,1.));
#6377 = DIRECTION('',(1.,0.,-0.));
#6378 = DEFINITIONAL_REPRESENTATION('',(#6379),#6383);
#6379 = LINE('',#6380,#6381);
#6380 = CARTESIAN_POINT('',(0.,1.E-02));
#6381 = VECTOR('',#6382,1.);
#6382 = DIRECTION('',(1.,0.));
#6383 = ( GEOMETRIC_REPRESENTATION_CONTEXT(2) 
PARAMETRIC_REPRESENTATION_CONTEXT() REPRESENTATION_CONTEXT('2D SPACE',''
  ) );
#6384 = FACE_BOUND('',#6385,.T.);
#6385 = EDGE_LOOP('',(#6386));
#6386 = ORIENTED_EDGE('',*,*,#6387,.T.);
#6387 = EDGE_CURVE('',#6388,#6388,#6390,.T.);
#6388 = VERTEX_POINT('',#6389);
#6389 = CARTESIAN_POINT('',(146.45,-118.,0.));
#6390 = SURFACE_CURVE('',#6391,(#6396,#6407),.PCURVE_S1.);
#6391 = CIRCLE('',#6392,0.65);
#6392 = AXIS2_PLACEMENT_3D('',#6393,#6394,#6395);
#6393 = CARTESIAN_POINT('',(145.8,-118.,0.));
#6394 = DIRECTION('',(0.,0.,1.));
#6395 = DIRECTION('',(1.,0.,-0.));
#6396 = PCURVE('',#144,#6397);
#6397 = DEFINITIONAL_REPRESENTATION('',(#6398),#6406);
#6398 = ( BOUNDED_CURVE() B_SPLINE_CURVE(2,(#6399,#6400,#6401,#6402,
#6403,#6404,#6405),.UNSPECIFIED.,.T.,.F.) B_SPLINE_CURVE_WITH_KNOTS((1,2
    ,2,2,2,1),(-2.094395102393,0.,2.094395102393,4.188790204786,
6.28318530718,8.377580409573),.UNSPECIFIED.) CURVE() 
GEOMETRIC_REPRESENTATION_ITEM() RATIONAL_B_SPLINE_CURVE((1.,0.5,1.,0.5,
1.,0.5,1.)) REPRESENTATION_ITEM('') );
#6399 = CARTESIAN_POINT('',(51.05,62.));
#6400 = CARTESIAN_POINT('',(51.05,63.12583302492));
#6401 = CARTESIAN_POINT('',(52.025,62.56291651246));
#6402 = CARTESIAN_POINT('',(53.,62.));
#6403 = CARTESIAN_POINT('',(52.025,61.43708348754));
#6404 = CARTESIAN_POINT('',(51.05,60.87416697508));
#6405 = CARTESIAN_POINT('',(51.05,62.));
#6406 = ( GEOMETRIC_REPRESENTATION_CONTEXT(2) 
PARAMETRIC_REPRESENTATION_CONTEXT() REPRESENTATION_CONTEXT('2D SPACE',''
  ) );
#6407 = PCURVE('',#6408,#6413);
#6408 = CYLINDRICAL_SURFACE('',#6409,0.65);
#6409 = AXIS2_PLACEMENT_3D('',#6410,#6411,#6412);
#6410 = CARTESIAN_POINT('',(145.8,-118.,-1.E-02));
#6411 = DIRECTION('',(0.,0.,1.));
#6412 = DIRECTION('',(1.,0.,-0.));
#6413 = DEFINITIONAL_REPRESENTATION('',(#6414),#6418);
#6414 = LINE('',#6415,#6416);
#6415 = CARTESIAN_POINT('',(0.,1.E-02));
#6416 = VECTOR('',#6417,1.);
#6417 = DIRECTION('',(1.,0.));
#6418 = ( GEOMETRIC_REPRESENTATION_CONTEXT(2) 
PARAMETRIC_REPRESENTATION_CONTEXT() REPRESENTATION_CONTEXT('2D SPACE',''
  ) );
#6419 = FACE_BOUND('',#6420,.T.);
#6420 = EDGE_LOOP('',(#6421));
#6421 = ORIENTED_EDGE('',*,*,#6422,.T.);
#6422 = EDGE_CURVE('',#6423,#6423,#6425,.T.);
#6423 = VERTEX_POINT('',#6424);
#6424 = CARTESIAN_POINT('',(140.45,-116.,0.));
#6425 = SURFACE_CURVE('',#6426,(#6431,#6442),.PCURVE_S1.);
#6426 = CIRCLE('',#6427,0.65);
#6427 = AXIS2_PLACEMENT_3D('',#6428,#6429,#6430);
#6428 = CARTESIAN_POINT('',(139.8,-116.,0.));
#6429 = DIRECTION('',(0.,0.,1.));
#6430 = DIRECTION('',(1.,0.,-0.));
#6431 = PCURVE('',#144,#6432);
#6432 = DEFINITIONAL_REPRESENTATION('',(#6433),#6441);
#6433 = ( BOUNDED_CURVE() B_SPLINE_CURVE(2,(#6434,#6435,#6436,#6437,
#6438,#6439,#6440),.UNSPECIFIED.,.T.,.F.) B_SPLINE_CURVE_WITH_KNOTS((1,2
    ,2,2,2,1),(-2.094395102393,0.,2.094395102393,4.188790204786,
6.28318530718,8.377580409573),.UNSPECIFIED.) CURVE() 
GEOMETRIC_REPRESENTATION_ITEM() RATIONAL_B_SPLINE_CURVE((1.,0.5,1.,0.5,
1.,0.5,1.)) REPRESENTATION_ITEM('') );
#6434 = CARTESIAN_POINT('',(57.05,64.));
#6435 = CARTESIAN_POINT('',(57.05,65.12583302492));
#6436 = CARTESIAN_POINT('',(58.025,64.56291651246));
#6437 = CARTESIAN_POINT('',(59.,64.));
#6438 = CARTESIAN_POINT('',(58.025,63.43708348754));
#6439 = CARTESIAN_POINT('',(57.05,62.87416697508));
#6440 = CARTESIAN_POINT('',(57.05,64.));
#6441 = ( GEOMETRIC_REPRESENTATION_CONTEXT(2) 
PARAMETRIC_REPRESENTATION_CONTEXT() REPRESENTATION_CONTEXT('2D SPACE',''
  ) );
#6442 = PCURVE('',#6443,#6448);
#6443 = CYLINDRICAL_SURFACE('',#6444,0.65);
#6444 = AXIS2_PLACEMENT_3D('',#6445,#6446,#6447);
#6445 = CARTESIAN_POINT('',(139.8,-116.,-1.E-02));
#6446 = DIRECTION('',(0.,0.,1.));
#6447 = DIRECTION('',(1.,0.,-0.));
#6448 = DEFINITIONAL_REPRESENTATION('',(#6449),#6453);
#6449 = LINE('',#6450,#6451);
#6450 = CARTESIAN_POINT('',(0.,1.E-02));
#6451 = VECTOR('',#6452,1.);
#6452 = DIRECTION('',(1.,0.));
#6453 = ( GEOMETRIC_REPRESENTATION_CONTEXT(2) 
PARAMETRIC_REPRESENTATION_CONTEXT() REPRESENTATION_CONTEXT('2D SPACE',''
  ) );
#6454 = FACE_BOUND('',#6455,.T.);
#6455 = EDGE_LOOP('',(#6456));
#6456 = ORIENTED_EDGE('',*,*,#6457,.T.);
#6457 = EDGE_CURVE('',#6458,#6458,#6460,.T.);
#6458 = VERTEX_POINT('',#6459);
#6459 = CARTESIAN_POINT('',(134.45,-118.,0.));
#6460 = SURFACE_CURVE('',#6461,(#6466,#6477),.PCURVE_S1.);
#6461 = CIRCLE('',#6462,0.65);
#6462 = AXIS2_PLACEMENT_3D('',#6463,#6464,#6465);
#6463 = CARTESIAN_POINT('',(133.8,-118.,0.));
#6464 = DIRECTION('',(0.,0.,1.));
#6465 = DIRECTION('',(1.,0.,-0.));
#6466 = PCURVE('',#144,#6467);
#6467 = DEFINITIONAL_REPRESENTATION('',(#6468),#6476);
#6468 = ( BOUNDED_CURVE() B_SPLINE_CURVE(2,(#6469,#6470,#6471,#6472,
#6473,#6474,#6475),.UNSPECIFIED.,.T.,.F.) B_SPLINE_CURVE_WITH_KNOTS((1,2
    ,2,2,2,1),(-2.094395102393,0.,2.094395102393,4.188790204786,
6.28318530718,8.377580409573),.UNSPECIFIED.) CURVE() 
GEOMETRIC_REPRESENTATION_ITEM() RATIONAL_B_SPLINE_CURVE((1.,0.5,1.,0.5,
1.,0.5,1.)) REPRESENTATION_ITEM('') );
#6469 = CARTESIAN_POINT('',(63.05,62.));
#6470 = CARTESIAN_POINT('',(63.05,63.12583302492));
#6471 = CARTESIAN_POINT('',(64.025,62.56291651246));
#6472 = CARTESIAN_POINT('',(65.,62.));
#6473 = CARTESIAN_POINT('',(64.025,61.43708348754));
#6474 = CARTESIAN_POINT('',(63.05,60.87416697508));
#6475 = CARTESIAN_POINT('',(63.05,62.));
#6476 = ( GEOMETRIC_REPRESENTATION_CONTEXT(2) 
PARAMETRIC_REPRESENTATION_CONTEXT() REPRESENTATION_CONTEXT('2D SPACE',''
  ) );
#6477 = PCURVE('',#6478,#6483);
#6478 = CYLINDRICAL_SURFACE('',#6479,0.65);
#6479 = AXIS2_PLACEMENT_3D('',#6480,#6481,#6482);
#6480 = CARTESIAN_POINT('',(133.8,-118.,-1.E-02));
#6481 = DIRECTION('',(0.,0.,1.));
#6482 = DIRECTION('',(1.,0.,-0.));
#6483 = DEFINITIONAL_REPRESENTATION('',(#6484),#6488);
#6484 = LINE('',#6485,#6486);
#6485 = CARTESIAN_POINT('',(0.,1.E-02));
#6486 = VECTOR('',#6487,1.);
#6487 = DIRECTION('',(1.,0.));
#6488 = ( GEOMETRIC_REPRESENTATION_CONTEXT(2) 
PARAMETRIC_REPRESENTATION_CONTEXT() REPRESENTATION_CONTEXT('2D SPACE',''
  ) );
#6489 = FACE_BOUND('',#6490,.T.);
#6490 = EDGE_LOOP('',(#6491));
#6491 = ORIENTED_EDGE('',*,*,#6492,.T.);
#6492 = EDGE_CURVE('',#6493,#6493,#6495,.T.);
#6493 = VERTEX_POINT('',#6494);
#6494 = CARTESIAN_POINT('',(145.58,-110.53,0.));
#6495 = SURFACE_CURVE('',#6496,(#6501,#6512),.PCURVE_S1.);
#6496 = CIRCLE('',#6497,0.7);
#6497 = AXIS2_PLACEMENT_3D('',#6498,#6499,#6500);
#6498 = CARTESIAN_POINT('',(144.88,-110.53,0.));
#6499 = DIRECTION('',(0.,0.,1.));
#6500 = DIRECTION('',(1.,0.,-0.));
#6501 = PCURVE('',#144,#6502);
#6502 = DEFINITIONAL_REPRESENTATION('',(#6503),#6511);
#6503 = ( BOUNDED_CURVE() B_SPLINE_CURVE(2,(#6504,#6505,#6506,#6507,
#6508,#6509,#6510),.UNSPECIFIED.,.T.,.F.) B_SPLINE_CURVE_WITH_KNOTS((1,2
    ,2,2,2,1),(-2.094395102393,0.,2.094395102393,4.188790204786,
6.28318530718,8.377580409573),.UNSPECIFIED.) CURVE() 
GEOMETRIC_REPRESENTATION_ITEM() RATIONAL_B_SPLINE_CURVE((1.,0.5,1.,0.5,
1.,0.5,1.)) REPRESENTATION_ITEM('') );
#6504 = CARTESIAN_POINT('',(51.92,69.47));
#6505 = CARTESIAN_POINT('',(51.92,70.682435565298));
#6506 = CARTESIAN_POINT('',(52.97,70.076217782649));
#6507 = CARTESIAN_POINT('',(54.02,69.47));
#6508 = CARTESIAN_POINT('',(52.97,68.863782217351));
#6509 = CARTESIAN_POINT('',(51.92,68.257564434702));
#6510 = CARTESIAN_POINT('',(51.92,69.47));
#6511 = ( GEOMETRIC_REPRESENTATION_CONTEXT(2) 
PARAMETRIC_REPRESENTATION_CONTEXT() REPRESENTATION_CONTEXT('2D SPACE',''
  ) );
#6512 = PCURVE('',#6513,#6518);
#6513 = CYLINDRICAL_SURFACE('',#6514,0.7);
#6514 = AXIS2_PLACEMENT_3D('',#6515,#6516,#6517);
#6515 = CARTESIAN_POINT('',(144.88,-110.53,-1.E-02));
#6516 = DIRECTION('',(0.,0.,1.));
#6517 = DIRECTION('',(1.,0.,-0.));
#6518 = DEFINITIONAL_REPRESENTATION('',(#6519),#6523);
#6519 = LINE('',#6520,#6521);
#6520 = CARTESIAN_POINT('',(0.,1.E-02));
#6521 = VECTOR('',#6522,1.);
#6522 = DIRECTION('',(1.,0.));
#6523 = ( GEOMETRIC_REPRESENTATION_CONTEXT(2) 
PARAMETRIC_REPRESENTATION_CONTEXT() REPRESENTATION_CONTEXT('2D SPACE',''
  ) );
#6524 = FACE_BOUND('',#6525,.T.);
#6525 = EDGE_LOOP('',(#6526));
#6526 = ORIENTED_EDGE('',*,*,#6527,.T.);
#6527 = EDGE_CURVE('',#6528,#6528,#6530,.T.);
#6528 = VERTEX_POINT('',#6529);
#6529 = CARTESIAN_POINT('',(140.5,-110.53,0.));
#6530 = SURFACE_CURVE('',#6531,(#6536,#6547),.PCURVE_S1.);
#6531 = CIRCLE('',#6532,0.7);
#6532 = AXIS2_PLACEMENT_3D('',#6533,#6534,#6535);
#6533 = CARTESIAN_POINT('',(139.8,-110.53,0.));
#6534 = DIRECTION('',(0.,0.,1.));
#6535 = DIRECTION('',(1.,0.,-0.));
#6536 = PCURVE('',#144,#6537);
#6537 = DEFINITIONAL_REPRESENTATION('',(#6538),#6546);
#6538 = ( BOUNDED_CURVE() B_SPLINE_CURVE(2,(#6539,#6540,#6541,#6542,
#6543,#6544,#6545),.UNSPECIFIED.,.T.,.F.) B_SPLINE_CURVE_WITH_KNOTS((1,2
    ,2,2,2,1),(-2.094395102393,0.,2.094395102393,4.188790204786,
6.28318530718,8.377580409573),.UNSPECIFIED.) CURVE() 
GEOMETRIC_REPRESENTATION_ITEM() RATIONAL_B_SPLINE_CURVE((1.,0.5,1.,0.5,
1.,0.5,1.)) REPRESENTATION_ITEM('') );
#6539 = CARTESIAN_POINT('',(57.,69.47));
#6540 = CARTESIAN_POINT('',(57.,70.682435565298));
#6541 = CARTESIAN_POINT('',(58.05,70.076217782649));
#6542 = CARTESIAN_POINT('',(59.1,69.47));
#6543 = CARTESIAN_POINT('',(58.05,68.863782217351));
#6544 = CARTESIAN_POINT('',(57.,68.257564434702));
#6545 = CARTESIAN_POINT('',(57.,69.47));
#6546 = ( GEOMETRIC_REPRESENTATION_CONTEXT(2) 
PARAMETRIC_REPRESENTATION_CONTEXT() REPRESENTATION_CONTEXT('2D SPACE',''
  ) );
#6547 = PCURVE('',#6548,#6553);
#6548 = CYLINDRICAL_SURFACE('',#6549,0.7);
#6549 = AXIS2_PLACEMENT_3D('',#6550,#6551,#6552);
#6550 = CARTESIAN_POINT('',(139.8,-110.53,-1.E-02));
#6551 = DIRECTION('',(0.,0.,1.));
#6552 = DIRECTION('',(1.,0.,-0.));
#6553 = DEFINITIONAL_REPRESENTATION('',(#6554),#6558);
#6554 = LINE('',#6555,#6556);
#6555 = CARTESIAN_POINT('',(0.,1.E-02));
#6556 = VECTOR('',#6557,1.);
#6557 = DIRECTION('',(1.,0.));
#6558 = ( GEOMETRIC_REPRESENTATION_CONTEXT(2) 
PARAMETRIC_REPRESENTATION_CONTEXT() REPRESENTATION_CONTEXT('2D SPACE',''
  ) );
#6559 = FACE_BOUND('',#6560,.T.);
#6560 = EDGE_LOOP('',(#6561));
#6561 = ORIENTED_EDGE('',*,*,#6562,.T.);
#6562 = EDGE_CURVE('',#6563,#6563,#6565,.T.);
#6563 = VERTEX_POINT('',#6564);
#6564 = CARTESIAN_POINT('',(135.42,-110.53,0.));
#6565 = SURFACE_CURVE('',#6566,(#6571,#6582),.PCURVE_S1.);
#6566 = CIRCLE('',#6567,0.7);
#6567 = AXIS2_PLACEMENT_3D('',#6568,#6569,#6570);
#6568 = CARTESIAN_POINT('',(134.72,-110.53,0.));
#6569 = DIRECTION('',(0.,0.,1.));
#6570 = DIRECTION('',(1.,0.,-0.));
#6571 = PCURVE('',#144,#6572);
#6572 = DEFINITIONAL_REPRESENTATION('',(#6573),#6581);
#6573 = ( BOUNDED_CURVE() B_SPLINE_CURVE(2,(#6574,#6575,#6576,#6577,
#6578,#6579,#6580),.UNSPECIFIED.,.T.,.F.) B_SPLINE_CURVE_WITH_KNOTS((1,2
    ,2,2,2,1),(-2.094395102393,0.,2.094395102393,4.188790204786,
6.28318530718,8.377580409573),.UNSPECIFIED.) CURVE() 
GEOMETRIC_REPRESENTATION_ITEM() RATIONAL_B_SPLINE_CURVE((1.,0.5,1.,0.5,
1.,0.5,1.)) REPRESENTATION_ITEM('') );
#6574 = CARTESIAN_POINT('',(62.08,69.47));
#6575 = CARTESIAN_POINT('',(62.08,70.682435565298));
#6576 = CARTESIAN_POINT('',(63.13,70.076217782649));
#6577 = CARTESIAN_POINT('',(64.18,69.47));
#6578 = CARTESIAN_POINT('',(63.13,68.863782217351));
#6579 = CARTESIAN_POINT('',(62.08,68.257564434702));
#6580 = CARTESIAN_POINT('',(62.08,69.47));
#6581 = ( GEOMETRIC_REPRESENTATION_CONTEXT(2) 
PARAMETRIC_REPRESENTATION_CONTEXT() REPRESENTATION_CONTEXT('2D SPACE',''
  ) );
#6582 = PCURVE('',#6583,#6588);
#6583 = CYLINDRICAL_SURFACE('',#6584,0.7);
#6584 = AXIS2_PLACEMENT_3D('',#6585,#6586,#6587);
#6585 = CARTESIAN_POINT('',(134.72,-110.53,-1.E-02));
#6586 = DIRECTION('',(0.,0.,1.));
#6587 = DIRECTION('',(1.,0.,-0.));
#6588 = DEFINITIONAL_REPRESENTATION('',(#6589),#6593);
#6589 = LINE('',#6590,#6591);
#6590 = CARTESIAN_POINT('',(0.,1.E-02));
#6591 = VECTOR('',#6592,1.);
#6592 = DIRECTION('',(1.,0.));
#6593 = ( GEOMETRIC_REPRESENTATION_CONTEXT(2) 
PARAMETRIC_REPRESENTATION_CONTEXT() REPRESENTATION_CONTEXT('2D SPACE',''
  ) );
#6594 = FACE_BOUND('',#6595,.T.);
#6595 = EDGE_LOOP('',(#6596));
#6596 = ORIENTED_EDGE('',*,*,#6597,.T.);
#6597 = EDGE_CURVE('',#6598,#6598,#6600,.T.);
#6598 = VERTEX_POINT('',#6599);
#6599 = CARTESIAN_POINT('',(123.45,-118.,0.));
#6600 = SURFACE_CURVE('',#6601,(#6606,#6617),.PCURVE_S1.);
#6601 = CIRCLE('',#6602,0.65);
#6602 = AXIS2_PLACEMENT_3D('',#6603,#6604,#6605);
#6603 = CARTESIAN_POINT('',(122.8,-118.,0.));
#6604 = DIRECTION('',(0.,0.,1.));
#6605 = DIRECTION('',(1.,0.,-0.));
#6606 = PCURVE('',#144,#6607);
#6607 = DEFINITIONAL_REPRESENTATION('',(#6608),#6616);
#6608 = ( BOUNDED_CURVE() B_SPLINE_CURVE(2,(#6609,#6610,#6611,#6612,
#6613,#6614,#6615),.UNSPECIFIED.,.T.,.F.) B_SPLINE_CURVE_WITH_KNOTS((1,2
    ,2,2,2,1),(-2.094395102393,0.,2.094395102393,4.188790204786,
6.28318530718,8.377580409573),.UNSPECIFIED.) CURVE() 
GEOMETRIC_REPRESENTATION_ITEM() RATIONAL_B_SPLINE_CURVE((1.,0.5,1.,0.5,
1.,0.5,1.)) REPRESENTATION_ITEM('') );
#6609 = CARTESIAN_POINT('',(74.05,62.));
#6610 = CARTESIAN_POINT('',(74.05,63.12583302492));
#6611 = CARTESIAN_POINT('',(75.025,62.56291651246));
#6612 = CARTESIAN_POINT('',(76.,62.));
#6613 = CARTESIAN_POINT('',(75.025,61.43708348754));
#6614 = CARTESIAN_POINT('',(74.05,60.87416697508));
#6615 = CARTESIAN_POINT('',(74.05,62.));
#6616 = ( GEOMETRIC_REPRESENTATION_CONTEXT(2) 
PARAMETRIC_REPRESENTATION_CONTEXT() REPRESENTATION_CONTEXT('2D SPACE',''
  ) );
#6617 = PCURVE('',#6618,#6623);
#6618 = CYLINDRICAL_SURFACE('',#6619,0.65);
#6619 = AXIS2_PLACEMENT_3D('',#6620,#6621,#6622);
#6620 = CARTESIAN_POINT('',(122.8,-118.,-1.E-02));
#6621 = DIRECTION('',(0.,0.,1.));
#6622 = DIRECTION('',(1.,0.,-0.));
#6623 = DEFINITIONAL_REPRESENTATION('',(#6624),#6628);
#6624 = LINE('',#6625,#6626);
#6625 = CARTESIAN_POINT('',(0.,1.E-02));
#6626 = VECTOR('',#6627,1.);
#6627 = DIRECTION('',(1.,0.));
#6628 = ( GEOMETRIC_REPRESENTATION_CONTEXT(2) 
PARAMETRIC_REPRESENTATION_CONTEXT() REPRESENTATION_CONTEXT('2D SPACE',''
  ) );
#6629 = FACE_BOUND('',#6630,.T.);
#6630 = EDGE_LOOP('',(#6631));
#6631 = ORIENTED_EDGE('',*,*,#6632,.T.);
#6632 = EDGE_CURVE('',#6633,#6633,#6635,.T.);
#6633 = VERTEX_POINT('',#6634);
#6634 = CARTESIAN_POINT('',(117.45,-116.,0.));
#6635 = SURFACE_CURVE('',#6636,(#6641,#6652),.PCURVE_S1.);
#6636 = CIRCLE('',#6637,0.65);
#6637 = AXIS2_PLACEMENT_3D('',#6638,#6639,#6640);
#6638 = CARTESIAN_POINT('',(116.8,-116.,0.));
#6639 = DIRECTION('',(0.,0.,1.));
#6640 = DIRECTION('',(1.,0.,-0.));
#6641 = PCURVE('',#144,#6642);
#6642 = DEFINITIONAL_REPRESENTATION('',(#6643),#6651);
#6643 = ( BOUNDED_CURVE() B_SPLINE_CURVE(2,(#6644,#6645,#6646,#6647,
#6648,#6649,#6650),.UNSPECIFIED.,.T.,.F.) B_SPLINE_CURVE_WITH_KNOTS((1,2
    ,2,2,2,1),(-2.094395102393,0.,2.094395102393,4.188790204786,
6.28318530718,8.377580409573),.UNSPECIFIED.) CURVE() 
GEOMETRIC_REPRESENTATION_ITEM() RATIONAL_B_SPLINE_CURVE((1.,0.5,1.,0.5,
1.,0.5,1.)) REPRESENTATION_ITEM('') );
#6644 = CARTESIAN_POINT('',(80.05,64.));
#6645 = CARTESIAN_POINT('',(80.05,65.12583302492));
#6646 = CARTESIAN_POINT('',(81.025,64.56291651246));
#6647 = CARTESIAN_POINT('',(82.,64.));
#6648 = CARTESIAN_POINT('',(81.025,63.43708348754));
#6649 = CARTESIAN_POINT('',(80.05,62.87416697508));
#6650 = CARTESIAN_POINT('',(80.05,64.));
#6651 = ( GEOMETRIC_REPRESENTATION_CONTEXT(2) 
PARAMETRIC_REPRESENTATION_CONTEXT() REPRESENTATION_CONTEXT('2D SPACE',''
  ) );
#6652 = PCURVE('',#6653,#6658);
#6653 = CYLINDRICAL_SURFACE('',#6654,0.65);
#6654 = AXIS2_PLACEMENT_3D('',#6655,#6656,#6657);
#6655 = CARTESIAN_POINT('',(116.8,-116.,-1.E-02));
#6656 = DIRECTION('',(0.,0.,1.));
#6657 = DIRECTION('',(1.,0.,-0.));
#6658 = DEFINITIONAL_REPRESENTATION('',(#6659),#6663);
#6659 = LINE('',#6660,#6661);
#6660 = CARTESIAN_POINT('',(0.,1.E-02));
#6661 = VECTOR('',#6662,1.);
#6662 = DIRECTION('',(1.,0.));
#6663 = ( GEOMETRIC_REPRESENTATION_CONTEXT(2) 
PARAMETRIC_REPRESENTATION_CONTEXT() REPRESENTATION_CONTEXT('2D SPACE',''
  ) );
#6664 = FACE_BOUND('',#6665,.T.);
#6665 = EDGE_LOOP('',(#6666));
#6666 = ORIENTED_EDGE('',*,*,#6667,.T.);
#6667 = EDGE_CURVE('',#6668,#6668,#6670,.T.);
#6668 = VERTEX_POINT('',#6669);
#6669 = CARTESIAN_POINT('',(111.45,-118.,0.));
#6670 = SURFACE_CURVE('',#6671,(#6676,#6687),.PCURVE_S1.);
#6671 = CIRCLE('',#6672,0.65);
#6672 = AXIS2_PLACEMENT_3D('',#6673,#6674,#6675);
#6673 = CARTESIAN_POINT('',(110.8,-118.,0.));
#6674 = DIRECTION('',(0.,0.,1.));
#6675 = DIRECTION('',(1.,0.,-0.));
#6676 = PCURVE('',#144,#6677);
#6677 = DEFINITIONAL_REPRESENTATION('',(#6678),#6686);
#6678 = ( BOUNDED_CURVE() B_SPLINE_CURVE(2,(#6679,#6680,#6681,#6682,
#6683,#6684,#6685),.UNSPECIFIED.,.T.,.F.) B_SPLINE_CURVE_WITH_KNOTS((1,2
    ,2,2,2,1),(-2.094395102393,0.,2.094395102393,4.188790204786,
6.28318530718,8.377580409573),.UNSPECIFIED.) CURVE() 
GEOMETRIC_REPRESENTATION_ITEM() RATIONAL_B_SPLINE_CURVE((1.,0.5,1.,0.5,
1.,0.5,1.)) REPRESENTATION_ITEM('') );
#6679 = CARTESIAN_POINT('',(86.05,62.));
#6680 = CARTESIAN_POINT('',(86.05,63.12583302492));
#6681 = CARTESIAN_POINT('',(87.025,62.56291651246));
#6682 = CARTESIAN_POINT('',(88.,62.));
#6683 = CARTESIAN_POINT('',(87.025,61.43708348754));
#6684 = CARTESIAN_POINT('',(86.05,60.87416697508));
#6685 = CARTESIAN_POINT('',(86.05,62.));
#6686 = ( GEOMETRIC_REPRESENTATION_CONTEXT(2) 
PARAMETRIC_REPRESENTATION_CONTEXT() REPRESENTATION_CONTEXT('2D SPACE',''
  ) );
#6687 = PCURVE('',#6688,#6693);
#6688 = CYLINDRICAL_SURFACE('',#6689,0.65);
#6689 = AXIS2_PLACEMENT_3D('',#6690,#6691,#6692);
#6690 = CARTESIAN_POINT('',(110.8,-118.,-1.E-02));
#6691 = DIRECTION('',(0.,0.,1.));
#6692 = DIRECTION('',(1.,0.,-0.));
#6693 = DEFINITIONAL_REPRESENTATION('',(#6694),#6698);
#6694 = LINE('',#6695,#6696);
#6695 = CARTESIAN_POINT('',(0.,1.E-02));
#6696 = VECTOR('',#6697,1.);
#6697 = DIRECTION('',(1.,0.));
#6698 = ( GEOMETRIC_REPRESENTATION_CONTEXT(2) 
PARAMETRIC_REPRESENTATION_CONTEXT() REPRESENTATION_CONTEXT('2D SPACE',''
  ) );
#6699 = FACE_BOUND('',#6700,.T.);
#6700 = EDGE_LOOP('',(#6701));
#6701 = ORIENTED_EDGE('',*,*,#6702,.T.);
#6702 = EDGE_CURVE('',#6703,#6703,#6705,.T.);
#6703 = VERTEX_POINT('',#6704);
#6704 = CARTESIAN_POINT('',(122.58,-110.53,0.));
#6705 = SURFACE_CURVE('',#6706,(#6711,#6722),.PCURVE_S1.);
#6706 = CIRCLE('',#6707,0.7);
#6707 = AXIS2_PLACEMENT_3D('',#6708,#6709,#6710);
#6708 = CARTESIAN_POINT('',(121.88,-110.53,0.));
#6709 = DIRECTION('',(0.,0.,1.));
#6710 = DIRECTION('',(1.,0.,-0.));
#6711 = PCURVE('',#144,#6712);
#6712 = DEFINITIONAL_REPRESENTATION('',(#6713),#6721);
#6713 = ( BOUNDED_CURVE() B_SPLINE_CURVE(2,(#6714,#6715,#6716,#6717,
#6718,#6719,#6720),.UNSPECIFIED.,.T.,.F.) B_SPLINE_CURVE_WITH_KNOTS((1,2
    ,2,2,2,1),(-2.094395102393,0.,2.094395102393,4.188790204786,
6.28318530718,8.377580409573),.UNSPECIFIED.) CURVE() 
GEOMETRIC_REPRESENTATION_ITEM() RATIONAL_B_SPLINE_CURVE((1.,0.5,1.,0.5,
1.,0.5,1.)) REPRESENTATION_ITEM('') );
#6714 = CARTESIAN_POINT('',(74.92,69.47));
#6715 = CARTESIAN_POINT('',(74.92,70.682435565298));
#6716 = CARTESIAN_POINT('',(75.97,70.076217782649));
#6717 = CARTESIAN_POINT('',(77.02,69.47));
#6718 = CARTESIAN_POINT('',(75.97,68.863782217351));
#6719 = CARTESIAN_POINT('',(74.92,68.257564434702));
#6720 = CARTESIAN_POINT('',(74.92,69.47));
#6721 = ( GEOMETRIC_REPRESENTATION_CONTEXT(2) 
PARAMETRIC_REPRESENTATION_CONTEXT() REPRESENTATION_CONTEXT('2D SPACE',''
  ) );
#6722 = PCURVE('',#6723,#6728);
#6723 = CYLINDRICAL_SURFACE('',#6724,0.7);
#6724 = AXIS2_PLACEMENT_3D('',#6725,#6726,#6727);
#6725 = CARTESIAN_POINT('',(121.88,-110.53,-1.E-02));
#6726 = DIRECTION('',(0.,0.,1.));
#6727 = DIRECTION('',(1.,0.,-0.));
#6728 = DEFINITIONAL_REPRESENTATION('',(#6729),#6733);
#6729 = LINE('',#6730,#6731);
#6730 = CARTESIAN_POINT('',(0.,1.E-02));
#6731 = VECTOR('',#6732,1.);
#6732 = DIRECTION('',(1.,0.));
#6733 = ( GEOMETRIC_REPRESENTATION_CONTEXT(2) 
PARAMETRIC_REPRESENTATION_CONTEXT() REPRESENTATION_CONTEXT('2D SPACE',''
  ) );
#6734 = FACE_BOUND('',#6735,.T.);
#6735 = EDGE_LOOP('',(#6736));
#6736 = ORIENTED_EDGE('',*,*,#6737,.T.);
#6737 = EDGE_CURVE('',#6738,#6738,#6740,.T.);
#6738 = VERTEX_POINT('',#6739);
#6739 = CARTESIAN_POINT('',(117.5,-110.53,0.));
#6740 = SURFACE_CURVE('',#6741,(#6746,#6757),.PCURVE_S1.);
#6741 = CIRCLE('',#6742,0.7);
#6742 = AXIS2_PLACEMENT_3D('',#6743,#6744,#6745);
#6743 = CARTESIAN_POINT('',(116.8,-110.53,0.));
#6744 = DIRECTION('',(0.,0.,1.));
#6745 = DIRECTION('',(1.,0.,-0.));
#6746 = PCURVE('',#144,#6747);
#6747 = DEFINITIONAL_REPRESENTATION('',(#6748),#6756);
#6748 = ( BOUNDED_CURVE() B_SPLINE_CURVE(2,(#6749,#6750,#6751,#6752,
#6753,#6754,#6755),.UNSPECIFIED.,.T.,.F.) B_SPLINE_CURVE_WITH_KNOTS((1,2
    ,2,2,2,1),(-2.094395102393,0.,2.094395102393,4.188790204786,
6.28318530718,8.377580409573),.UNSPECIFIED.) CURVE() 
GEOMETRIC_REPRESENTATION_ITEM() RATIONAL_B_SPLINE_CURVE((1.,0.5,1.,0.5,
1.,0.5,1.)) REPRESENTATION_ITEM('') );
#6749 = CARTESIAN_POINT('',(80.,69.47));
#6750 = CARTESIAN_POINT('',(80.,70.682435565298));
#6751 = CARTESIAN_POINT('',(81.05,70.076217782649));
#6752 = CARTESIAN_POINT('',(82.1,69.47));
#6753 = CARTESIAN_POINT('',(81.05,68.863782217351));
#6754 = CARTESIAN_POINT('',(80.,68.257564434702));
#6755 = CARTESIAN_POINT('',(80.,69.47));
#6756 = ( GEOMETRIC_REPRESENTATION_CONTEXT(2) 
PARAMETRIC_REPRESENTATION_CONTEXT() REPRESENTATION_CONTEXT('2D SPACE',''
  ) );
#6757 = PCURVE('',#6758,#6763);
#6758 = CYLINDRICAL_SURFACE('',#6759,0.7);
#6759 = AXIS2_PLACEMENT_3D('',#6760,#6761,#6762);
#6760 = CARTESIAN_POINT('',(116.8,-110.53,-1.E-02));
#6761 = DIRECTION('',(0.,0.,1.));
#6762 = DIRECTION('',(1.,0.,-0.));
#6763 = DEFINITIONAL_REPRESENTATION('',(#6764),#6768);
#6764 = LINE('',#6765,#6766);
#6765 = CARTESIAN_POINT('',(0.,1.E-02));
#6766 = VECTOR('',#6767,1.);
#6767 = DIRECTION('',(1.,0.));
#6768 = ( GEOMETRIC_REPRESENTATION_CONTEXT(2) 
PARAMETRIC_REPRESENTATION_CONTEXT() REPRESENTATION_CONTEXT('2D SPACE',''
  ) );
#6769 = FACE_BOUND('',#6770,.T.);
#6770 = EDGE_LOOP('',(#6771));
#6771 = ORIENTED_EDGE('',*,*,#6772,.T.);
#6772 = EDGE_CURVE('',#6773,#6773,#6775,.T.);
#6773 = VERTEX_POINT('',#6774);
#6774 = CARTESIAN_POINT('',(112.42,-110.53,0.));
#6775 = SURFACE_CURVE('',#6776,(#6781,#6792),.PCURVE_S1.);
#6776 = CIRCLE('',#6777,0.7);
#6777 = AXIS2_PLACEMENT_3D('',#6778,#6779,#6780);
#6778 = CARTESIAN_POINT('',(111.72,-110.53,0.));
#6779 = DIRECTION('',(0.,0.,1.));
#6780 = DIRECTION('',(1.,0.,-0.));
#6781 = PCURVE('',#144,#6782);
#6782 = DEFINITIONAL_REPRESENTATION('',(#6783),#6791);
#6783 = ( BOUNDED_CURVE() B_SPLINE_CURVE(2,(#6784,#6785,#6786,#6787,
#6788,#6789,#6790),.UNSPECIFIED.,.T.,.F.) B_SPLINE_CURVE_WITH_KNOTS((1,2
    ,2,2,2,1),(-2.094395102393,0.,2.094395102393,4.188790204786,
6.28318530718,8.377580409573),.UNSPECIFIED.) CURVE() 
GEOMETRIC_REPRESENTATION_ITEM() RATIONAL_B_SPLINE_CURVE((1.,0.5,1.,0.5,
1.,0.5,1.)) REPRESENTATION_ITEM('') );
#6784 = CARTESIAN_POINT('',(85.08,69.47));
#6785 = CARTESIAN_POINT('',(85.08,70.682435565298));
#6786 = CARTESIAN_POINT('',(86.13,70.076217782649));
#6787 = CARTESIAN_POINT('',(87.18,69.47));
#6788 = CARTESIAN_POINT('',(86.13,68.863782217351));
#6789 = CARTESIAN_POINT('',(85.08,68.257564434702));
#6790 = CARTESIAN_POINT('',(85.08,69.47));
#6791 = ( GEOMETRIC_REPRESENTATION_CONTEXT(2) 
PARAMETRIC_REPRESENTATION_CONTEXT() REPRESENTATION_CONTEXT('2D SPACE',''
  ) );
#6792 = PCURVE('',#6793,#6798);
#6793 = CYLINDRICAL_SURFACE('',#6794,0.7);
#6794 = AXIS2_PLACEMENT_3D('',#6795,#6796,#6797);
#6795 = CARTESIAN_POINT('',(111.72,-110.53,-1.E-02));
#6796 = DIRECTION('',(0.,0.,1.));
#6797 = DIRECTION('',(1.,0.,-0.));
#6798 = DEFINITIONAL_REPRESENTATION('',(#6799),#6803);
#6799 = LINE('',#6800,#6801);
#6800 = CARTESIAN_POINT('',(0.,1.E-02));
#6801 = VECTOR('',#6802,1.);
#6802 = DIRECTION('',(1.,0.));
#6803 = ( GEOMETRIC_REPRESENTATION_CONTEXT(2) 
PARAMETRIC_REPRESENTATION_CONTEXT() REPRESENTATION_CONTEXT('2D SPACE',''
  ) );
#6804 = FACE_BOUND('',#6805,.T.);
#6805 = EDGE_LOOP('',(#6806));
#6806 = ORIENTED_EDGE('',*,*,#6807,.T.);
#6807 = EDGE_CURVE('',#6808,#6808,#6810,.T.);
#6808 = VERTEX_POINT('',#6809);
#6809 = CARTESIAN_POINT('',(105.1,-103.5,0.));
#6810 = SURFACE_CURVE('',#6811,(#6816,#6827),.PCURVE_S1.);
#6811 = CIRCLE('',#6812,1.6);
#6812 = AXIS2_PLACEMENT_3D('',#6813,#6814,#6815);
#6813 = CARTESIAN_POINT('',(103.5,-103.5,0.));
#6814 = DIRECTION('',(0.,0.,1.));
#6815 = DIRECTION('',(1.,0.,-0.));
#6816 = PCURVE('',#144,#6817);
#6817 = DEFINITIONAL_REPRESENTATION('',(#6818),#6826);
#6818 = ( BOUNDED_CURVE() B_SPLINE_CURVE(2,(#6819,#6820,#6821,#6822,
#6823,#6824,#6825),.UNSPECIFIED.,.T.,.F.) B_SPLINE_CURVE_WITH_KNOTS((1,2
    ,2,2,2,1),(-2.094395102393,0.,2.094395102393,4.188790204786,
6.28318530718,8.377580409573),.UNSPECIFIED.) CURVE() 
GEOMETRIC_REPRESENTATION_ITEM() RATIONAL_B_SPLINE_CURVE((1.,0.5,1.,0.5,
1.,0.5,1.)) REPRESENTATION_ITEM('') );
#6819 = CARTESIAN_POINT('',(92.4,76.5));
#6820 = CARTESIAN_POINT('',(92.4,79.27128129211));
#6821 = CARTESIAN_POINT('',(94.8,77.885640646055));
#6822 = CARTESIAN_POINT('',(97.2,76.5));
#6823 = CARTESIAN_POINT('',(94.8,75.114359353945));
#6824 = CARTESIAN_POINT('',(92.4,73.72871870789));
#6825 = CARTESIAN_POINT('',(92.4,76.5));
#6826 = ( GEOMETRIC_REPRESENTATION_CONTEXT(2) 
PARAMETRIC_REPRESENTATION_CONTEXT() REPRESENTATION_CONTEXT('2D SPACE',''
  ) );
#6827 = PCURVE('',#6828,#6833);
#6828 = CYLINDRICAL_SURFACE('',#6829,1.6);
#6829 = AXIS2_PLACEMENT_3D('',#6830,#6831,#6832);
#6830 = CARTESIAN_POINT('',(103.5,-103.5,-1.E-02));
#6831 = DIRECTION('',(0.,0.,1.));
#6832 = DIRECTION('',(1.,0.,-0.));
#6833 = DEFINITIONAL_REPRESENTATION('',(#6834),#6838);
#6834 = LINE('',#6835,#6836);
#6835 = CARTESIAN_POINT('',(0.,1.E-02));
#6836 = VECTOR('',#6837,1.);
#6837 = DIRECTION('',(1.,0.));
#6838 = ( GEOMETRIC_REPRESENTATION_CONTEXT(2) 
PARAMETRIC_REPRESENTATION_CONTEXT() REPRESENTATION_CONTEXT('2D SPACE',''
  ) );
#6839 = ADVANCED_FACE('',(#6840,#6866,#6896,#6926,#6956,#6986,#7016,
    #7046,#7076,#7106,#7136,#7166,#7196,#7226,#7256,#7286,#7316,#7346,
    #7376,#7406,#7436,#7466,#7496,#7526,#7556,#7586,#7616,#7646,#7676,
    #7706,#7736,#7766,#7796,#7826,#7856,#7886,#7916,#7946,#7976,#8006,
    #8036,#8066,#8096,#8126,#8156,#8186,#8216,#8246,#8276,#8306,#8336,
    #8366,#8396,#8426,#8456,#8486,#8516,#8546,#8576,#8606,#8636,#8666,
    #8696,#8726,#8756,#8786,#8816,#8846,#8876,#8906,#8936,#8966,#8996,
    #9026,#9056,#9086,#9116,#9146,#9176,#9206,#9236,#9266,#9296,#9326,
    #9356,#9386,#9416,#9446,#9476,#9506,#9536,#9566,#9596,#9626,#9656,
    #9686,#9716,#9746,#9776,#9806,#9836,#9866,#9896,#9926,#9956,#9986,
    #10016,#10046,#10076,#10106,#10136,#10166,#10196,#10226,#10256,
    #10286,#10316,#10346,#10376,#10406,#10436,#10466,#10496,#10526,
    #10556,#10586,#10616,#10646,#10676,#10706,#10736,#10766,#10796,
    #10826,#10856,#10886,#10916,#10946,#10976,#11006,#11036,#11066,
    #11096,#11126,#11156,#11186,#11216,#11246,#11276,#11306,#11336,
    #11366,#11396,#11426,#11456,#11486,#11516,#11546,#11576,#11606,
    #11636,#11666,#11696,#11726,#11756,#11786,#11816,#11846,#11876,
    #11906,#11936,#11966,#11996,#12026,#12056,#12086,#12116,#12146,
    #12176,#12206,#12236,#12266,#12296,#12326,#12356,#12386,#12416),#90,
  .F.);
#6840 = FACE_BOUND('',#6841,.F.);
#6841 = EDGE_LOOP('',(#6842,#6843,#6844,#6865));
#6842 = ORIENTED_EDGE('',*,*,#74,.T.);
#6843 = ORIENTED_EDGE('',*,*,#236,.T.);
#6844 = ORIENTED_EDGE('',*,*,#6845,.T.);
#6845 = EDGE_CURVE('',#237,#162,#6846,.T.);
#6846 = SURFACE_CURVE('',#6847,(#6851,#6858),.PCURVE_S1.);
#6847 = LINE('',#6848,#6849);
#6848 = CARTESIAN_POINT('',(100.,-100.,1.6));
#6849 = VECTOR('',#6850,1.);
#6850 = DIRECTION('',(1.,0.,0.));
#6851 = PCURVE('',#90,#6852);
#6852 = DEFINITIONAL_REPRESENTATION('',(#6853),#6857);
#6853 = LINE('',#6854,#6855);
#6854 = CARTESIAN_POINT('',(97.5,80.));
#6855 = VECTOR('',#6856,1.);
#6856 = DIRECTION('',(-1.,0.));
#6857 = ( GEOMETRIC_REPRESENTATION_CONTEXT(2) 
PARAMETRIC_REPRESENTATION_CONTEXT() REPRESENTATION_CONTEXT('2D SPACE',''
  ) );
#6858 = PCURVE('',#177,#6859);
#6859 = DEFINITIONAL_REPRESENTATION('',(#6860),#6864);
#6860 = LINE('',#6861,#6862);
#6861 = CARTESIAN_POINT('',(0.,-1.6));
#6862 = VECTOR('',#6863,1.);
#6863 = DIRECTION('',(1.,0.));
#6864 = ( GEOMETRIC_REPRESENTATION_CONTEXT(2) 
PARAMETRIC_REPRESENTATION_CONTEXT() REPRESENTATION_CONTEXT('2D SPACE',''
  ) );
#6865 = ORIENTED_EDGE('',*,*,#189,.T.);
#6866 = FACE_BOUND('',#6867,.F.);
#6867 = EDGE_LOOP('',(#6868));
#6868 = ORIENTED_EDGE('',*,*,#6869,.T.);
#6869 = EDGE_CURVE('',#6870,#6870,#6872,.T.);
#6870 = VERTEX_POINT('',#6871);
#6871 = CARTESIAN_POINT('',(293.1,-256.5,1.6));
#6872 = SURFACE_CURVE('',#6873,(#6878,#6889),.PCURVE_S1.);
#6873 = CIRCLE('',#6874,1.6);
#6874 = AXIS2_PLACEMENT_3D('',#6875,#6876,#6877);
#6875 = CARTESIAN_POINT('',(291.5,-256.5,1.6));
#6876 = DIRECTION('',(0.,0.,1.));
#6877 = DIRECTION('',(1.,0.,-0.));
#6878 = PCURVE('',#90,#6879);
#6879 = DEFINITIONAL_REPRESENTATION('',(#6880),#6888);
#6880 = ( BOUNDED_CURVE() B_SPLINE_CURVE(2,(#6881,#6882,#6883,#6884,
#6885,#6886,#6887),.UNSPECIFIED.,.T.,.F.) B_SPLINE_CURVE_WITH_KNOTS((1,2
    ,2,2,2,1),(-2.094395102393,0.,2.094395102393,4.188790204786,
6.28318530718,8.377580409573),.UNSPECIFIED.) CURVE() 
GEOMETRIC_REPRESENTATION_ITEM() RATIONAL_B_SPLINE_CURVE((1.,0.5,1.,0.5,
1.,0.5,1.)) REPRESENTATION_ITEM('') );
#6881 = CARTESIAN_POINT('',(-95.6,-76.5));
#6882 = CARTESIAN_POINT('',(-95.6,-73.72871870789));
#6883 = CARTESIAN_POINT('',(-93.2,-75.11435935394));
#6884 = CARTESIAN_POINT('',(-90.8,-76.5));
#6885 = CARTESIAN_POINT('',(-93.2,-77.88564064605));
#6886 = CARTESIAN_POINT('',(-95.6,-79.27128129211));
#6887 = CARTESIAN_POINT('',(-95.6,-76.5));
#6888 = ( GEOMETRIC_REPRESENTATION_CONTEXT(2) 
PARAMETRIC_REPRESENTATION_CONTEXT() REPRESENTATION_CONTEXT('2D SPACE',''
  ) );
#6889 = PCURVE('',#353,#6890);
#6890 = DEFINITIONAL_REPRESENTATION('',(#6891),#6895);
#6891 = LINE('',#6892,#6893);
#6892 = CARTESIAN_POINT('',(0.,1.61));
#6893 = VECTOR('',#6894,1.);
#6894 = DIRECTION('',(1.,0.));
#6895 = ( GEOMETRIC_REPRESENTATION_CONTEXT(2) 
PARAMETRIC_REPRESENTATION_CONTEXT() REPRESENTATION_CONTEXT('2D SPACE',''
  ) );
#6896 = FACE_BOUND('',#6897,.F.);
#6897 = EDGE_LOOP('',(#6898));
#6898 = ORIENTED_EDGE('',*,*,#6899,.T.);
#6899 = EDGE_CURVE('',#6900,#6900,#6902,.T.);
#6900 = VERTEX_POINT('',#6901);
#6901 = CARTESIAN_POINT('',(287.07,-249.5,1.6));
#6902 = SURFACE_CURVE('',#6903,(#6908,#6919),.PCURVE_S1.);
#6903 = CIRCLE('',#6904,0.6);
#6904 = AXIS2_PLACEMENT_3D('',#6905,#6906,#6907);
#6905 = CARTESIAN_POINT('',(286.47,-249.5,1.6));
#6906 = DIRECTION('',(0.,0.,1.));
#6907 = DIRECTION('',(1.,0.,-0.));
#6908 = PCURVE('',#90,#6909);
#6909 = DEFINITIONAL_REPRESENTATION('',(#6910),#6918);
#6910 = ( BOUNDED_CURVE() B_SPLINE_CURVE(2,(#6911,#6912,#6913,#6914,
#6915,#6916,#6917),.UNSPECIFIED.,.T.,.F.) B_SPLINE_CURVE_WITH_KNOTS((1,2
    ,2,2,2,1),(-2.094395102393,0.,2.094395102393,4.188790204786,
6.28318530718,8.377580409573),.UNSPECIFIED.) CURVE() 
GEOMETRIC_REPRESENTATION_ITEM() RATIONAL_B_SPLINE_CURVE((1.,0.5,1.,0.5,
1.,0.5,1.)) REPRESENTATION_ITEM('') );
#6911 = CARTESIAN_POINT('',(-89.57,-69.5));
#6912 = CARTESIAN_POINT('',(-89.57,-68.46076951545));
#6913 = CARTESIAN_POINT('',(-88.67,-68.98038475772));
#6914 = CARTESIAN_POINT('',(-87.77,-69.5));
#6915 = CARTESIAN_POINT('',(-88.67,-70.01961524227));
#6916 = CARTESIAN_POINT('',(-89.57,-70.53923048454));
#6917 = CARTESIAN_POINT('',(-89.57,-69.5));
#6918 = ( GEOMETRIC_REPRESENTATION_CONTEXT(2) 
PARAMETRIC_REPRESENTATION_CONTEXT() REPRESENTATION_CONTEXT('2D SPACE',''
  ) );
#6919 = PCURVE('',#388,#6920);
#6920 = DEFINITIONAL_REPRESENTATION('',(#6921),#6925);
#6921 = LINE('',#6922,#6923);
#6922 = CARTESIAN_POINT('',(0.,1.61));
#6923 = VECTOR('',#6924,1.);
#6924 = DIRECTION('',(1.,0.));
#6925 = ( GEOMETRIC_REPRESENTATION_CONTEXT(2) 
PARAMETRIC_REPRESENTATION_CONTEXT() REPRESENTATION_CONTEXT('2D SPACE',''
  ) );
#6926 = FACE_BOUND('',#6927,.F.);
#6927 = EDGE_LOOP('',(#6928));
#6928 = ORIENTED_EDGE('',*,*,#6929,.T.);
#6929 = EDGE_CURVE('',#6930,#6930,#6932,.T.);
#6930 = VERTEX_POINT('',#6931);
#6931 = CARTESIAN_POINT('',(277.1,-251.47,1.6));
#6932 = SURFACE_CURVE('',#6933,(#6938,#6949),.PCURVE_S1.);
#6933 = CIRCLE('',#6934,0.6);
#6934 = AXIS2_PLACEMENT_3D('',#6935,#6936,#6937);
#6935 = CARTESIAN_POINT('',(276.5,-251.47,1.6));
#6936 = DIRECTION('',(0.,0.,1.));
#6937 = DIRECTION('',(1.,0.,-0.));
#6938 = PCURVE('',#90,#6939);
#6939 = DEFINITIONAL_REPRESENTATION('',(#6940),#6948);
#6940 = ( BOUNDED_CURVE() B_SPLINE_CURVE(2,(#6941,#6942,#6943,#6944,
#6945,#6946,#6947),.UNSPECIFIED.,.T.,.F.) B_SPLINE_CURVE_WITH_KNOTS((1,2
    ,2,2,2,1),(-2.094395102393,0.,2.094395102393,4.188790204786,
6.28318530718,8.377580409573),.UNSPECIFIED.) CURVE() 
GEOMETRIC_REPRESENTATION_ITEM() RATIONAL_B_SPLINE_CURVE((1.,0.5,1.,0.5,
1.,0.5,1.)) REPRESENTATION_ITEM('') );
#6941 = CARTESIAN_POINT('',(-79.6,-71.47));
#6942 = CARTESIAN_POINT('',(-79.6,-70.43076951545));
#6943 = CARTESIAN_POINT('',(-78.7,-70.95038475772));
#6944 = CARTESIAN_POINT('',(-77.8,-71.47));
#6945 = CARTESIAN_POINT('',(-78.7,-71.98961524227));
#6946 = CARTESIAN_POINT('',(-79.6,-72.50923048454));
#6947 = CARTESIAN_POINT('',(-79.6,-71.47));
#6948 = ( GEOMETRIC_REPRESENTATION_CONTEXT(2) 
PARAMETRIC_REPRESENTATION_CONTEXT() REPRESENTATION_CONTEXT('2D SPACE',''
  ) );
#6949 = PCURVE('',#423,#6950);
#6950 = DEFINITIONAL_REPRESENTATION('',(#6951),#6955);
#6951 = LINE('',#6952,#6953);
#6952 = CARTESIAN_POINT('',(0.,1.61));
#6953 = VECTOR('',#6954,1.);
#6954 = DIRECTION('',(1.,0.));
#6955 = ( GEOMETRIC_REPRESENTATION_CONTEXT(2) 
PARAMETRIC_REPRESENTATION_CONTEXT() REPRESENTATION_CONTEXT('2D SPACE',''
  ) );
#6956 = FACE_BOUND('',#6957,.F.);
#6957 = EDGE_LOOP('',(#6958));
#6958 = ORIENTED_EDGE('',*,*,#6959,.T.);
#6959 = EDGE_CURVE('',#6960,#6960,#6962,.T.);
#6960 = VERTEX_POINT('',#6961);
#6961 = CARTESIAN_POINT('',(273.6,-251.47,1.6));
#6962 = SURFACE_CURVE('',#6963,(#6968,#6979),.PCURVE_S1.);
#6963 = CIRCLE('',#6964,0.6);
#6964 = AXIS2_PLACEMENT_3D('',#6965,#6966,#6967);
#6965 = CARTESIAN_POINT('',(273.,-251.47,1.6));
#6966 = DIRECTION('',(0.,0.,1.));
#6967 = DIRECTION('',(1.,0.,-0.));
#6968 = PCURVE('',#90,#6969);
#6969 = DEFINITIONAL_REPRESENTATION('',(#6970),#6978);
#6970 = ( BOUNDED_CURVE() B_SPLINE_CURVE(2,(#6971,#6972,#6973,#6974,
#6975,#6976,#6977),.UNSPECIFIED.,.T.,.F.) B_SPLINE_CURVE_WITH_KNOTS((1,2
    ,2,2,2,1),(-2.094395102393,0.,2.094395102393,4.188790204786,
6.28318530718,8.377580409573),.UNSPECIFIED.) CURVE() 
GEOMETRIC_REPRESENTATION_ITEM() RATIONAL_B_SPLINE_CURVE((1.,0.5,1.,0.5,
1.,0.5,1.)) REPRESENTATION_ITEM('') );
#6971 = CARTESIAN_POINT('',(-76.1,-71.47));
#6972 = CARTESIAN_POINT('',(-76.1,-70.43076951545));
#6973 = CARTESIAN_POINT('',(-75.2,-70.95038475772));
#6974 = CARTESIAN_POINT('',(-74.3,-71.47));
#6975 = CARTESIAN_POINT('',(-75.2,-71.98961524227));
#6976 = CARTESIAN_POINT('',(-76.1,-72.50923048454));
#6977 = CARTESIAN_POINT('',(-76.1,-71.47));
#6978 = ( GEOMETRIC_REPRESENTATION_CONTEXT(2) 
PARAMETRIC_REPRESENTATION_CONTEXT() REPRESENTATION_CONTEXT('2D SPACE',''
  ) );
#6979 = PCURVE('',#458,#6980);
#6980 = DEFINITIONAL_REPRESENTATION('',(#6981),#6985);
#6981 = LINE('',#6982,#6983);
#6982 = CARTESIAN_POINT('',(0.,1.61));
#6983 = VECTOR('',#6984,1.);
#6984 = DIRECTION('',(1.,0.));
#6985 = ( GEOMETRIC_REPRESENTATION_CONTEXT(2) 
PARAMETRIC_REPRESENTATION_CONTEXT() REPRESENTATION_CONTEXT('2D SPACE',''
  ) );
#6986 = FACE_BOUND('',#6987,.F.);
#6987 = EDGE_LOOP('',(#6988));
#6988 = ORIENTED_EDGE('',*,*,#6989,.T.);
#6989 = EDGE_CURVE('',#6990,#6990,#6992,.T.);
#6990 = VERTEX_POINT('',#6991);
#6991 = CARTESIAN_POINT('',(270.1,-251.47,1.6));
#6992 = SURFACE_CURVE('',#6993,(#6998,#7009),.PCURVE_S1.);
#6993 = CIRCLE('',#6994,0.6);
#6994 = AXIS2_PLACEMENT_3D('',#6995,#6996,#6997);
#6995 = CARTESIAN_POINT('',(269.5,-251.47,1.6));
#6996 = DIRECTION('',(0.,0.,1.));
#6997 = DIRECTION('',(1.,0.,-0.));
#6998 = PCURVE('',#90,#6999);
#6999 = DEFINITIONAL_REPRESENTATION('',(#7000),#7008);
#7000 = ( BOUNDED_CURVE() B_SPLINE_CURVE(2,(#7001,#7002,#7003,#7004,
#7005,#7006,#7007),.UNSPECIFIED.,.T.,.F.) B_SPLINE_CURVE_WITH_KNOTS((1,2
    ,2,2,2,1),(-2.094395102393,0.,2.094395102393,4.188790204786,
6.28318530718,8.377580409573),.UNSPECIFIED.) CURVE() 
GEOMETRIC_REPRESENTATION_ITEM() RATIONAL_B_SPLINE_CURVE((1.,0.5,1.,0.5,
1.,0.5,1.)) REPRESENTATION_ITEM('') );
#7001 = CARTESIAN_POINT('',(-72.6,-71.47));
#7002 = CARTESIAN_POINT('',(-72.6,-70.43076951545));
#7003 = CARTESIAN_POINT('',(-71.7,-70.95038475772));
#7004 = CARTESIAN_POINT('',(-70.8,-71.47));
#7005 = CARTESIAN_POINT('',(-71.7,-71.98961524227));
#7006 = CARTESIAN_POINT('',(-72.6,-72.50923048454));
#7007 = CARTESIAN_POINT('',(-72.6,-71.47));
#7008 = ( GEOMETRIC_REPRESENTATION_CONTEXT(2) 
PARAMETRIC_REPRESENTATION_CONTEXT() REPRESENTATION_CONTEXT('2D SPACE',''
  ) );
#7009 = PCURVE('',#493,#7010);
#7010 = DEFINITIONAL_REPRESENTATION('',(#7011),#7015);
#7011 = LINE('',#7012,#7013);
#7012 = CARTESIAN_POINT('',(0.,1.61));
#7013 = VECTOR('',#7014,1.);
#7014 = DIRECTION('',(1.,0.));
#7015 = ( GEOMETRIC_REPRESENTATION_CONTEXT(2) 
PARAMETRIC_REPRESENTATION_CONTEXT() REPRESENTATION_CONTEXT('2D SPACE',''
  ) );
#7016 = FACE_BOUND('',#7017,.F.);
#7017 = EDGE_LOOP('',(#7018));
#7018 = ORIENTED_EDGE('',*,*,#7019,.T.);
#7019 = EDGE_CURVE('',#7020,#7020,#7022,.T.);
#7020 = VERTEX_POINT('',#7021);
#7021 = CARTESIAN_POINT('',(287.07,-246.,1.6));
#7022 = SURFACE_CURVE('',#7023,(#7028,#7039),.PCURVE_S1.);
#7023 = CIRCLE('',#7024,0.6);
#7024 = AXIS2_PLACEMENT_3D('',#7025,#7026,#7027);
#7025 = CARTESIAN_POINT('',(286.47,-246.,1.6));
#7026 = DIRECTION('',(0.,0.,1.));
#7027 = DIRECTION('',(1.,0.,-0.));
#7028 = PCURVE('',#90,#7029);
#7029 = DEFINITIONAL_REPRESENTATION('',(#7030),#7038);
#7030 = ( BOUNDED_CURVE() B_SPLINE_CURVE(2,(#7031,#7032,#7033,#7034,
#7035,#7036,#7037),.UNSPECIFIED.,.T.,.F.) B_SPLINE_CURVE_WITH_KNOTS((1,2
    ,2,2,2,1),(-2.094395102393,0.,2.094395102393,4.188790204786,
6.28318530718,8.377580409573),.UNSPECIFIED.) CURVE() 
GEOMETRIC_REPRESENTATION_ITEM() RATIONAL_B_SPLINE_CURVE((1.,0.5,1.,0.5,
1.,0.5,1.)) REPRESENTATION_ITEM('') );
#7031 = CARTESIAN_POINT('',(-89.57,-66.));
#7032 = CARTESIAN_POINT('',(-89.57,-64.96076951545));
#7033 = CARTESIAN_POINT('',(-88.67,-65.48038475772));
#7034 = CARTESIAN_POINT('',(-87.77,-66.));
#7035 = CARTESIAN_POINT('',(-88.67,-66.51961524227));
#7036 = CARTESIAN_POINT('',(-89.57,-67.03923048454));
#7037 = CARTESIAN_POINT('',(-89.57,-66.));
#7038 = ( GEOMETRIC_REPRESENTATION_CONTEXT(2) 
PARAMETRIC_REPRESENTATION_CONTEXT() REPRESENTATION_CONTEXT('2D SPACE',''
  ) );
#7039 = PCURVE('',#528,#7040);
#7040 = DEFINITIONAL_REPRESENTATION('',(#7041),#7045);
#7041 = LINE('',#7042,#7043);
#7042 = CARTESIAN_POINT('',(0.,1.61));
#7043 = VECTOR('',#7044,1.);
#7044 = DIRECTION('',(1.,0.));
#7045 = ( GEOMETRIC_REPRESENTATION_CONTEXT(2) 
PARAMETRIC_REPRESENTATION_CONTEXT() REPRESENTATION_CONTEXT('2D SPACE',''
  ) );
#7046 = FACE_BOUND('',#7047,.F.);
#7047 = EDGE_LOOP('',(#7048));
#7048 = ORIENTED_EDGE('',*,*,#7049,.T.);
#7049 = EDGE_CURVE('',#7050,#7050,#7052,.T.);
#7050 = VERTEX_POINT('',#7051);
#7051 = CARTESIAN_POINT('',(287.07,-242.5,1.6));
#7052 = SURFACE_CURVE('',#7053,(#7058,#7069),.PCURVE_S1.);
#7053 = CIRCLE('',#7054,0.6);
#7054 = AXIS2_PLACEMENT_3D('',#7055,#7056,#7057);
#7055 = CARTESIAN_POINT('',(286.47,-242.5,1.6));
#7056 = DIRECTION('',(0.,0.,1.));
#7057 = DIRECTION('',(1.,0.,-0.));
#7058 = PCURVE('',#90,#7059);
#7059 = DEFINITIONAL_REPRESENTATION('',(#7060),#7068);
#7060 = ( BOUNDED_CURVE() B_SPLINE_CURVE(2,(#7061,#7062,#7063,#7064,
#7065,#7066,#7067),.UNSPECIFIED.,.T.,.F.) B_SPLINE_CURVE_WITH_KNOTS((1,2
    ,2,2,2,1),(-2.094395102393,0.,2.094395102393,4.188790204786,
6.28318530718,8.377580409573),.UNSPECIFIED.) CURVE() 
GEOMETRIC_REPRESENTATION_ITEM() RATIONAL_B_SPLINE_CURVE((1.,0.5,1.,0.5,
1.,0.5,1.)) REPRESENTATION_ITEM('') );
#7061 = CARTESIAN_POINT('',(-89.57,-62.5));
#7062 = CARTESIAN_POINT('',(-89.57,-61.46076951545));
#7063 = CARTESIAN_POINT('',(-88.67,-61.98038475772));
#7064 = CARTESIAN_POINT('',(-87.77,-62.5));
#7065 = CARTESIAN_POINT('',(-88.67,-63.01961524227));
#7066 = CARTESIAN_POINT('',(-89.57,-63.53923048454));
#7067 = CARTESIAN_POINT('',(-89.57,-62.5));
#7068 = ( GEOMETRIC_REPRESENTATION_CONTEXT(2) 
PARAMETRIC_REPRESENTATION_CONTEXT() REPRESENTATION_CONTEXT('2D SPACE',''
  ) );
#7069 = PCURVE('',#563,#7070);
#7070 = DEFINITIONAL_REPRESENTATION('',(#7071),#7075);
#7071 = LINE('',#7072,#7073);
#7072 = CARTESIAN_POINT('',(0.,1.61));
#7073 = VECTOR('',#7074,1.);
#7074 = DIRECTION('',(1.,0.));
#7075 = ( GEOMETRIC_REPRESENTATION_CONTEXT(2) 
PARAMETRIC_REPRESENTATION_CONTEXT() REPRESENTATION_CONTEXT('2D SPACE',''
  ) );
#7076 = FACE_BOUND('',#7077,.F.);
#7077 = EDGE_LOOP('',(#7078));
#7078 = ORIENTED_EDGE('',*,*,#7079,.T.);
#7079 = EDGE_CURVE('',#7080,#7080,#7082,.T.);
#7080 = VERTEX_POINT('',#7081);
#7081 = CARTESIAN_POINT('',(287.07,-239.,1.6));
#7082 = SURFACE_CURVE('',#7083,(#7088,#7099),.PCURVE_S1.);
#7083 = CIRCLE('',#7084,0.6);
#7084 = AXIS2_PLACEMENT_3D('',#7085,#7086,#7087);
#7085 = CARTESIAN_POINT('',(286.47,-239.,1.6));
#7086 = DIRECTION('',(0.,0.,1.));
#7087 = DIRECTION('',(1.,0.,-0.));
#7088 = PCURVE('',#90,#7089);
#7089 = DEFINITIONAL_REPRESENTATION('',(#7090),#7098);
#7090 = ( BOUNDED_CURVE() B_SPLINE_CURVE(2,(#7091,#7092,#7093,#7094,
#7095,#7096,#7097),.UNSPECIFIED.,.T.,.F.) B_SPLINE_CURVE_WITH_KNOTS((1,2
    ,2,2,2,1),(-2.094395102393,0.,2.094395102393,4.188790204786,
6.28318530718,8.377580409573),.UNSPECIFIED.) CURVE() 
GEOMETRIC_REPRESENTATION_ITEM() RATIONAL_B_SPLINE_CURVE((1.,0.5,1.,0.5,
1.,0.5,1.)) REPRESENTATION_ITEM('') );
#7091 = CARTESIAN_POINT('',(-89.57,-59.));
#7092 = CARTESIAN_POINT('',(-89.57,-57.96076951545));
#7093 = CARTESIAN_POINT('',(-88.67,-58.48038475772));
#7094 = CARTESIAN_POINT('',(-87.77,-59.));
#7095 = CARTESIAN_POINT('',(-88.67,-59.51961524227));
#7096 = CARTESIAN_POINT('',(-89.57,-60.03923048454));
#7097 = CARTESIAN_POINT('',(-89.57,-59.));
#7098 = ( GEOMETRIC_REPRESENTATION_CONTEXT(2) 
PARAMETRIC_REPRESENTATION_CONTEXT() REPRESENTATION_CONTEXT('2D SPACE',''
  ) );
#7099 = PCURVE('',#598,#7100);
#7100 = DEFINITIONAL_REPRESENTATION('',(#7101),#7105);
#7101 = LINE('',#7102,#7103);
#7102 = CARTESIAN_POINT('',(0.,1.61));
#7103 = VECTOR('',#7104,1.);
#7104 = DIRECTION('',(1.,0.));
#7105 = ( GEOMETRIC_REPRESENTATION_CONTEXT(2) 
PARAMETRIC_REPRESENTATION_CONTEXT() REPRESENTATION_CONTEXT('2D SPACE',''
  ) );
#7106 = FACE_BOUND('',#7107,.F.);
#7107 = EDGE_LOOP('',(#7108));
#7108 = ORIENTED_EDGE('',*,*,#7109,.T.);
#7109 = EDGE_CURVE('',#7110,#7110,#7112,.T.);
#7110 = VERTEX_POINT('',#7111);
#7111 = CARTESIAN_POINT('',(266.6,-251.47,1.6));
#7112 = SURFACE_CURVE('',#7113,(#7118,#7129),.PCURVE_S1.);
#7113 = CIRCLE('',#7114,0.6);
#7114 = AXIS2_PLACEMENT_3D('',#7115,#7116,#7117);
#7115 = CARTESIAN_POINT('',(266.,-251.47,1.6));
#7116 = DIRECTION('',(0.,0.,1.));
#7117 = DIRECTION('',(1.,0.,-0.));
#7118 = PCURVE('',#90,#7119);
#7119 = DEFINITIONAL_REPRESENTATION('',(#7120),#7128);
#7120 = ( BOUNDED_CURVE() B_SPLINE_CURVE(2,(#7121,#7122,#7123,#7124,
#7125,#7126,#7127),.UNSPECIFIED.,.T.,.F.) B_SPLINE_CURVE_WITH_KNOTS((1,2
    ,2,2,2,1),(-2.094395102393,0.,2.094395102393,4.188790204786,
6.28318530718,8.377580409573),.UNSPECIFIED.) CURVE() 
GEOMETRIC_REPRESENTATION_ITEM() RATIONAL_B_SPLINE_CURVE((1.,0.5,1.,0.5,
1.,0.5,1.)) REPRESENTATION_ITEM('') );
#7121 = CARTESIAN_POINT('',(-69.1,-71.47));
#7122 = CARTESIAN_POINT('',(-69.1,-70.43076951545));
#7123 = CARTESIAN_POINT('',(-68.2,-70.95038475772));
#7124 = CARTESIAN_POINT('',(-67.3,-71.47));
#7125 = CARTESIAN_POINT('',(-68.2,-71.98961524227));
#7126 = CARTESIAN_POINT('',(-69.1,-72.50923048454));
#7127 = CARTESIAN_POINT('',(-69.1,-71.47));
#7128 = ( GEOMETRIC_REPRESENTATION_CONTEXT(2) 
PARAMETRIC_REPRESENTATION_CONTEXT() REPRESENTATION_CONTEXT('2D SPACE',''
  ) );
#7129 = PCURVE('',#633,#7130);
#7130 = DEFINITIONAL_REPRESENTATION('',(#7131),#7135);
#7131 = LINE('',#7132,#7133);
#7132 = CARTESIAN_POINT('',(0.,1.61));
#7133 = VECTOR('',#7134,1.);
#7134 = DIRECTION('',(1.,0.));
#7135 = ( GEOMETRIC_REPRESENTATION_CONTEXT(2) 
PARAMETRIC_REPRESENTATION_CONTEXT() REPRESENTATION_CONTEXT('2D SPACE',''
  ) );
#7136 = FACE_BOUND('',#7137,.F.);
#7137 = EDGE_LOOP('',(#7138));
#7138 = ORIENTED_EDGE('',*,*,#7139,.T.);
#7139 = EDGE_CURVE('',#7140,#7140,#7142,.T.);
#7140 = VERTEX_POINT('',#7141);
#7141 = CARTESIAN_POINT('',(263.1,-251.47,1.6));
#7142 = SURFACE_CURVE('',#7143,(#7148,#7159),.PCURVE_S1.);
#7143 = CIRCLE('',#7144,0.6);
#7144 = AXIS2_PLACEMENT_3D('',#7145,#7146,#7147);
#7145 = CARTESIAN_POINT('',(262.5,-251.47,1.6));
#7146 = DIRECTION('',(0.,0.,1.));
#7147 = DIRECTION('',(1.,0.,-0.));
#7148 = PCURVE('',#90,#7149);
#7149 = DEFINITIONAL_REPRESENTATION('',(#7150),#7158);
#7150 = ( BOUNDED_CURVE() B_SPLINE_CURVE(2,(#7151,#7152,#7153,#7154,
#7155,#7156,#7157),.UNSPECIFIED.,.T.,.F.) B_SPLINE_CURVE_WITH_KNOTS((1,2
    ,2,2,2,1),(-2.094395102393,0.,2.094395102393,4.188790204786,
6.28318530718,8.377580409573),.UNSPECIFIED.) CURVE() 
GEOMETRIC_REPRESENTATION_ITEM() RATIONAL_B_SPLINE_CURVE((1.,0.5,1.,0.5,
1.,0.5,1.)) REPRESENTATION_ITEM('') );
#7151 = CARTESIAN_POINT('',(-65.6,-71.47));
#7152 = CARTESIAN_POINT('',(-65.6,-70.43076951545));
#7153 = CARTESIAN_POINT('',(-64.7,-70.95038475772));
#7154 = CARTESIAN_POINT('',(-63.8,-71.47));
#7155 = CARTESIAN_POINT('',(-64.7,-71.98961524227));
#7156 = CARTESIAN_POINT('',(-65.6,-72.50923048454));
#7157 = CARTESIAN_POINT('',(-65.6,-71.47));
#7158 = ( GEOMETRIC_REPRESENTATION_CONTEXT(2) 
PARAMETRIC_REPRESENTATION_CONTEXT() REPRESENTATION_CONTEXT('2D SPACE',''
  ) );
#7159 = PCURVE('',#668,#7160);
#7160 = DEFINITIONAL_REPRESENTATION('',(#7161),#7165);
#7161 = LINE('',#7162,#7163);
#7162 = CARTESIAN_POINT('',(0.,1.61));
#7163 = VECTOR('',#7164,1.);
#7164 = DIRECTION('',(1.,0.));
#7165 = ( GEOMETRIC_REPRESENTATION_CONTEXT(2) 
PARAMETRIC_REPRESENTATION_CONTEXT() REPRESENTATION_CONTEXT('2D SPACE',''
  ) );
#7166 = FACE_BOUND('',#7167,.F.);
#7167 = EDGE_LOOP('',(#7168));
#7168 = ORIENTED_EDGE('',*,*,#7169,.T.);
#7169 = EDGE_CURVE('',#7170,#7170,#7172,.T.);
#7170 = VERTEX_POINT('',#7171);
#7171 = CARTESIAN_POINT('',(259.6,-251.47,1.6));
#7172 = SURFACE_CURVE('',#7173,(#7178,#7189),.PCURVE_S1.);
#7173 = CIRCLE('',#7174,0.6);
#7174 = AXIS2_PLACEMENT_3D('',#7175,#7176,#7177);
#7175 = CARTESIAN_POINT('',(259.,-251.47,1.6));
#7176 = DIRECTION('',(0.,0.,1.));
#7177 = DIRECTION('',(1.,0.,-0.));
#7178 = PCURVE('',#90,#7179);
#7179 = DEFINITIONAL_REPRESENTATION('',(#7180),#7188);
#7180 = ( BOUNDED_CURVE() B_SPLINE_CURVE(2,(#7181,#7182,#7183,#7184,
#7185,#7186,#7187),.UNSPECIFIED.,.T.,.F.) B_SPLINE_CURVE_WITH_KNOTS((1,2
    ,2,2,2,1),(-2.094395102393,0.,2.094395102393,4.188790204786,
6.28318530718,8.377580409573),.UNSPECIFIED.) CURVE() 
GEOMETRIC_REPRESENTATION_ITEM() RATIONAL_B_SPLINE_CURVE((1.,0.5,1.,0.5,
1.,0.5,1.)) REPRESENTATION_ITEM('') );
#7181 = CARTESIAN_POINT('',(-62.1,-71.47));
#7182 = CARTESIAN_POINT('',(-62.1,-70.43076951545));
#7183 = CARTESIAN_POINT('',(-61.2,-70.95038475772));
#7184 = CARTESIAN_POINT('',(-60.3,-71.47));
#7185 = CARTESIAN_POINT('',(-61.2,-71.98961524227));
#7186 = CARTESIAN_POINT('',(-62.1,-72.50923048454));
#7187 = CARTESIAN_POINT('',(-62.1,-71.47));
#7188 = ( GEOMETRIC_REPRESENTATION_CONTEXT(2) 
PARAMETRIC_REPRESENTATION_CONTEXT() REPRESENTATION_CONTEXT('2D SPACE',''
  ) );
#7189 = PCURVE('',#703,#7190);
#7190 = DEFINITIONAL_REPRESENTATION('',(#7191),#7195);
#7191 = LINE('',#7192,#7193);
#7192 = CARTESIAN_POINT('',(0.,1.61));
#7193 = VECTOR('',#7194,1.);
#7194 = DIRECTION('',(1.,0.));
#7195 = ( GEOMETRIC_REPRESENTATION_CONTEXT(2) 
PARAMETRIC_REPRESENTATION_CONTEXT() REPRESENTATION_CONTEXT('2D SPACE',''
  ) );
#7196 = FACE_BOUND('',#7197,.F.);
#7197 = EDGE_LOOP('',(#7198));
#7198 = ORIENTED_EDGE('',*,*,#7199,.T.);
#7199 = EDGE_CURVE('',#7200,#7200,#7202,.T.);
#7200 = VERTEX_POINT('',#7201);
#7201 = CARTESIAN_POINT('',(252.1,-251.47,1.6));
#7202 = SURFACE_CURVE('',#7203,(#7208,#7219),.PCURVE_S1.);
#7203 = CIRCLE('',#7204,0.6);
#7204 = AXIS2_PLACEMENT_3D('',#7205,#7206,#7207);
#7205 = CARTESIAN_POINT('',(251.5,-251.47,1.6));
#7206 = DIRECTION('',(0.,0.,1.));
#7207 = DIRECTION('',(1.,0.,-0.));
#7208 = PCURVE('',#90,#7209);
#7209 = DEFINITIONAL_REPRESENTATION('',(#7210),#7218);
#7210 = ( BOUNDED_CURVE() B_SPLINE_CURVE(2,(#7211,#7212,#7213,#7214,
#7215,#7216,#7217),.UNSPECIFIED.,.T.,.F.) B_SPLINE_CURVE_WITH_KNOTS((1,2
    ,2,2,2,1),(-2.094395102393,0.,2.094395102393,4.188790204786,
6.28318530718,8.377580409573),.UNSPECIFIED.) CURVE() 
GEOMETRIC_REPRESENTATION_ITEM() RATIONAL_B_SPLINE_CURVE((1.,0.5,1.,0.5,
1.,0.5,1.)) REPRESENTATION_ITEM('') );
#7211 = CARTESIAN_POINT('',(-54.6,-71.47));
#7212 = CARTESIAN_POINT('',(-54.6,-70.43076951545));
#7213 = CARTESIAN_POINT('',(-53.7,-70.95038475772));
#7214 = CARTESIAN_POINT('',(-52.8,-71.47));
#7215 = CARTESIAN_POINT('',(-53.7,-71.98961524227));
#7216 = CARTESIAN_POINT('',(-54.6,-72.50923048454));
#7217 = CARTESIAN_POINT('',(-54.6,-71.47));
#7218 = ( GEOMETRIC_REPRESENTATION_CONTEXT(2) 
PARAMETRIC_REPRESENTATION_CONTEXT() REPRESENTATION_CONTEXT('2D SPACE',''
  ) );
#7219 = PCURVE('',#738,#7220);
#7220 = DEFINITIONAL_REPRESENTATION('',(#7221),#7225);
#7221 = LINE('',#7222,#7223);
#7222 = CARTESIAN_POINT('',(0.,1.61));
#7223 = VECTOR('',#7224,1.);
#7224 = DIRECTION('',(1.,0.));
#7225 = ( GEOMETRIC_REPRESENTATION_CONTEXT(2) 
PARAMETRIC_REPRESENTATION_CONTEXT() REPRESENTATION_CONTEXT('2D SPACE',''
  ) );
#7226 = FACE_BOUND('',#7227,.F.);
#7227 = EDGE_LOOP('',(#7228));
#7228 = ORIENTED_EDGE('',*,*,#7229,.T.);
#7229 = EDGE_CURVE('',#7230,#7230,#7232,.T.);
#7230 = VERTEX_POINT('',#7231);
#7231 = CARTESIAN_POINT('',(248.6,-251.47,1.6));
#7232 = SURFACE_CURVE('',#7233,(#7238,#7249),.PCURVE_S1.);
#7233 = CIRCLE('',#7234,0.6);
#7234 = AXIS2_PLACEMENT_3D('',#7235,#7236,#7237);
#7235 = CARTESIAN_POINT('',(248.,-251.47,1.6));
#7236 = DIRECTION('',(0.,0.,1.));
#7237 = DIRECTION('',(1.,0.,-0.));
#7238 = PCURVE('',#90,#7239);
#7239 = DEFINITIONAL_REPRESENTATION('',(#7240),#7248);
#7240 = ( BOUNDED_CURVE() B_SPLINE_CURVE(2,(#7241,#7242,#7243,#7244,
#7245,#7246,#7247),.UNSPECIFIED.,.T.,.F.) B_SPLINE_CURVE_WITH_KNOTS((1,2
    ,2,2,2,1),(-2.094395102393,0.,2.094395102393,4.188790204786,
6.28318530718,8.377580409573),.UNSPECIFIED.) CURVE() 
GEOMETRIC_REPRESENTATION_ITEM() RATIONAL_B_SPLINE_CURVE((1.,0.5,1.,0.5,
1.,0.5,1.)) REPRESENTATION_ITEM('') );
#7241 = CARTESIAN_POINT('',(-51.1,-71.47));
#7242 = CARTESIAN_POINT('',(-51.1,-70.43076951545));
#7243 = CARTESIAN_POINT('',(-50.2,-70.95038475772));
#7244 = CARTESIAN_POINT('',(-49.3,-71.47));
#7245 = CARTESIAN_POINT('',(-50.2,-71.98961524227));
#7246 = CARTESIAN_POINT('',(-51.1,-72.50923048454));
#7247 = CARTESIAN_POINT('',(-51.1,-71.47));
#7248 = ( GEOMETRIC_REPRESENTATION_CONTEXT(2) 
PARAMETRIC_REPRESENTATION_CONTEXT() REPRESENTATION_CONTEXT('2D SPACE',''
  ) );
#7249 = PCURVE('',#773,#7250);
#7250 = DEFINITIONAL_REPRESENTATION('',(#7251),#7255);
#7251 = LINE('',#7252,#7253);
#7252 = CARTESIAN_POINT('',(0.,1.61));
#7253 = VECTOR('',#7254,1.);
#7254 = DIRECTION('',(1.,0.));
#7255 = ( GEOMETRIC_REPRESENTATION_CONTEXT(2) 
PARAMETRIC_REPRESENTATION_CONTEXT() REPRESENTATION_CONTEXT('2D SPACE',''
  ) );
#7256 = FACE_BOUND('',#7257,.F.);
#7257 = EDGE_LOOP('',(#7258));
#7258 = ORIENTED_EDGE('',*,*,#7259,.T.);
#7259 = EDGE_CURVE('',#7260,#7260,#7262,.T.);
#7260 = VERTEX_POINT('',#7261);
#7261 = CARTESIAN_POINT('',(287.07,-235.5,1.6));
#7262 = SURFACE_CURVE('',#7263,(#7268,#7279),.PCURVE_S1.);
#7263 = CIRCLE('',#7264,0.6);
#7264 = AXIS2_PLACEMENT_3D('',#7265,#7266,#7267);
#7265 = CARTESIAN_POINT('',(286.47,-235.5,1.6));
#7266 = DIRECTION('',(0.,0.,1.));
#7267 = DIRECTION('',(1.,0.,-0.));
#7268 = PCURVE('',#90,#7269);
#7269 = DEFINITIONAL_REPRESENTATION('',(#7270),#7278);
#7270 = ( BOUNDED_CURVE() B_SPLINE_CURVE(2,(#7271,#7272,#7273,#7274,
#7275,#7276,#7277),.UNSPECIFIED.,.T.,.F.) B_SPLINE_CURVE_WITH_KNOTS((1,2
    ,2,2,2,1),(-2.094395102393,0.,2.094395102393,4.188790204786,
6.28318530718,8.377580409573),.UNSPECIFIED.) CURVE() 
GEOMETRIC_REPRESENTATION_ITEM() RATIONAL_B_SPLINE_CURVE((1.,0.5,1.,0.5,
1.,0.5,1.)) REPRESENTATION_ITEM('') );
#7271 = CARTESIAN_POINT('',(-89.57,-55.5));
#7272 = CARTESIAN_POINT('',(-89.57,-54.46076951545));
#7273 = CARTESIAN_POINT('',(-88.67,-54.98038475772));
#7274 = CARTESIAN_POINT('',(-87.77,-55.5));
#7275 = CARTESIAN_POINT('',(-88.67,-56.01961524227));
#7276 = CARTESIAN_POINT('',(-89.57,-56.53923048454));
#7277 = CARTESIAN_POINT('',(-89.57,-55.5));
#7278 = ( GEOMETRIC_REPRESENTATION_CONTEXT(2) 
PARAMETRIC_REPRESENTATION_CONTEXT() REPRESENTATION_CONTEXT('2D SPACE',''
  ) );
#7279 = PCURVE('',#808,#7280);
#7280 = DEFINITIONAL_REPRESENTATION('',(#7281),#7285);
#7281 = LINE('',#7282,#7283);
#7282 = CARTESIAN_POINT('',(0.,1.61));
#7283 = VECTOR('',#7284,1.);
#7284 = DIRECTION('',(1.,0.));
#7285 = ( GEOMETRIC_REPRESENTATION_CONTEXT(2) 
PARAMETRIC_REPRESENTATION_CONTEXT() REPRESENTATION_CONTEXT('2D SPACE',''
  ) );
#7286 = FACE_BOUND('',#7287,.F.);
#7287 = EDGE_LOOP('',(#7288));
#7288 = ORIENTED_EDGE('',*,*,#7289,.T.);
#7289 = EDGE_CURVE('',#7290,#7290,#7292,.T.);
#7290 = VERTEX_POINT('',#7291);
#7291 = CARTESIAN_POINT('',(287.07,-232.,1.6));
#7292 = SURFACE_CURVE('',#7293,(#7298,#7309),.PCURVE_S1.);
#7293 = CIRCLE('',#7294,0.6);
#7294 = AXIS2_PLACEMENT_3D('',#7295,#7296,#7297);
#7295 = CARTESIAN_POINT('',(286.47,-232.,1.6));
#7296 = DIRECTION('',(0.,0.,1.));
#7297 = DIRECTION('',(1.,0.,-0.));
#7298 = PCURVE('',#90,#7299);
#7299 = DEFINITIONAL_REPRESENTATION('',(#7300),#7308);
#7300 = ( BOUNDED_CURVE() B_SPLINE_CURVE(2,(#7301,#7302,#7303,#7304,
#7305,#7306,#7307),.UNSPECIFIED.,.T.,.F.) B_SPLINE_CURVE_WITH_KNOTS((1,2
    ,2,2,2,1),(-2.094395102393,0.,2.094395102393,4.188790204786,
6.28318530718,8.377580409573),.UNSPECIFIED.) CURVE() 
GEOMETRIC_REPRESENTATION_ITEM() RATIONAL_B_SPLINE_CURVE((1.,0.5,1.,0.5,
1.,0.5,1.)) REPRESENTATION_ITEM('') );
#7301 = CARTESIAN_POINT('',(-89.57,-52.));
#7302 = CARTESIAN_POINT('',(-89.57,-50.96076951545));
#7303 = CARTESIAN_POINT('',(-88.67,-51.48038475772));
#7304 = CARTESIAN_POINT('',(-87.77,-52.));
#7305 = CARTESIAN_POINT('',(-88.67,-52.51961524227));
#7306 = CARTESIAN_POINT('',(-89.57,-53.03923048454));
#7307 = CARTESIAN_POINT('',(-89.57,-52.));
#7308 = ( GEOMETRIC_REPRESENTATION_CONTEXT(2) 
PARAMETRIC_REPRESENTATION_CONTEXT() REPRESENTATION_CONTEXT('2D SPACE',''
  ) );
#7309 = PCURVE('',#843,#7310);
#7310 = DEFINITIONAL_REPRESENTATION('',(#7311),#7315);
#7311 = LINE('',#7312,#7313);
#7312 = CARTESIAN_POINT('',(0.,1.61));
#7313 = VECTOR('',#7314,1.);
#7314 = DIRECTION('',(1.,0.));
#7315 = ( GEOMETRIC_REPRESENTATION_CONTEXT(2) 
PARAMETRIC_REPRESENTATION_CONTEXT() REPRESENTATION_CONTEXT('2D SPACE',''
  ) );
#7316 = FACE_BOUND('',#7317,.F.);
#7317 = EDGE_LOOP('',(#7318));
#7318 = ORIENTED_EDGE('',*,*,#7319,.T.);
#7319 = EDGE_CURVE('',#7320,#7320,#7322,.T.);
#7320 = VERTEX_POINT('',#7321);
#7321 = CARTESIAN_POINT('',(287.07,-228.5,1.6));
#7322 = SURFACE_CURVE('',#7323,(#7328,#7339),.PCURVE_S1.);
#7323 = CIRCLE('',#7324,0.6);
#7324 = AXIS2_PLACEMENT_3D('',#7325,#7326,#7327);
#7325 = CARTESIAN_POINT('',(286.47,-228.5,1.6));
#7326 = DIRECTION('',(0.,0.,1.));
#7327 = DIRECTION('',(1.,0.,-0.));
#7328 = PCURVE('',#90,#7329);
#7329 = DEFINITIONAL_REPRESENTATION('',(#7330),#7338);
#7330 = ( BOUNDED_CURVE() B_SPLINE_CURVE(2,(#7331,#7332,#7333,#7334,
#7335,#7336,#7337),.UNSPECIFIED.,.T.,.F.) B_SPLINE_CURVE_WITH_KNOTS((1,2
    ,2,2,2,1),(-2.094395102393,0.,2.094395102393,4.188790204786,
6.28318530718,8.377580409573),.UNSPECIFIED.) CURVE() 
GEOMETRIC_REPRESENTATION_ITEM() RATIONAL_B_SPLINE_CURVE((1.,0.5,1.,0.5,
1.,0.5,1.)) REPRESENTATION_ITEM('') );
#7331 = CARTESIAN_POINT('',(-89.57,-48.5));
#7332 = CARTESIAN_POINT('',(-89.57,-47.46076951545));
#7333 = CARTESIAN_POINT('',(-88.67,-47.98038475772));
#7334 = CARTESIAN_POINT('',(-87.77,-48.5));
#7335 = CARTESIAN_POINT('',(-88.67,-49.01961524227));
#7336 = CARTESIAN_POINT('',(-89.57,-49.53923048454));
#7337 = CARTESIAN_POINT('',(-89.57,-48.5));
#7338 = ( GEOMETRIC_REPRESENTATION_CONTEXT(2) 
PARAMETRIC_REPRESENTATION_CONTEXT() REPRESENTATION_CONTEXT('2D SPACE',''
  ) );
#7339 = PCURVE('',#878,#7340);
#7340 = DEFINITIONAL_REPRESENTATION('',(#7341),#7345);
#7341 = LINE('',#7342,#7343);
#7342 = CARTESIAN_POINT('',(0.,1.61));
#7343 = VECTOR('',#7344,1.);
#7344 = DIRECTION('',(1.,0.));
#7345 = ( GEOMETRIC_REPRESENTATION_CONTEXT(2) 
PARAMETRIC_REPRESENTATION_CONTEXT() REPRESENTATION_CONTEXT('2D SPACE',''
  ) );
#7346 = FACE_BOUND('',#7347,.F.);
#7347 = EDGE_LOOP('',(#7348));
#7348 = ORIENTED_EDGE('',*,*,#7349,.T.);
#7349 = EDGE_CURVE('',#7350,#7350,#7352,.T.);
#7350 = VERTEX_POINT('',#7351);
#7351 = CARTESIAN_POINT('',(287.07,-225.,1.6));
#7352 = SURFACE_CURVE('',#7353,(#7358,#7369),.PCURVE_S1.);
#7353 = CIRCLE('',#7354,0.6);
#7354 = AXIS2_PLACEMENT_3D('',#7355,#7356,#7357);
#7355 = CARTESIAN_POINT('',(286.47,-225.,1.6));
#7356 = DIRECTION('',(0.,0.,1.));
#7357 = DIRECTION('',(1.,0.,-0.));
#7358 = PCURVE('',#90,#7359);
#7359 = DEFINITIONAL_REPRESENTATION('',(#7360),#7368);
#7360 = ( BOUNDED_CURVE() B_SPLINE_CURVE(2,(#7361,#7362,#7363,#7364,
#7365,#7366,#7367),.UNSPECIFIED.,.T.,.F.) B_SPLINE_CURVE_WITH_KNOTS((1,2
    ,2,2,2,1),(-2.094395102393,0.,2.094395102393,4.188790204786,
6.28318530718,8.377580409573),.UNSPECIFIED.) CURVE() 
GEOMETRIC_REPRESENTATION_ITEM() RATIONAL_B_SPLINE_CURVE((1.,0.5,1.,0.5,
1.,0.5,1.)) REPRESENTATION_ITEM('') );
#7361 = CARTESIAN_POINT('',(-89.57,-45.));
#7362 = CARTESIAN_POINT('',(-89.57,-43.96076951545));
#7363 = CARTESIAN_POINT('',(-88.67,-44.48038475772));
#7364 = CARTESIAN_POINT('',(-87.77,-45.));
#7365 = CARTESIAN_POINT('',(-88.67,-45.51961524227));
#7366 = CARTESIAN_POINT('',(-89.57,-46.03923048454));
#7367 = CARTESIAN_POINT('',(-89.57,-45.));
#7368 = ( GEOMETRIC_REPRESENTATION_CONTEXT(2) 
PARAMETRIC_REPRESENTATION_CONTEXT() REPRESENTATION_CONTEXT('2D SPACE',''
  ) );
#7369 = PCURVE('',#913,#7370);
#7370 = DEFINITIONAL_REPRESENTATION('',(#7371),#7375);
#7371 = LINE('',#7372,#7373);
#7372 = CARTESIAN_POINT('',(0.,1.61));
#7373 = VECTOR('',#7374,1.);
#7374 = DIRECTION('',(1.,0.));
#7375 = ( GEOMETRIC_REPRESENTATION_CONTEXT(2) 
PARAMETRIC_REPRESENTATION_CONTEXT() REPRESENTATION_CONTEXT('2D SPACE',''
  ) );
#7376 = FACE_BOUND('',#7377,.F.);
#7377 = EDGE_LOOP('',(#7378));
#7378 = ORIENTED_EDGE('',*,*,#7379,.T.);
#7379 = EDGE_CURVE('',#7380,#7380,#7382,.T.);
#7380 = VERTEX_POINT('',#7381);
#7381 = CARTESIAN_POINT('',(245.1,-251.47,1.6));
#7382 = SURFACE_CURVE('',#7383,(#7388,#7399),.PCURVE_S1.);
#7383 = CIRCLE('',#7384,0.6);
#7384 = AXIS2_PLACEMENT_3D('',#7385,#7386,#7387);
#7385 = CARTESIAN_POINT('',(244.5,-251.47,1.6));
#7386 = DIRECTION('',(0.,0.,1.));
#7387 = DIRECTION('',(1.,0.,-0.));
#7388 = PCURVE('',#90,#7389);
#7389 = DEFINITIONAL_REPRESENTATION('',(#7390),#7398);
#7390 = ( BOUNDED_CURVE() B_SPLINE_CURVE(2,(#7391,#7392,#7393,#7394,
#7395,#7396,#7397),.UNSPECIFIED.,.T.,.F.) B_SPLINE_CURVE_WITH_KNOTS((1,2
    ,2,2,2,1),(-2.094395102393,0.,2.094395102393,4.188790204786,
6.28318530718,8.377580409573),.UNSPECIFIED.) CURVE() 
GEOMETRIC_REPRESENTATION_ITEM() RATIONAL_B_SPLINE_CURVE((1.,0.5,1.,0.5,
1.,0.5,1.)) REPRESENTATION_ITEM('') );
#7391 = CARTESIAN_POINT('',(-47.6,-71.47));
#7392 = CARTESIAN_POINT('',(-47.6,-70.43076951545));
#7393 = CARTESIAN_POINT('',(-46.7,-70.95038475772));
#7394 = CARTESIAN_POINT('',(-45.8,-71.47));
#7395 = CARTESIAN_POINT('',(-46.7,-71.98961524227));
#7396 = CARTESIAN_POINT('',(-47.6,-72.50923048454));
#7397 = CARTESIAN_POINT('',(-47.6,-71.47));
#7398 = ( GEOMETRIC_REPRESENTATION_CONTEXT(2) 
PARAMETRIC_REPRESENTATION_CONTEXT() REPRESENTATION_CONTEXT('2D SPACE',''
  ) );
#7399 = PCURVE('',#948,#7400);
#7400 = DEFINITIONAL_REPRESENTATION('',(#7401),#7405);
#7401 = LINE('',#7402,#7403);
#7402 = CARTESIAN_POINT('',(0.,1.61));
#7403 = VECTOR('',#7404,1.);
#7404 = DIRECTION('',(1.,0.));
#7405 = ( GEOMETRIC_REPRESENTATION_CONTEXT(2) 
PARAMETRIC_REPRESENTATION_CONTEXT() REPRESENTATION_CONTEXT('2D SPACE',''
  ) );
#7406 = FACE_BOUND('',#7407,.F.);
#7407 = EDGE_LOOP('',(#7408));
#7408 = ORIENTED_EDGE('',*,*,#7409,.T.);
#7409 = EDGE_CURVE('',#7410,#7410,#7412,.T.);
#7410 = VERTEX_POINT('',#7411);
#7411 = CARTESIAN_POINT('',(241.6,-251.47,1.6));
#7412 = SURFACE_CURVE('',#7413,(#7418,#7429),.PCURVE_S1.);
#7413 = CIRCLE('',#7414,0.6);
#7414 = AXIS2_PLACEMENT_3D('',#7415,#7416,#7417);
#7415 = CARTESIAN_POINT('',(241.,-251.47,1.6));
#7416 = DIRECTION('',(0.,0.,1.));
#7417 = DIRECTION('',(1.,0.,-0.));
#7418 = PCURVE('',#90,#7419);
#7419 = DEFINITIONAL_REPRESENTATION('',(#7420),#7428);
#7420 = ( BOUNDED_CURVE() B_SPLINE_CURVE(2,(#7421,#7422,#7423,#7424,
#7425,#7426,#7427),.UNSPECIFIED.,.T.,.F.) B_SPLINE_CURVE_WITH_KNOTS((1,2
    ,2,2,2,1),(-2.094395102393,0.,2.094395102393,4.188790204786,
6.28318530718,8.377580409573),.UNSPECIFIED.) CURVE() 
GEOMETRIC_REPRESENTATION_ITEM() RATIONAL_B_SPLINE_CURVE((1.,0.5,1.,0.5,
1.,0.5,1.)) REPRESENTATION_ITEM('') );
#7421 = CARTESIAN_POINT('',(-44.1,-71.47));
#7422 = CARTESIAN_POINT('',(-44.1,-70.43076951545));
#7423 = CARTESIAN_POINT('',(-43.2,-70.95038475772));
#7424 = CARTESIAN_POINT('',(-42.3,-71.47));
#7425 = CARTESIAN_POINT('',(-43.2,-71.98961524227));
#7426 = CARTESIAN_POINT('',(-44.1,-72.50923048454));
#7427 = CARTESIAN_POINT('',(-44.1,-71.47));
#7428 = ( GEOMETRIC_REPRESENTATION_CONTEXT(2) 
PARAMETRIC_REPRESENTATION_CONTEXT() REPRESENTATION_CONTEXT('2D SPACE',''
  ) );
#7429 = PCURVE('',#983,#7430);
#7430 = DEFINITIONAL_REPRESENTATION('',(#7431),#7435);
#7431 = LINE('',#7432,#7433);
#7432 = CARTESIAN_POINT('',(0.,1.61));
#7433 = VECTOR('',#7434,1.);
#7434 = DIRECTION('',(1.,0.));
#7435 = ( GEOMETRIC_REPRESENTATION_CONTEXT(2) 
PARAMETRIC_REPRESENTATION_CONTEXT() REPRESENTATION_CONTEXT('2D SPACE',''
  ) );
#7436 = FACE_BOUND('',#7437,.F.);
#7437 = EDGE_LOOP('',(#7438));
#7438 = ORIENTED_EDGE('',*,*,#7439,.T.);
#7439 = EDGE_CURVE('',#7440,#7440,#7442,.T.);
#7440 = VERTEX_POINT('',#7441);
#7441 = CARTESIAN_POINT('',(238.1,-251.47,1.6));
#7442 = SURFACE_CURVE('',#7443,(#7448,#7459),.PCURVE_S1.);
#7443 = CIRCLE('',#7444,0.6);
#7444 = AXIS2_PLACEMENT_3D('',#7445,#7446,#7447);
#7445 = CARTESIAN_POINT('',(237.5,-251.47,1.6));
#7446 = DIRECTION('',(0.,0.,1.));
#7447 = DIRECTION('',(1.,0.,-0.));
#7448 = PCURVE('',#90,#7449);
#7449 = DEFINITIONAL_REPRESENTATION('',(#7450),#7458);
#7450 = ( BOUNDED_CURVE() B_SPLINE_CURVE(2,(#7451,#7452,#7453,#7454,
#7455,#7456,#7457),.UNSPECIFIED.,.T.,.F.) B_SPLINE_CURVE_WITH_KNOTS((1,2
    ,2,2,2,1),(-2.094395102393,0.,2.094395102393,4.188790204786,
6.28318530718,8.377580409573),.UNSPECIFIED.) CURVE() 
GEOMETRIC_REPRESENTATION_ITEM() RATIONAL_B_SPLINE_CURVE((1.,0.5,1.,0.5,
1.,0.5,1.)) REPRESENTATION_ITEM('') );
#7451 = CARTESIAN_POINT('',(-40.6,-71.47));
#7452 = CARTESIAN_POINT('',(-40.6,-70.43076951545));
#7453 = CARTESIAN_POINT('',(-39.7,-70.95038475772));
#7454 = CARTESIAN_POINT('',(-38.8,-71.47));
#7455 = CARTESIAN_POINT('',(-39.7,-71.98961524227));
#7456 = CARTESIAN_POINT('',(-40.6,-72.50923048454));
#7457 = CARTESIAN_POINT('',(-40.6,-71.47));
#7458 = ( GEOMETRIC_REPRESENTATION_CONTEXT(2) 
PARAMETRIC_REPRESENTATION_CONTEXT() REPRESENTATION_CONTEXT('2D SPACE',''
  ) );
#7459 = PCURVE('',#1018,#7460);
#7460 = DEFINITIONAL_REPRESENTATION('',(#7461),#7465);
#7461 = LINE('',#7462,#7463);
#7462 = CARTESIAN_POINT('',(0.,1.61));
#7463 = VECTOR('',#7464,1.);
#7464 = DIRECTION('',(1.,0.));
#7465 = ( GEOMETRIC_REPRESENTATION_CONTEXT(2) 
PARAMETRIC_REPRESENTATION_CONTEXT() REPRESENTATION_CONTEXT('2D SPACE',''
  ) );
#7466 = FACE_BOUND('',#7467,.F.);
#7467 = EDGE_LOOP('',(#7468));
#7468 = ORIENTED_EDGE('',*,*,#7469,.T.);
#7469 = EDGE_CURVE('',#7470,#7470,#7472,.T.);
#7470 = VERTEX_POINT('',#7471);
#7471 = CARTESIAN_POINT('',(234.6,-251.47,1.6));
#7472 = SURFACE_CURVE('',#7473,(#7478,#7489),.PCURVE_S1.);
#7473 = CIRCLE('',#7474,0.6);
#7474 = AXIS2_PLACEMENT_3D('',#7475,#7476,#7477);
#7475 = CARTESIAN_POINT('',(234.,-251.47,1.6));
#7476 = DIRECTION('',(0.,0.,1.));
#7477 = DIRECTION('',(1.,0.,-0.));
#7478 = PCURVE('',#90,#7479);
#7479 = DEFINITIONAL_REPRESENTATION('',(#7480),#7488);
#7480 = ( BOUNDED_CURVE() B_SPLINE_CURVE(2,(#7481,#7482,#7483,#7484,
#7485,#7486,#7487),.UNSPECIFIED.,.T.,.F.) B_SPLINE_CURVE_WITH_KNOTS((1,2
    ,2,2,2,1),(-2.094395102393,0.,2.094395102393,4.188790204786,
6.28318530718,8.377580409573),.UNSPECIFIED.) CURVE() 
GEOMETRIC_REPRESENTATION_ITEM() RATIONAL_B_SPLINE_CURVE((1.,0.5,1.,0.5,
1.,0.5,1.)) REPRESENTATION_ITEM('') );
#7481 = CARTESIAN_POINT('',(-37.1,-71.47));
#7482 = CARTESIAN_POINT('',(-37.1,-70.43076951545));
#7483 = CARTESIAN_POINT('',(-36.2,-70.95038475772));
#7484 = CARTESIAN_POINT('',(-35.3,-71.47));
#7485 = CARTESIAN_POINT('',(-36.2,-71.98961524227));
#7486 = CARTESIAN_POINT('',(-37.1,-72.50923048454));
#7487 = CARTESIAN_POINT('',(-37.1,-71.47));
#7488 = ( GEOMETRIC_REPRESENTATION_CONTEXT(2) 
PARAMETRIC_REPRESENTATION_CONTEXT() REPRESENTATION_CONTEXT('2D SPACE',''
  ) );
#7489 = PCURVE('',#1053,#7490);
#7490 = DEFINITIONAL_REPRESENTATION('',(#7491),#7495);
#7491 = LINE('',#7492,#7493);
#7492 = CARTESIAN_POINT('',(0.,1.61));
#7493 = VECTOR('',#7494,1.);
#7494 = DIRECTION('',(1.,0.));
#7495 = ( GEOMETRIC_REPRESENTATION_CONTEXT(2) 
PARAMETRIC_REPRESENTATION_CONTEXT() REPRESENTATION_CONTEXT('2D SPACE',''
  ) );
#7496 = FACE_BOUND('',#7497,.F.);
#7497 = EDGE_LOOP('',(#7498));
#7498 = ORIENTED_EDGE('',*,*,#7499,.T.);
#7499 = EDGE_CURVE('',#7500,#7500,#7502,.T.);
#7500 = VERTEX_POINT('',#7501);
#7501 = CARTESIAN_POINT('',(227.1,-251.47,1.6));
#7502 = SURFACE_CURVE('',#7503,(#7508,#7519),.PCURVE_S1.);
#7503 = CIRCLE('',#7504,0.6);
#7504 = AXIS2_PLACEMENT_3D('',#7505,#7506,#7507);
#7505 = CARTESIAN_POINT('',(226.5,-251.47,1.6));
#7506 = DIRECTION('',(0.,0.,1.));
#7507 = DIRECTION('',(1.,0.,-0.));
#7508 = PCURVE('',#90,#7509);
#7509 = DEFINITIONAL_REPRESENTATION('',(#7510),#7518);
#7510 = ( BOUNDED_CURVE() B_SPLINE_CURVE(2,(#7511,#7512,#7513,#7514,
#7515,#7516,#7517),.UNSPECIFIED.,.T.,.F.) B_SPLINE_CURVE_WITH_KNOTS((1,2
    ,2,2,2,1),(-2.094395102393,0.,2.094395102393,4.188790204786,
6.28318530718,8.377580409573),.UNSPECIFIED.) CURVE() 
GEOMETRIC_REPRESENTATION_ITEM() RATIONAL_B_SPLINE_CURVE((1.,0.5,1.,0.5,
1.,0.5,1.)) REPRESENTATION_ITEM('') );
#7511 = CARTESIAN_POINT('',(-29.6,-71.47));
#7512 = CARTESIAN_POINT('',(-29.6,-70.43076951545));
#7513 = CARTESIAN_POINT('',(-28.7,-70.95038475772));
#7514 = CARTESIAN_POINT('',(-27.8,-71.47));
#7515 = CARTESIAN_POINT('',(-28.7,-71.98961524227));
#7516 = CARTESIAN_POINT('',(-29.6,-72.50923048454));
#7517 = CARTESIAN_POINT('',(-29.6,-71.47));
#7518 = ( GEOMETRIC_REPRESENTATION_CONTEXT(2) 
PARAMETRIC_REPRESENTATION_CONTEXT() REPRESENTATION_CONTEXT('2D SPACE',''
  ) );
#7519 = PCURVE('',#1088,#7520);
#7520 = DEFINITIONAL_REPRESENTATION('',(#7521),#7525);
#7521 = LINE('',#7522,#7523);
#7522 = CARTESIAN_POINT('',(0.,1.61));
#7523 = VECTOR('',#7524,1.);
#7524 = DIRECTION('',(1.,0.));
#7525 = ( GEOMETRIC_REPRESENTATION_CONTEXT(2) 
PARAMETRIC_REPRESENTATION_CONTEXT() REPRESENTATION_CONTEXT('2D SPACE',''
  ) );
#7526 = FACE_BOUND('',#7527,.F.);
#7527 = EDGE_LOOP('',(#7528));
#7528 = ORIENTED_EDGE('',*,*,#7529,.T.);
#7529 = EDGE_CURVE('',#7530,#7530,#7532,.T.);
#7530 = VERTEX_POINT('',#7531);
#7531 = CARTESIAN_POINT('',(223.6,-251.47,1.6));
#7532 = SURFACE_CURVE('',#7533,(#7538,#7549),.PCURVE_S1.);
#7533 = CIRCLE('',#7534,0.6);
#7534 = AXIS2_PLACEMENT_3D('',#7535,#7536,#7537);
#7535 = CARTESIAN_POINT('',(223.,-251.47,1.6));
#7536 = DIRECTION('',(0.,0.,1.));
#7537 = DIRECTION('',(1.,0.,-0.));
#7538 = PCURVE('',#90,#7539);
#7539 = DEFINITIONAL_REPRESENTATION('',(#7540),#7548);
#7540 = ( BOUNDED_CURVE() B_SPLINE_CURVE(2,(#7541,#7542,#7543,#7544,
#7545,#7546,#7547),.UNSPECIFIED.,.T.,.F.) B_SPLINE_CURVE_WITH_KNOTS((1,2
    ,2,2,2,1),(-2.094395102393,0.,2.094395102393,4.188790204786,
6.28318530718,8.377580409573),.UNSPECIFIED.) CURVE() 
GEOMETRIC_REPRESENTATION_ITEM() RATIONAL_B_SPLINE_CURVE((1.,0.5,1.,0.5,
1.,0.5,1.)) REPRESENTATION_ITEM('') );
#7541 = CARTESIAN_POINT('',(-26.1,-71.47));
#7542 = CARTESIAN_POINT('',(-26.1,-70.43076951545));
#7543 = CARTESIAN_POINT('',(-25.2,-70.95038475772));
#7544 = CARTESIAN_POINT('',(-24.3,-71.47));
#7545 = CARTESIAN_POINT('',(-25.2,-71.98961524227));
#7546 = CARTESIAN_POINT('',(-26.1,-72.50923048454));
#7547 = CARTESIAN_POINT('',(-26.1,-71.47));
#7548 = ( GEOMETRIC_REPRESENTATION_CONTEXT(2) 
PARAMETRIC_REPRESENTATION_CONTEXT() REPRESENTATION_CONTEXT('2D SPACE',''
  ) );
#7549 = PCURVE('',#1123,#7550);
#7550 = DEFINITIONAL_REPRESENTATION('',(#7551),#7555);
#7551 = LINE('',#7552,#7553);
#7552 = CARTESIAN_POINT('',(0.,1.61));
#7553 = VECTOR('',#7554,1.);
#7554 = DIRECTION('',(1.,0.));
#7555 = ( GEOMETRIC_REPRESENTATION_CONTEXT(2) 
PARAMETRIC_REPRESENTATION_CONTEXT() REPRESENTATION_CONTEXT('2D SPACE',''
  ) );
#7556 = FACE_BOUND('',#7557,.F.);
#7557 = EDGE_LOOP('',(#7558));
#7558 = ORIENTED_EDGE('',*,*,#7559,.T.);
#7559 = EDGE_CURVE('',#7560,#7560,#7562,.T.);
#7560 = VERTEX_POINT('',#7561);
#7561 = CARTESIAN_POINT('',(220.1,-251.47,1.6));
#7562 = SURFACE_CURVE('',#7563,(#7568,#7579),.PCURVE_S1.);
#7563 = CIRCLE('',#7564,0.6);
#7564 = AXIS2_PLACEMENT_3D('',#7565,#7566,#7567);
#7565 = CARTESIAN_POINT('',(219.5,-251.47,1.6));
#7566 = DIRECTION('',(0.,0.,1.));
#7567 = DIRECTION('',(1.,0.,-0.));
#7568 = PCURVE('',#90,#7569);
#7569 = DEFINITIONAL_REPRESENTATION('',(#7570),#7578);
#7570 = ( BOUNDED_CURVE() B_SPLINE_CURVE(2,(#7571,#7572,#7573,#7574,
#7575,#7576,#7577),.UNSPECIFIED.,.T.,.F.) B_SPLINE_CURVE_WITH_KNOTS((1,2
    ,2,2,2,1),(-2.094395102393,0.,2.094395102393,4.188790204786,
6.28318530718,8.377580409573),.UNSPECIFIED.) CURVE() 
GEOMETRIC_REPRESENTATION_ITEM() RATIONAL_B_SPLINE_CURVE((1.,0.5,1.,0.5,
1.,0.5,1.)) REPRESENTATION_ITEM('') );
#7571 = CARTESIAN_POINT('',(-22.6,-71.47));
#7572 = CARTESIAN_POINT('',(-22.6,-70.43076951545));
#7573 = CARTESIAN_POINT('',(-21.7,-70.95038475772));
#7574 = CARTESIAN_POINT('',(-20.8,-71.47));
#7575 = CARTESIAN_POINT('',(-21.7,-71.98961524227));
#7576 = CARTESIAN_POINT('',(-22.6,-72.50923048454));
#7577 = CARTESIAN_POINT('',(-22.6,-71.47));
#7578 = ( GEOMETRIC_REPRESENTATION_CONTEXT(2) 
PARAMETRIC_REPRESENTATION_CONTEXT() REPRESENTATION_CONTEXT('2D SPACE',''
  ) );
#7579 = PCURVE('',#1158,#7580);
#7580 = DEFINITIONAL_REPRESENTATION('',(#7581),#7585);
#7581 = LINE('',#7582,#7583);
#7582 = CARTESIAN_POINT('',(0.,1.61));
#7583 = VECTOR('',#7584,1.);
#7584 = DIRECTION('',(1.,0.));
#7585 = ( GEOMETRIC_REPRESENTATION_CONTEXT(2) 
PARAMETRIC_REPRESENTATION_CONTEXT() REPRESENTATION_CONTEXT('2D SPACE',''
  ) );
#7586 = FACE_BOUND('',#7587,.F.);
#7587 = EDGE_LOOP('',(#7588));
#7588 = ORIENTED_EDGE('',*,*,#7589,.T.);
#7589 = EDGE_CURVE('',#7590,#7590,#7592,.T.);
#7590 = VERTEX_POINT('',#7591);
#7591 = CARTESIAN_POINT('',(216.6,-251.47,1.6));
#7592 = SURFACE_CURVE('',#7593,(#7598,#7609),.PCURVE_S1.);
#7593 = CIRCLE('',#7594,0.6);
#7594 = AXIS2_PLACEMENT_3D('',#7595,#7596,#7597);
#7595 = CARTESIAN_POINT('',(216.,-251.47,1.6));
#7596 = DIRECTION('',(0.,0.,1.));
#7597 = DIRECTION('',(1.,0.,-0.));
#7598 = PCURVE('',#90,#7599);
#7599 = DEFINITIONAL_REPRESENTATION('',(#7600),#7608);
#7600 = ( BOUNDED_CURVE() B_SPLINE_CURVE(2,(#7601,#7602,#7603,#7604,
#7605,#7606,#7607),.UNSPECIFIED.,.T.,.F.) B_SPLINE_CURVE_WITH_KNOTS((1,2
    ,2,2,2,1),(-2.094395102393,0.,2.094395102393,4.188790204786,
6.28318530718,8.377580409573),.UNSPECIFIED.) CURVE() 
GEOMETRIC_REPRESENTATION_ITEM() RATIONAL_B_SPLINE_CURVE((1.,0.5,1.,0.5,
1.,0.5,1.)) REPRESENTATION_ITEM('') );
#7601 = CARTESIAN_POINT('',(-19.1,-71.47));
#7602 = CARTESIAN_POINT('',(-19.1,-70.43076951545));
#7603 = CARTESIAN_POINT('',(-18.2,-70.95038475772));
#7604 = CARTESIAN_POINT('',(-17.3,-71.47));
#7605 = CARTESIAN_POINT('',(-18.2,-71.98961524227));
#7606 = CARTESIAN_POINT('',(-19.1,-72.50923048454));
#7607 = CARTESIAN_POINT('',(-19.1,-71.47));
#7608 = ( GEOMETRIC_REPRESENTATION_CONTEXT(2) 
PARAMETRIC_REPRESENTATION_CONTEXT() REPRESENTATION_CONTEXT('2D SPACE',''
  ) );
#7609 = PCURVE('',#1193,#7610);
#7610 = DEFINITIONAL_REPRESENTATION('',(#7611),#7615);
#7611 = LINE('',#7612,#7613);
#7612 = CARTESIAN_POINT('',(0.,1.61));
#7613 = VECTOR('',#7614,1.);
#7614 = DIRECTION('',(1.,0.));
#7615 = ( GEOMETRIC_REPRESENTATION_CONTEXT(2) 
PARAMETRIC_REPRESENTATION_CONTEXT() REPRESENTATION_CONTEXT('2D SPACE',''
  ) );
#7616 = FACE_BOUND('',#7617,.F.);
#7617 = EDGE_LOOP('',(#7618));
#7618 = ORIENTED_EDGE('',*,*,#7619,.T.);
#7619 = EDGE_CURVE('',#7620,#7620,#7622,.T.);
#7620 = VERTEX_POINT('',#7621);
#7621 = CARTESIAN_POINT('',(213.1,-251.47,1.6));
#7622 = SURFACE_CURVE('',#7623,(#7628,#7639),.PCURVE_S1.);
#7623 = CIRCLE('',#7624,0.6);
#7624 = AXIS2_PLACEMENT_3D('',#7625,#7626,#7627);
#7625 = CARTESIAN_POINT('',(212.5,-251.47,1.6));
#7626 = DIRECTION('',(0.,0.,1.));
#7627 = DIRECTION('',(1.,0.,-0.));
#7628 = PCURVE('',#90,#7629);
#7629 = DEFINITIONAL_REPRESENTATION('',(#7630),#7638);
#7630 = ( BOUNDED_CURVE() B_SPLINE_CURVE(2,(#7631,#7632,#7633,#7634,
#7635,#7636,#7637),.UNSPECIFIED.,.T.,.F.) B_SPLINE_CURVE_WITH_KNOTS((1,2
    ,2,2,2,1),(-2.094395102393,0.,2.094395102393,4.188790204786,
6.28318530718,8.377580409573),.UNSPECIFIED.) CURVE() 
GEOMETRIC_REPRESENTATION_ITEM() RATIONAL_B_SPLINE_CURVE((1.,0.5,1.,0.5,
1.,0.5,1.)) REPRESENTATION_ITEM('') );
#7631 = CARTESIAN_POINT('',(-15.6,-71.47));
#7632 = CARTESIAN_POINT('',(-15.6,-70.43076951545));
#7633 = CARTESIAN_POINT('',(-14.7,-70.95038475772));
#7634 = CARTESIAN_POINT('',(-13.8,-71.47));
#7635 = CARTESIAN_POINT('',(-14.7,-71.98961524227));
#7636 = CARTESIAN_POINT('',(-15.6,-72.50923048454));
#7637 = CARTESIAN_POINT('',(-15.6,-71.47));
#7638 = ( GEOMETRIC_REPRESENTATION_CONTEXT(2) 
PARAMETRIC_REPRESENTATION_CONTEXT() REPRESENTATION_CONTEXT('2D SPACE',''
  ) );
#7639 = PCURVE('',#1228,#7640);
#7640 = DEFINITIONAL_REPRESENTATION('',(#7641),#7645);
#7641 = LINE('',#7642,#7643);
#7642 = CARTESIAN_POINT('',(0.,1.61));
#7643 = VECTOR('',#7644,1.);
#7644 = DIRECTION('',(1.,0.));
#7645 = ( GEOMETRIC_REPRESENTATION_CONTEXT(2) 
PARAMETRIC_REPRESENTATION_CONTEXT() REPRESENTATION_CONTEXT('2D SPACE',''
  ) );
#7646 = FACE_BOUND('',#7647,.F.);
#7647 = EDGE_LOOP('',(#7648));
#7648 = ORIENTED_EDGE('',*,*,#7649,.T.);
#7649 = EDGE_CURVE('',#7650,#7650,#7652,.T.);
#7650 = VERTEX_POINT('',#7651);
#7651 = CARTESIAN_POINT('',(209.6,-251.47,1.6));
#7652 = SURFACE_CURVE('',#7653,(#7658,#7669),.PCURVE_S1.);
#7653 = CIRCLE('',#7654,0.6);
#7654 = AXIS2_PLACEMENT_3D('',#7655,#7656,#7657);
#7655 = CARTESIAN_POINT('',(209.,-251.47,1.6));
#7656 = DIRECTION('',(0.,0.,1.));
#7657 = DIRECTION('',(1.,0.,-0.));
#7658 = PCURVE('',#90,#7659);
#7659 = DEFINITIONAL_REPRESENTATION('',(#7660),#7668);
#7660 = ( BOUNDED_CURVE() B_SPLINE_CURVE(2,(#7661,#7662,#7663,#7664,
#7665,#7666,#7667),.UNSPECIFIED.,.T.,.F.) B_SPLINE_CURVE_WITH_KNOTS((1,2
    ,2,2,2,1),(-2.094395102393,0.,2.094395102393,4.188790204786,
6.28318530718,8.377580409573),.UNSPECIFIED.) CURVE() 
GEOMETRIC_REPRESENTATION_ITEM() RATIONAL_B_SPLINE_CURVE((1.,0.5,1.,0.5,
1.,0.5,1.)) REPRESENTATION_ITEM('') );
#7661 = CARTESIAN_POINT('',(-12.1,-71.47));
#7662 = CARTESIAN_POINT('',(-12.1,-70.43076951545));
#7663 = CARTESIAN_POINT('',(-11.2,-70.95038475772));
#7664 = CARTESIAN_POINT('',(-10.3,-71.47));
#7665 = CARTESIAN_POINT('',(-11.2,-71.98961524227));
#7666 = CARTESIAN_POINT('',(-12.1,-72.50923048454));
#7667 = CARTESIAN_POINT('',(-12.1,-71.47));
#7668 = ( GEOMETRIC_REPRESENTATION_CONTEXT(2) 
PARAMETRIC_REPRESENTATION_CONTEXT() REPRESENTATION_CONTEXT('2D SPACE',''
  ) );
#7669 = PCURVE('',#1263,#7670);
#7670 = DEFINITIONAL_REPRESENTATION('',(#7671),#7675);
#7671 = LINE('',#7672,#7673);
#7672 = CARTESIAN_POINT('',(0.,1.61));
#7673 = VECTOR('',#7674,1.);
#7674 = DIRECTION('',(1.,0.));
#7675 = ( GEOMETRIC_REPRESENTATION_CONTEXT(2) 
PARAMETRIC_REPRESENTATION_CONTEXT() REPRESENTATION_CONTEXT('2D SPACE',''
  ) );
#7676 = FACE_BOUND('',#7677,.F.);
#7677 = EDGE_LOOP('',(#7678));
#7678 = ORIENTED_EDGE('',*,*,#7679,.T.);
#7679 = EDGE_CURVE('',#7680,#7680,#7682,.T.);
#7680 = VERTEX_POINT('',#7681);
#7681 = CARTESIAN_POINT('',(202.1,-251.47,1.6));
#7682 = SURFACE_CURVE('',#7683,(#7688,#7699),.PCURVE_S1.);
#7683 = CIRCLE('',#7684,0.6);
#7684 = AXIS2_PLACEMENT_3D('',#7685,#7686,#7687);
#7685 = CARTESIAN_POINT('',(201.5,-251.47,1.6));
#7686 = DIRECTION('',(0.,0.,1.));
#7687 = DIRECTION('',(1.,0.,-0.));
#7688 = PCURVE('',#90,#7689);
#7689 = DEFINITIONAL_REPRESENTATION('',(#7690),#7698);
#7690 = ( BOUNDED_CURVE() B_SPLINE_CURVE(2,(#7691,#7692,#7693,#7694,
#7695,#7696,#7697),.UNSPECIFIED.,.T.,.F.) B_SPLINE_CURVE_WITH_KNOTS((1,2
    ,2,2,2,1),(-2.094395102393,0.,2.094395102393,4.188790204786,
6.28318530718,8.377580409573),.UNSPECIFIED.) CURVE() 
GEOMETRIC_REPRESENTATION_ITEM() RATIONAL_B_SPLINE_CURVE((1.,0.5,1.,0.5,
1.,0.5,1.)) REPRESENTATION_ITEM('') );
#7691 = CARTESIAN_POINT('',(-4.6,-71.47));
#7692 = CARTESIAN_POINT('',(-4.6,-70.43076951545));
#7693 = CARTESIAN_POINT('',(-3.7,-70.95038475772));
#7694 = CARTESIAN_POINT('',(-2.8,-71.47));
#7695 = CARTESIAN_POINT('',(-3.7,-71.98961524227));
#7696 = CARTESIAN_POINT('',(-4.6,-72.50923048454));
#7697 = CARTESIAN_POINT('',(-4.6,-71.47));
#7698 = ( GEOMETRIC_REPRESENTATION_CONTEXT(2) 
PARAMETRIC_REPRESENTATION_CONTEXT() REPRESENTATION_CONTEXT('2D SPACE',''
  ) );
#7699 = PCURVE('',#1298,#7700);
#7700 = DEFINITIONAL_REPRESENTATION('',(#7701),#7705);
#7701 = LINE('',#7702,#7703);
#7702 = CARTESIAN_POINT('',(0.,1.61));
#7703 = VECTOR('',#7704,1.);
#7704 = DIRECTION('',(1.,0.));
#7705 = ( GEOMETRIC_REPRESENTATION_CONTEXT(2) 
PARAMETRIC_REPRESENTATION_CONTEXT() REPRESENTATION_CONTEXT('2D SPACE',''
  ) );
#7706 = FACE_BOUND('',#7707,.F.);
#7707 = EDGE_LOOP('',(#7708));
#7708 = ORIENTED_EDGE('',*,*,#7709,.T.);
#7709 = EDGE_CURVE('',#7710,#7710,#7712,.T.);
#7710 = VERTEX_POINT('',#7711);
#7711 = CARTESIAN_POINT('',(198.6,-251.47,1.6));
#7712 = SURFACE_CURVE('',#7713,(#7718,#7729),.PCURVE_S1.);
#7713 = CIRCLE('',#7714,0.6);
#7714 = AXIS2_PLACEMENT_3D('',#7715,#7716,#7717);
#7715 = CARTESIAN_POINT('',(198.,-251.47,1.6));
#7716 = DIRECTION('',(0.,0.,1.));
#7717 = DIRECTION('',(1.,0.,-0.));
#7718 = PCURVE('',#90,#7719);
#7719 = DEFINITIONAL_REPRESENTATION('',(#7720),#7728);
#7720 = ( BOUNDED_CURVE() B_SPLINE_CURVE(2,(#7721,#7722,#7723,#7724,
#7725,#7726,#7727),.UNSPECIFIED.,.T.,.F.) B_SPLINE_CURVE_WITH_KNOTS((1,2
    ,2,2,2,1),(-2.094395102393,0.,2.094395102393,4.188790204786,
6.28318530718,8.377580409573),.UNSPECIFIED.) CURVE() 
GEOMETRIC_REPRESENTATION_ITEM() RATIONAL_B_SPLINE_CURVE((1.,0.5,1.,0.5,
1.,0.5,1.)) REPRESENTATION_ITEM('') );
#7721 = CARTESIAN_POINT('',(-1.1,-71.47));
#7722 = CARTESIAN_POINT('',(-1.1,-70.43076951545));
#7723 = CARTESIAN_POINT('',(-0.2,-70.95038475772));
#7724 = CARTESIAN_POINT('',(0.7,-71.47));
#7725 = CARTESIAN_POINT('',(-0.2,-71.98961524227));
#7726 = CARTESIAN_POINT('',(-1.1,-72.50923048454));
#7727 = CARTESIAN_POINT('',(-1.1,-71.47));
#7728 = ( GEOMETRIC_REPRESENTATION_CONTEXT(2) 
PARAMETRIC_REPRESENTATION_CONTEXT() REPRESENTATION_CONTEXT('2D SPACE',''
  ) );
#7729 = PCURVE('',#1333,#7730);
#7730 = DEFINITIONAL_REPRESENTATION('',(#7731),#7735);
#7731 = LINE('',#7732,#7733);
#7732 = CARTESIAN_POINT('',(0.,1.61));
#7733 = VECTOR('',#7734,1.);
#7734 = DIRECTION('',(1.,0.));
#7735 = ( GEOMETRIC_REPRESENTATION_CONTEXT(2) 
PARAMETRIC_REPRESENTATION_CONTEXT() REPRESENTATION_CONTEXT('2D SPACE',''
  ) );
#7736 = FACE_BOUND('',#7737,.F.);
#7737 = EDGE_LOOP('',(#7738));
#7738 = ORIENTED_EDGE('',*,*,#7739,.T.);
#7739 = EDGE_CURVE('',#7740,#7740,#7742,.T.);
#7740 = VERTEX_POINT('',#7741);
#7741 = CARTESIAN_POINT('',(287.07,-218.,1.6));
#7742 = SURFACE_CURVE('',#7743,(#7748,#7759),.PCURVE_S1.);
#7743 = CIRCLE('',#7744,0.6);
#7744 = AXIS2_PLACEMENT_3D('',#7745,#7746,#7747);
#7745 = CARTESIAN_POINT('',(286.47,-218.,1.6));
#7746 = DIRECTION('',(0.,0.,1.));
#7747 = DIRECTION('',(1.,0.,-0.));
#7748 = PCURVE('',#90,#7749);
#7749 = DEFINITIONAL_REPRESENTATION('',(#7750),#7758);
#7750 = ( BOUNDED_CURVE() B_SPLINE_CURVE(2,(#7751,#7752,#7753,#7754,
#7755,#7756,#7757),.UNSPECIFIED.,.T.,.F.) B_SPLINE_CURVE_WITH_KNOTS((1,2
    ,2,2,2,1),(-2.094395102393,0.,2.094395102393,4.188790204786,
6.28318530718,8.377580409573),.UNSPECIFIED.) CURVE() 
GEOMETRIC_REPRESENTATION_ITEM() RATIONAL_B_SPLINE_CURVE((1.,0.5,1.,0.5,
1.,0.5,1.)) REPRESENTATION_ITEM('') );
#7751 = CARTESIAN_POINT('',(-89.57,-38.));
#7752 = CARTESIAN_POINT('',(-89.57,-36.96076951545));
#7753 = CARTESIAN_POINT('',(-88.67,-37.48038475772));
#7754 = CARTESIAN_POINT('',(-87.77,-38.));
#7755 = CARTESIAN_POINT('',(-88.67,-38.51961524227));
#7756 = CARTESIAN_POINT('',(-89.57,-39.03923048454));
#7757 = CARTESIAN_POINT('',(-89.57,-38.));
#7758 = ( GEOMETRIC_REPRESENTATION_CONTEXT(2) 
PARAMETRIC_REPRESENTATION_CONTEXT() REPRESENTATION_CONTEXT('2D SPACE',''
  ) );
#7759 = PCURVE('',#1368,#7760);
#7760 = DEFINITIONAL_REPRESENTATION('',(#7761),#7765);
#7761 = LINE('',#7762,#7763);
#7762 = CARTESIAN_POINT('',(0.,1.61));
#7763 = VECTOR('',#7764,1.);
#7764 = DIRECTION('',(1.,0.));
#7765 = ( GEOMETRIC_REPRESENTATION_CONTEXT(2) 
PARAMETRIC_REPRESENTATION_CONTEXT() REPRESENTATION_CONTEXT('2D SPACE',''
  ) );
#7766 = FACE_BOUND('',#7767,.F.);
#7767 = EDGE_LOOP('',(#7768));
#7768 = ORIENTED_EDGE('',*,*,#7769,.T.);
#7769 = EDGE_CURVE('',#7770,#7770,#7772,.T.);
#7770 = VERTEX_POINT('',#7771);
#7771 = CARTESIAN_POINT('',(287.07,-214.5,1.6));
#7772 = SURFACE_CURVE('',#7773,(#7778,#7789),.PCURVE_S1.);
#7773 = CIRCLE('',#7774,0.6);
#7774 = AXIS2_PLACEMENT_3D('',#7775,#7776,#7777);
#7775 = CARTESIAN_POINT('',(286.47,-214.5,1.6));
#7776 = DIRECTION('',(0.,0.,1.));
#7777 = DIRECTION('',(1.,0.,-0.));
#7778 = PCURVE('',#90,#7779);
#7779 = DEFINITIONAL_REPRESENTATION('',(#7780),#7788);
#7780 = ( BOUNDED_CURVE() B_SPLINE_CURVE(2,(#7781,#7782,#7783,#7784,
#7785,#7786,#7787),.UNSPECIFIED.,.T.,.F.) B_SPLINE_CURVE_WITH_KNOTS((1,2
    ,2,2,2,1),(-2.094395102393,0.,2.094395102393,4.188790204786,
6.28318530718,8.377580409573),.UNSPECIFIED.) CURVE() 
GEOMETRIC_REPRESENTATION_ITEM() RATIONAL_B_SPLINE_CURVE((1.,0.5,1.,0.5,
1.,0.5,1.)) REPRESENTATION_ITEM('') );
#7781 = CARTESIAN_POINT('',(-89.57,-34.5));
#7782 = CARTESIAN_POINT('',(-89.57,-33.46076951545));
#7783 = CARTESIAN_POINT('',(-88.67,-33.98038475772));
#7784 = CARTESIAN_POINT('',(-87.77,-34.5));
#7785 = CARTESIAN_POINT('',(-88.67,-35.01961524227));
#7786 = CARTESIAN_POINT('',(-89.57,-35.53923048454));
#7787 = CARTESIAN_POINT('',(-89.57,-34.5));
#7788 = ( GEOMETRIC_REPRESENTATION_CONTEXT(2) 
PARAMETRIC_REPRESENTATION_CONTEXT() REPRESENTATION_CONTEXT('2D SPACE',''
  ) );
#7789 = PCURVE('',#1403,#7790);
#7790 = DEFINITIONAL_REPRESENTATION('',(#7791),#7795);
#7791 = LINE('',#7792,#7793);
#7792 = CARTESIAN_POINT('',(0.,1.61));
#7793 = VECTOR('',#7794,1.);
#7794 = DIRECTION('',(1.,0.));
#7795 = ( GEOMETRIC_REPRESENTATION_CONTEXT(2) 
PARAMETRIC_REPRESENTATION_CONTEXT() REPRESENTATION_CONTEXT('2D SPACE',''
  ) );
#7796 = FACE_BOUND('',#7797,.F.);
#7797 = EDGE_LOOP('',(#7798));
#7798 = ORIENTED_EDGE('',*,*,#7799,.T.);
#7799 = EDGE_CURVE('',#7800,#7800,#7802,.T.);
#7800 = VERTEX_POINT('',#7801);
#7801 = CARTESIAN_POINT('',(287.07,-211.,1.6));
#7802 = SURFACE_CURVE('',#7803,(#7808,#7819),.PCURVE_S1.);
#7803 = CIRCLE('',#7804,0.6);
#7804 = AXIS2_PLACEMENT_3D('',#7805,#7806,#7807);
#7805 = CARTESIAN_POINT('',(286.47,-211.,1.6));
#7806 = DIRECTION('',(0.,0.,1.));
#7807 = DIRECTION('',(1.,0.,-0.));
#7808 = PCURVE('',#90,#7809);
#7809 = DEFINITIONAL_REPRESENTATION('',(#7810),#7818);
#7810 = ( BOUNDED_CURVE() B_SPLINE_CURVE(2,(#7811,#7812,#7813,#7814,
#7815,#7816,#7817),.UNSPECIFIED.,.T.,.F.) B_SPLINE_CURVE_WITH_KNOTS((1,2
    ,2,2,2,1),(-2.094395102393,0.,2.094395102393,4.188790204786,
6.28318530718,8.377580409573),.UNSPECIFIED.) CURVE() 
GEOMETRIC_REPRESENTATION_ITEM() RATIONAL_B_SPLINE_CURVE((1.,0.5,1.,0.5,
1.,0.5,1.)) REPRESENTATION_ITEM('') );
#7811 = CARTESIAN_POINT('',(-89.57,-31.));
#7812 = CARTESIAN_POINT('',(-89.57,-29.96076951545));
#7813 = CARTESIAN_POINT('',(-88.67,-30.48038475772));
#7814 = CARTESIAN_POINT('',(-87.77,-31.));
#7815 = CARTESIAN_POINT('',(-88.67,-31.51961524227));
#7816 = CARTESIAN_POINT('',(-89.57,-32.03923048454));
#7817 = CARTESIAN_POINT('',(-89.57,-31.));
#7818 = ( GEOMETRIC_REPRESENTATION_CONTEXT(2) 
PARAMETRIC_REPRESENTATION_CONTEXT() REPRESENTATION_CONTEXT('2D SPACE',''
  ) );
#7819 = PCURVE('',#1438,#7820);
#7820 = DEFINITIONAL_REPRESENTATION('',(#7821),#7825);
#7821 = LINE('',#7822,#7823);
#7822 = CARTESIAN_POINT('',(0.,1.61));
#7823 = VECTOR('',#7824,1.);
#7824 = DIRECTION('',(1.,0.));
#7825 = ( GEOMETRIC_REPRESENTATION_CONTEXT(2) 
PARAMETRIC_REPRESENTATION_CONTEXT() REPRESENTATION_CONTEXT('2D SPACE',''
  ) );
#7826 = FACE_BOUND('',#7827,.F.);
#7827 = EDGE_LOOP('',(#7828));
#7828 = ORIENTED_EDGE('',*,*,#7829,.T.);
#7829 = EDGE_CURVE('',#7830,#7830,#7832,.T.);
#7830 = VERTEX_POINT('',#7831);
#7831 = CARTESIAN_POINT('',(287.07,-207.5,1.6));
#7832 = SURFACE_CURVE('',#7833,(#7838,#7849),.PCURVE_S1.);
#7833 = CIRCLE('',#7834,0.6);
#7834 = AXIS2_PLACEMENT_3D('',#7835,#7836,#7837);
#7835 = CARTESIAN_POINT('',(286.47,-207.5,1.6));
#7836 = DIRECTION('',(0.,0.,1.));
#7837 = DIRECTION('',(1.,0.,-0.));
#7838 = PCURVE('',#90,#7839);
#7839 = DEFINITIONAL_REPRESENTATION('',(#7840),#7848);
#7840 = ( BOUNDED_CURVE() B_SPLINE_CURVE(2,(#7841,#7842,#7843,#7844,
#7845,#7846,#7847),.UNSPECIFIED.,.T.,.F.) B_SPLINE_CURVE_WITH_KNOTS((1,2
    ,2,2,2,1),(-2.094395102393,0.,2.094395102393,4.188790204786,
6.28318530718,8.377580409573),.UNSPECIFIED.) CURVE() 
GEOMETRIC_REPRESENTATION_ITEM() RATIONAL_B_SPLINE_CURVE((1.,0.5,1.,0.5,
1.,0.5,1.)) REPRESENTATION_ITEM('') );
#7841 = CARTESIAN_POINT('',(-89.57,-27.5));
#7842 = CARTESIAN_POINT('',(-89.57,-26.46076951545));
#7843 = CARTESIAN_POINT('',(-88.67,-26.98038475772));
#7844 = CARTESIAN_POINT('',(-87.77,-27.5));
#7845 = CARTESIAN_POINT('',(-88.67,-28.01961524227));
#7846 = CARTESIAN_POINT('',(-89.57,-28.53923048454));
#7847 = CARTESIAN_POINT('',(-89.57,-27.5));
#7848 = ( GEOMETRIC_REPRESENTATION_CONTEXT(2) 
PARAMETRIC_REPRESENTATION_CONTEXT() REPRESENTATION_CONTEXT('2D SPACE',''
  ) );
#7849 = PCURVE('',#1473,#7850);
#7850 = DEFINITIONAL_REPRESENTATION('',(#7851),#7855);
#7851 = LINE('',#7852,#7853);
#7852 = CARTESIAN_POINT('',(0.,1.61));
#7853 = VECTOR('',#7854,1.);
#7854 = DIRECTION('',(1.,0.));
#7855 = ( GEOMETRIC_REPRESENTATION_CONTEXT(2) 
PARAMETRIC_REPRESENTATION_CONTEXT() REPRESENTATION_CONTEXT('2D SPACE',''
  ) );
#7856 = FACE_BOUND('',#7857,.F.);
#7857 = EDGE_LOOP('',(#7858));
#7858 = ORIENTED_EDGE('',*,*,#7859,.T.);
#7859 = EDGE_CURVE('',#7860,#7860,#7862,.T.);
#7860 = VERTEX_POINT('',#7861);
#7861 = CARTESIAN_POINT('',(287.07,-204.,1.6));
#7862 = SURFACE_CURVE('',#7863,(#7868,#7879),.PCURVE_S1.);
#7863 = CIRCLE('',#7864,0.6);
#7864 = AXIS2_PLACEMENT_3D('',#7865,#7866,#7867);
#7865 = CARTESIAN_POINT('',(286.47,-204.,1.6));
#7866 = DIRECTION('',(0.,0.,1.));
#7867 = DIRECTION('',(1.,0.,-0.));
#7868 = PCURVE('',#90,#7869);
#7869 = DEFINITIONAL_REPRESENTATION('',(#7870),#7878);
#7870 = ( BOUNDED_CURVE() B_SPLINE_CURVE(2,(#7871,#7872,#7873,#7874,
#7875,#7876,#7877),.UNSPECIFIED.,.T.,.F.) B_SPLINE_CURVE_WITH_KNOTS((1,2
    ,2,2,2,1),(-2.094395102393,0.,2.094395102393,4.188790204786,
6.28318530718,8.377580409573),.UNSPECIFIED.) CURVE() 
GEOMETRIC_REPRESENTATION_ITEM() RATIONAL_B_SPLINE_CURVE((1.,0.5,1.,0.5,
1.,0.5,1.)) REPRESENTATION_ITEM('') );
#7871 = CARTESIAN_POINT('',(-89.57,-24.));
#7872 = CARTESIAN_POINT('',(-89.57,-22.96076951545));
#7873 = CARTESIAN_POINT('',(-88.67,-23.48038475772));
#7874 = CARTESIAN_POINT('',(-87.77,-24.));
#7875 = CARTESIAN_POINT('',(-88.67,-24.51961524227));
#7876 = CARTESIAN_POINT('',(-89.57,-25.03923048454));
#7877 = CARTESIAN_POINT('',(-89.57,-24.));
#7878 = ( GEOMETRIC_REPRESENTATION_CONTEXT(2) 
PARAMETRIC_REPRESENTATION_CONTEXT() REPRESENTATION_CONTEXT('2D SPACE',''
  ) );
#7879 = PCURVE('',#1508,#7880);
#7880 = DEFINITIONAL_REPRESENTATION('',(#7881),#7885);
#7881 = LINE('',#7882,#7883);
#7882 = CARTESIAN_POINT('',(0.,1.61));
#7883 = VECTOR('',#7884,1.);
#7884 = DIRECTION('',(1.,0.));
#7885 = ( GEOMETRIC_REPRESENTATION_CONTEXT(2) 
PARAMETRIC_REPRESENTATION_CONTEXT() REPRESENTATION_CONTEXT('2D SPACE',''
  ) );
#7886 = FACE_BOUND('',#7887,.F.);
#7887 = EDGE_LOOP('',(#7888));
#7888 = ORIENTED_EDGE('',*,*,#7889,.T.);
#7889 = EDGE_CURVE('',#7890,#7890,#7892,.T.);
#7890 = VERTEX_POINT('',#7891);
#7891 = CARTESIAN_POINT('',(287.07,-200.5,1.6));
#7892 = SURFACE_CURVE('',#7893,(#7898,#7909),.PCURVE_S1.);
#7893 = CIRCLE('',#7894,0.6);
#7894 = AXIS2_PLACEMENT_3D('',#7895,#7896,#7897);
#7895 = CARTESIAN_POINT('',(286.47,-200.5,1.6));
#7896 = DIRECTION('',(0.,0.,1.));
#7897 = DIRECTION('',(1.,0.,-0.));
#7898 = PCURVE('',#90,#7899);
#7899 = DEFINITIONAL_REPRESENTATION('',(#7900),#7908);
#7900 = ( BOUNDED_CURVE() B_SPLINE_CURVE(2,(#7901,#7902,#7903,#7904,
#7905,#7906,#7907),.UNSPECIFIED.,.T.,.F.) B_SPLINE_CURVE_WITH_KNOTS((1,2
    ,2,2,2,1),(-2.094395102393,0.,2.094395102393,4.188790204786,
6.28318530718,8.377580409573),.UNSPECIFIED.) CURVE() 
GEOMETRIC_REPRESENTATION_ITEM() RATIONAL_B_SPLINE_CURVE((1.,0.5,1.,0.5,
1.,0.5,1.)) REPRESENTATION_ITEM('') );
#7901 = CARTESIAN_POINT('',(-89.57,-20.5));
#7902 = CARTESIAN_POINT('',(-89.57,-19.46076951545));
#7903 = CARTESIAN_POINT('',(-88.67,-19.98038475772));
#7904 = CARTESIAN_POINT('',(-87.77,-20.5));
#7905 = CARTESIAN_POINT('',(-88.67,-21.01961524227));
#7906 = CARTESIAN_POINT('',(-89.57,-21.53923048454));
#7907 = CARTESIAN_POINT('',(-89.57,-20.5));
#7908 = ( GEOMETRIC_REPRESENTATION_CONTEXT(2) 
PARAMETRIC_REPRESENTATION_CONTEXT() REPRESENTATION_CONTEXT('2D SPACE',''
  ) );
#7909 = PCURVE('',#1543,#7910);
#7910 = DEFINITIONAL_REPRESENTATION('',(#7911),#7915);
#7911 = LINE('',#7912,#7913);
#7912 = CARTESIAN_POINT('',(0.,1.61));
#7913 = VECTOR('',#7914,1.);
#7914 = DIRECTION('',(1.,0.));
#7915 = ( GEOMETRIC_REPRESENTATION_CONTEXT(2) 
PARAMETRIC_REPRESENTATION_CONTEXT() REPRESENTATION_CONTEXT('2D SPACE',''
  ) );
#7916 = FACE_BOUND('',#7917,.F.);
#7917 = EDGE_LOOP('',(#7918));
#7918 = ORIENTED_EDGE('',*,*,#7919,.T.);
#7919 = EDGE_CURVE('',#7920,#7920,#7922,.T.);
#7920 = VERTEX_POINT('',#7921);
#7921 = CARTESIAN_POINT('',(287.07,-197.,1.6));
#7922 = SURFACE_CURVE('',#7923,(#7928,#7939),.PCURVE_S1.);
#7923 = CIRCLE('',#7924,0.6);
#7924 = AXIS2_PLACEMENT_3D('',#7925,#7926,#7927);
#7925 = CARTESIAN_POINT('',(286.47,-197.,1.6));
#7926 = DIRECTION('',(0.,0.,1.));
#7927 = DIRECTION('',(1.,0.,-0.));
#7928 = PCURVE('',#90,#7929);
#7929 = DEFINITIONAL_REPRESENTATION('',(#7930),#7938);
#7930 = ( BOUNDED_CURVE() B_SPLINE_CURVE(2,(#7931,#7932,#7933,#7934,
#7935,#7936,#7937),.UNSPECIFIED.,.T.,.F.) B_SPLINE_CURVE_WITH_KNOTS((1,2
    ,2,2,2,1),(-2.094395102393,0.,2.094395102393,4.188790204786,
6.28318530718,8.377580409573),.UNSPECIFIED.) CURVE() 
GEOMETRIC_REPRESENTATION_ITEM() RATIONAL_B_SPLINE_CURVE((1.,0.5,1.,0.5,
1.,0.5,1.)) REPRESENTATION_ITEM('') );
#7931 = CARTESIAN_POINT('',(-89.57,-17.));
#7932 = CARTESIAN_POINT('',(-89.57,-15.96076951545));
#7933 = CARTESIAN_POINT('',(-88.67,-16.48038475772));
#7934 = CARTESIAN_POINT('',(-87.77,-17.));
#7935 = CARTESIAN_POINT('',(-88.67,-17.51961524227));
#7936 = CARTESIAN_POINT('',(-89.57,-18.03923048454));
#7937 = CARTESIAN_POINT('',(-89.57,-17.));
#7938 = ( GEOMETRIC_REPRESENTATION_CONTEXT(2) 
PARAMETRIC_REPRESENTATION_CONTEXT() REPRESENTATION_CONTEXT('2D SPACE',''
  ) );
#7939 = PCURVE('',#1578,#7940);
#7940 = DEFINITIONAL_REPRESENTATION('',(#7941),#7945);
#7941 = LINE('',#7942,#7943);
#7942 = CARTESIAN_POINT('',(0.,1.61));
#7943 = VECTOR('',#7944,1.);
#7944 = DIRECTION('',(1.,0.));
#7945 = ( GEOMETRIC_REPRESENTATION_CONTEXT(2) 
PARAMETRIC_REPRESENTATION_CONTEXT() REPRESENTATION_CONTEXT('2D SPACE',''
  ) );
#7946 = FACE_BOUND('',#7947,.F.);
#7947 = EDGE_LOOP('',(#7948));
#7948 = ORIENTED_EDGE('',*,*,#7949,.T.);
#7949 = EDGE_CURVE('',#7950,#7950,#7952,.T.);
#7950 = VERTEX_POINT('',#7951);
#7951 = CARTESIAN_POINT('',(287.07,-193.5,1.6));
#7952 = SURFACE_CURVE('',#7953,(#7958,#7969),.PCURVE_S1.);
#7953 = CIRCLE('',#7954,0.6);
#7954 = AXIS2_PLACEMENT_3D('',#7955,#7956,#7957);
#7955 = CARTESIAN_POINT('',(286.47,-193.5,1.6));
#7956 = DIRECTION('',(0.,0.,1.));
#7957 = DIRECTION('',(1.,0.,-0.));
#7958 = PCURVE('',#90,#7959);
#7959 = DEFINITIONAL_REPRESENTATION('',(#7960),#7968);
#7960 = ( BOUNDED_CURVE() B_SPLINE_CURVE(2,(#7961,#7962,#7963,#7964,
#7965,#7966,#7967),.UNSPECIFIED.,.T.,.F.) B_SPLINE_CURVE_WITH_KNOTS((1,2
    ,2,2,2,1),(-2.094395102393,0.,2.094395102393,4.188790204786,
6.28318530718,8.377580409573),.UNSPECIFIED.) CURVE() 
GEOMETRIC_REPRESENTATION_ITEM() RATIONAL_B_SPLINE_CURVE((1.,0.5,1.,0.5,
1.,0.5,1.)) REPRESENTATION_ITEM('') );
#7961 = CARTESIAN_POINT('',(-89.57,-13.5));
#7962 = CARTESIAN_POINT('',(-89.57,-12.46076951545));
#7963 = CARTESIAN_POINT('',(-88.67,-12.98038475772));
#7964 = CARTESIAN_POINT('',(-87.77,-13.5));
#7965 = CARTESIAN_POINT('',(-88.67,-14.01961524227));
#7966 = CARTESIAN_POINT('',(-89.57,-14.53923048454));
#7967 = CARTESIAN_POINT('',(-89.57,-13.5));
#7968 = ( GEOMETRIC_REPRESENTATION_CONTEXT(2) 
PARAMETRIC_REPRESENTATION_CONTEXT() REPRESENTATION_CONTEXT('2D SPACE',''
  ) );
#7969 = PCURVE('',#1613,#7970);
#7970 = DEFINITIONAL_REPRESENTATION('',(#7971),#7975);
#7971 = LINE('',#7972,#7973);
#7972 = CARTESIAN_POINT('',(0.,1.61));
#7973 = VECTOR('',#7974,1.);
#7974 = DIRECTION('',(1.,0.));
#7975 = ( GEOMETRIC_REPRESENTATION_CONTEXT(2) 
PARAMETRIC_REPRESENTATION_CONTEXT() REPRESENTATION_CONTEXT('2D SPACE',''
  ) );
#7976 = FACE_BOUND('',#7977,.F.);
#7977 = EDGE_LOOP('',(#7978));
#7978 = ORIENTED_EDGE('',*,*,#7979,.T.);
#7979 = EDGE_CURVE('',#7980,#7980,#7982,.T.);
#7980 = VERTEX_POINT('',#7981);
#7981 = CARTESIAN_POINT('',(287.07,-185.,1.6));
#7982 = SURFACE_CURVE('',#7983,(#7988,#7999),.PCURVE_S1.);
#7983 = CIRCLE('',#7984,0.6);
#7984 = AXIS2_PLACEMENT_3D('',#7985,#7986,#7987);
#7985 = CARTESIAN_POINT('',(286.47,-185.,1.6));
#7986 = DIRECTION('',(0.,0.,1.));
#7987 = DIRECTION('',(1.,0.,-0.));
#7988 = PCURVE('',#90,#7989);
#7989 = DEFINITIONAL_REPRESENTATION('',(#7990),#7998);
#7990 = ( BOUNDED_CURVE() B_SPLINE_CURVE(2,(#7991,#7992,#7993,#7994,
#7995,#7996,#7997),.UNSPECIFIED.,.T.,.F.) B_SPLINE_CURVE_WITH_KNOTS((1,2
    ,2,2,2,1),(-2.094395102393,0.,2.094395102393,4.188790204786,
6.28318530718,8.377580409573),.UNSPECIFIED.) CURVE() 
GEOMETRIC_REPRESENTATION_ITEM() RATIONAL_B_SPLINE_CURVE((1.,0.5,1.,0.5,
1.,0.5,1.)) REPRESENTATION_ITEM('') );
#7991 = CARTESIAN_POINT('',(-89.57,-5.));
#7992 = CARTESIAN_POINT('',(-89.57,-3.960769515459));
#7993 = CARTESIAN_POINT('',(-88.67,-4.480384757729));
#7994 = CARTESIAN_POINT('',(-87.77,-5.));
#7995 = CARTESIAN_POINT('',(-88.67,-5.519615242271));
#7996 = CARTESIAN_POINT('',(-89.57,-6.039230484541));
#7997 = CARTESIAN_POINT('',(-89.57,-5.));
#7998 = ( GEOMETRIC_REPRESENTATION_CONTEXT(2) 
PARAMETRIC_REPRESENTATION_CONTEXT() REPRESENTATION_CONTEXT('2D SPACE',''
  ) );
#7999 = PCURVE('',#1648,#8000);
#8000 = DEFINITIONAL_REPRESENTATION('',(#8001),#8005);
#8001 = LINE('',#8002,#8003);
#8002 = CARTESIAN_POINT('',(0.,1.61));
#8003 = VECTOR('',#8004,1.);
#8004 = DIRECTION('',(1.,0.));
#8005 = ( GEOMETRIC_REPRESENTATION_CONTEXT(2) 
PARAMETRIC_REPRESENTATION_CONTEXT() REPRESENTATION_CONTEXT('2D SPACE',''
  ) );
#8006 = FACE_BOUND('',#8007,.F.);
#8007 = EDGE_LOOP('',(#8008));
#8008 = ORIENTED_EDGE('',*,*,#8009,.T.);
#8009 = EDGE_CURVE('',#8010,#8010,#8012,.T.);
#8010 = VERTEX_POINT('',#8011);
#8011 = CARTESIAN_POINT('',(287.07,-181.5,1.6));
#8012 = SURFACE_CURVE('',#8013,(#8018,#8029),.PCURVE_S1.);
#8013 = CIRCLE('',#8014,0.6);
#8014 = AXIS2_PLACEMENT_3D('',#8015,#8016,#8017);
#8015 = CARTESIAN_POINT('',(286.47,-181.5,1.6));
#8016 = DIRECTION('',(0.,0.,1.));
#8017 = DIRECTION('',(1.,0.,-0.));
#8018 = PCURVE('',#90,#8019);
#8019 = DEFINITIONAL_REPRESENTATION('',(#8020),#8028);
#8020 = ( BOUNDED_CURVE() B_SPLINE_CURVE(2,(#8021,#8022,#8023,#8024,
#8025,#8026,#8027),.UNSPECIFIED.,.T.,.F.) B_SPLINE_CURVE_WITH_KNOTS((1,2
    ,2,2,2,1),(-2.094395102393,0.,2.094395102393,4.188790204786,
6.28318530718,8.377580409573),.UNSPECIFIED.) CURVE() 
GEOMETRIC_REPRESENTATION_ITEM() RATIONAL_B_SPLINE_CURVE((1.,0.5,1.,0.5,
1.,0.5,1.)) REPRESENTATION_ITEM('') );
#8021 = CARTESIAN_POINT('',(-89.57,-1.5));
#8022 = CARTESIAN_POINT('',(-89.57,-0.460769515459));
#8023 = CARTESIAN_POINT('',(-88.67,-0.980384757729));
#8024 = CARTESIAN_POINT('',(-87.77,-1.5));
#8025 = CARTESIAN_POINT('',(-88.67,-2.019615242271));
#8026 = CARTESIAN_POINT('',(-89.57,-2.539230484541));
#8027 = CARTESIAN_POINT('',(-89.57,-1.5));
#8028 = ( GEOMETRIC_REPRESENTATION_CONTEXT(2) 
PARAMETRIC_REPRESENTATION_CONTEXT() REPRESENTATION_CONTEXT('2D SPACE',''
  ) );
#8029 = PCURVE('',#1683,#8030);
#8030 = DEFINITIONAL_REPRESENTATION('',(#8031),#8035);
#8031 = LINE('',#8032,#8033);
#8032 = CARTESIAN_POINT('',(0.,1.61));
#8033 = VECTOR('',#8034,1.);
#8034 = DIRECTION('',(1.,0.));
#8035 = ( GEOMETRIC_REPRESENTATION_CONTEXT(2) 
PARAMETRIC_REPRESENTATION_CONTEXT() REPRESENTATION_CONTEXT('2D SPACE',''
  ) );
#8036 = FACE_BOUND('',#8037,.F.);
#8037 = EDGE_LOOP('',(#8038));
#8038 = ORIENTED_EDGE('',*,*,#8039,.T.);
#8039 = EDGE_CURVE('',#8040,#8040,#8042,.T.);
#8040 = VERTEX_POINT('',#8041);
#8041 = CARTESIAN_POINT('',(195.1,-251.47,1.6));
#8042 = SURFACE_CURVE('',#8043,(#8048,#8059),.PCURVE_S1.);
#8043 = CIRCLE('',#8044,0.6);
#8044 = AXIS2_PLACEMENT_3D('',#8045,#8046,#8047);
#8045 = CARTESIAN_POINT('',(194.5,-251.47,1.6));
#8046 = DIRECTION('',(0.,0.,1.));
#8047 = DIRECTION('',(1.,0.,-0.));
#8048 = PCURVE('',#90,#8049);
#8049 = DEFINITIONAL_REPRESENTATION('',(#8050),#8058);
#8050 = ( BOUNDED_CURVE() B_SPLINE_CURVE(2,(#8051,#8052,#8053,#8054,
#8055,#8056,#8057),.UNSPECIFIED.,.T.,.F.) B_SPLINE_CURVE_WITH_KNOTS((1,2
    ,2,2,2,1),(-2.094395102393,0.,2.094395102393,4.188790204786,
6.28318530718,8.377580409573),.UNSPECIFIED.) CURVE() 
GEOMETRIC_REPRESENTATION_ITEM() RATIONAL_B_SPLINE_CURVE((1.,0.5,1.,0.5,
1.,0.5,1.)) REPRESENTATION_ITEM('') );
#8051 = CARTESIAN_POINT('',(2.4,-71.47));
#8052 = CARTESIAN_POINT('',(2.4,-70.43076951545));
#8053 = CARTESIAN_POINT('',(3.3,-70.95038475772));
#8054 = CARTESIAN_POINT('',(4.2,-71.47));
#8055 = CARTESIAN_POINT('',(3.3,-71.98961524227));
#8056 = CARTESIAN_POINT('',(2.4,-72.50923048454));
#8057 = CARTESIAN_POINT('',(2.4,-71.47));
#8058 = ( GEOMETRIC_REPRESENTATION_CONTEXT(2) 
PARAMETRIC_REPRESENTATION_CONTEXT() REPRESENTATION_CONTEXT('2D SPACE',''
  ) );
#8059 = PCURVE('',#1718,#8060);
#8060 = DEFINITIONAL_REPRESENTATION('',(#8061),#8065);
#8061 = LINE('',#8062,#8063);
#8062 = CARTESIAN_POINT('',(0.,1.61));
#8063 = VECTOR('',#8064,1.);
#8064 = DIRECTION('',(1.,0.));
#8065 = ( GEOMETRIC_REPRESENTATION_CONTEXT(2) 
PARAMETRIC_REPRESENTATION_CONTEXT() REPRESENTATION_CONTEXT('2D SPACE',''
  ) );
#8066 = FACE_BOUND('',#8067,.F.);
#8067 = EDGE_LOOP('',(#8068));
#8068 = ORIENTED_EDGE('',*,*,#8069,.T.);
#8069 = EDGE_CURVE('',#8070,#8070,#8072,.T.);
#8070 = VERTEX_POINT('',#8071);
#8071 = CARTESIAN_POINT('',(191.6,-251.47,1.6));
#8072 = SURFACE_CURVE('',#8073,(#8078,#8089),.PCURVE_S1.);
#8073 = CIRCLE('',#8074,0.6);
#8074 = AXIS2_PLACEMENT_3D('',#8075,#8076,#8077);
#8075 = CARTESIAN_POINT('',(191.,-251.47,1.6));
#8076 = DIRECTION('',(0.,0.,1.));
#8077 = DIRECTION('',(1.,0.,-0.));
#8078 = PCURVE('',#90,#8079);
#8079 = DEFINITIONAL_REPRESENTATION('',(#8080),#8088);
#8080 = ( BOUNDED_CURVE() B_SPLINE_CURVE(2,(#8081,#8082,#8083,#8084,
#8085,#8086,#8087),.UNSPECIFIED.,.T.,.F.) B_SPLINE_CURVE_WITH_KNOTS((1,2
    ,2,2,2,1),(-2.094395102393,0.,2.094395102393,4.188790204786,
6.28318530718,8.377580409573),.UNSPECIFIED.) CURVE() 
GEOMETRIC_REPRESENTATION_ITEM() RATIONAL_B_SPLINE_CURVE((1.,0.5,1.,0.5,
1.,0.5,1.)) REPRESENTATION_ITEM('') );
#8081 = CARTESIAN_POINT('',(5.9,-71.47));
#8082 = CARTESIAN_POINT('',(5.9,-70.43076951545));
#8083 = CARTESIAN_POINT('',(6.8,-70.95038475772));
#8084 = CARTESIAN_POINT('',(7.7,-71.47));
#8085 = CARTESIAN_POINT('',(6.8,-71.98961524227));
#8086 = CARTESIAN_POINT('',(5.9,-72.50923048454));
#8087 = CARTESIAN_POINT('',(5.9,-71.47));
#8088 = ( GEOMETRIC_REPRESENTATION_CONTEXT(2) 
PARAMETRIC_REPRESENTATION_CONTEXT() REPRESENTATION_CONTEXT('2D SPACE',''
  ) );
#8089 = PCURVE('',#1753,#8090);
#8090 = DEFINITIONAL_REPRESENTATION('',(#8091),#8095);
#8091 = LINE('',#8092,#8093);
#8092 = CARTESIAN_POINT('',(0.,1.61));
#8093 = VECTOR('',#8094,1.);
#8094 = DIRECTION('',(1.,0.));
#8095 = ( GEOMETRIC_REPRESENTATION_CONTEXT(2) 
PARAMETRIC_REPRESENTATION_CONTEXT() REPRESENTATION_CONTEXT('2D SPACE',''
  ) );
#8096 = FACE_BOUND('',#8097,.F.);
#8097 = EDGE_LOOP('',(#8098));
#8098 = ORIENTED_EDGE('',*,*,#8099,.T.);
#8099 = EDGE_CURVE('',#8100,#8100,#8102,.T.);
#8100 = VERTEX_POINT('',#8101);
#8101 = CARTESIAN_POINT('',(188.1,-251.47,1.6));
#8102 = SURFACE_CURVE('',#8103,(#8108,#8119),.PCURVE_S1.);
#8103 = CIRCLE('',#8104,0.6);
#8104 = AXIS2_PLACEMENT_3D('',#8105,#8106,#8107);
#8105 = CARTESIAN_POINT('',(187.5,-251.47,1.6));
#8106 = DIRECTION('',(0.,0.,1.));
#8107 = DIRECTION('',(1.,0.,-0.));
#8108 = PCURVE('',#90,#8109);
#8109 = DEFINITIONAL_REPRESENTATION('',(#8110),#8118);
#8110 = ( BOUNDED_CURVE() B_SPLINE_CURVE(2,(#8111,#8112,#8113,#8114,
#8115,#8116,#8117),.UNSPECIFIED.,.T.,.F.) B_SPLINE_CURVE_WITH_KNOTS((1,2
    ,2,2,2,1),(-2.094395102393,0.,2.094395102393,4.188790204786,
6.28318530718,8.377580409573),.UNSPECIFIED.) CURVE() 
GEOMETRIC_REPRESENTATION_ITEM() RATIONAL_B_SPLINE_CURVE((1.,0.5,1.,0.5,
1.,0.5,1.)) REPRESENTATION_ITEM('') );
#8111 = CARTESIAN_POINT('',(9.4,-71.47));
#8112 = CARTESIAN_POINT('',(9.4,-70.43076951545));
#8113 = CARTESIAN_POINT('',(10.3,-70.95038475772));
#8114 = CARTESIAN_POINT('',(11.2,-71.47));
#8115 = CARTESIAN_POINT('',(10.3,-71.98961524227));
#8116 = CARTESIAN_POINT('',(9.4,-72.50923048454));
#8117 = CARTESIAN_POINT('',(9.4,-71.47));
#8118 = ( GEOMETRIC_REPRESENTATION_CONTEXT(2) 
PARAMETRIC_REPRESENTATION_CONTEXT() REPRESENTATION_CONTEXT('2D SPACE',''
  ) );
#8119 = PCURVE('',#1788,#8120);
#8120 = DEFINITIONAL_REPRESENTATION('',(#8121),#8125);
#8121 = LINE('',#8122,#8123);
#8122 = CARTESIAN_POINT('',(0.,1.61));
#8123 = VECTOR('',#8124,1.);
#8124 = DIRECTION('',(1.,0.));
#8125 = ( GEOMETRIC_REPRESENTATION_CONTEXT(2) 
PARAMETRIC_REPRESENTATION_CONTEXT() REPRESENTATION_CONTEXT('2D SPACE',''
  ) );
#8126 = FACE_BOUND('',#8127,.F.);
#8127 = EDGE_LOOP('',(#8128));
#8128 = ORIENTED_EDGE('',*,*,#8129,.T.);
#8129 = EDGE_CURVE('',#8130,#8130,#8132,.T.);
#8130 = VERTEX_POINT('',#8131);
#8131 = CARTESIAN_POINT('',(184.6,-251.47,1.6));
#8132 = SURFACE_CURVE('',#8133,(#8138,#8149),.PCURVE_S1.);
#8133 = CIRCLE('',#8134,0.6);
#8134 = AXIS2_PLACEMENT_3D('',#8135,#8136,#8137);
#8135 = CARTESIAN_POINT('',(184.,-251.47,1.6));
#8136 = DIRECTION('',(0.,0.,1.));
#8137 = DIRECTION('',(1.,0.,-0.));
#8138 = PCURVE('',#90,#8139);
#8139 = DEFINITIONAL_REPRESENTATION('',(#8140),#8148);
#8140 = ( BOUNDED_CURVE() B_SPLINE_CURVE(2,(#8141,#8142,#8143,#8144,
#8145,#8146,#8147),.UNSPECIFIED.,.T.,.F.) B_SPLINE_CURVE_WITH_KNOTS((1,2
    ,2,2,2,1),(-2.094395102393,0.,2.094395102393,4.188790204786,
6.28318530718,8.377580409573),.UNSPECIFIED.) CURVE() 
GEOMETRIC_REPRESENTATION_ITEM() RATIONAL_B_SPLINE_CURVE((1.,0.5,1.,0.5,
1.,0.5,1.)) REPRESENTATION_ITEM('') );
#8141 = CARTESIAN_POINT('',(12.9,-71.47));
#8142 = CARTESIAN_POINT('',(12.9,-70.43076951545));
#8143 = CARTESIAN_POINT('',(13.8,-70.95038475772));
#8144 = CARTESIAN_POINT('',(14.7,-71.47));
#8145 = CARTESIAN_POINT('',(13.8,-71.98961524227));
#8146 = CARTESIAN_POINT('',(12.9,-72.50923048454));
#8147 = CARTESIAN_POINT('',(12.9,-71.47));
#8148 = ( GEOMETRIC_REPRESENTATION_CONTEXT(2) 
PARAMETRIC_REPRESENTATION_CONTEXT() REPRESENTATION_CONTEXT('2D SPACE',''
  ) );
#8149 = PCURVE('',#1823,#8150);
#8150 = DEFINITIONAL_REPRESENTATION('',(#8151),#8155);
#8151 = LINE('',#8152,#8153);
#8152 = CARTESIAN_POINT('',(0.,1.61));
#8153 = VECTOR('',#8154,1.);
#8154 = DIRECTION('',(1.,0.));
#8155 = ( GEOMETRIC_REPRESENTATION_CONTEXT(2) 
PARAMETRIC_REPRESENTATION_CONTEXT() REPRESENTATION_CONTEXT('2D SPACE',''
  ) );
#8156 = FACE_BOUND('',#8157,.F.);
#8157 = EDGE_LOOP('',(#8158));
#8158 = ORIENTED_EDGE('',*,*,#8159,.T.);
#8159 = EDGE_CURVE('',#8160,#8160,#8162,.T.);
#8160 = VERTEX_POINT('',#8161);
#8161 = CARTESIAN_POINT('',(176.1,-251.47,1.6));
#8162 = SURFACE_CURVE('',#8163,(#8168,#8179),.PCURVE_S1.);
#8163 = CIRCLE('',#8164,0.6);
#8164 = AXIS2_PLACEMENT_3D('',#8165,#8166,#8167);
#8165 = CARTESIAN_POINT('',(175.5,-251.47,1.6));
#8166 = DIRECTION('',(0.,0.,1.));
#8167 = DIRECTION('',(1.,0.,-0.));
#8168 = PCURVE('',#90,#8169);
#8169 = DEFINITIONAL_REPRESENTATION('',(#8170),#8178);
#8170 = ( BOUNDED_CURVE() B_SPLINE_CURVE(2,(#8171,#8172,#8173,#8174,
#8175,#8176,#8177),.UNSPECIFIED.,.T.,.F.) B_SPLINE_CURVE_WITH_KNOTS((1,2
    ,2,2,2,1),(-2.094395102393,0.,2.094395102393,4.188790204786,
6.28318530718,8.377580409573),.UNSPECIFIED.) CURVE() 
GEOMETRIC_REPRESENTATION_ITEM() RATIONAL_B_SPLINE_CURVE((1.,0.5,1.,0.5,
1.,0.5,1.)) REPRESENTATION_ITEM('') );
#8171 = CARTESIAN_POINT('',(21.4,-71.47));
#8172 = CARTESIAN_POINT('',(21.4,-70.43076951545));
#8173 = CARTESIAN_POINT('',(22.3,-70.95038475772));
#8174 = CARTESIAN_POINT('',(23.2,-71.47));
#8175 = CARTESIAN_POINT('',(22.3,-71.98961524227));
#8176 = CARTESIAN_POINT('',(21.4,-72.50923048454));
#8177 = CARTESIAN_POINT('',(21.4,-71.47));
#8178 = ( GEOMETRIC_REPRESENTATION_CONTEXT(2) 
PARAMETRIC_REPRESENTATION_CONTEXT() REPRESENTATION_CONTEXT('2D SPACE',''
  ) );
#8179 = PCURVE('',#1858,#8180);
#8180 = DEFINITIONAL_REPRESENTATION('',(#8181),#8185);
#8181 = LINE('',#8182,#8183);
#8182 = CARTESIAN_POINT('',(0.,1.61));
#8183 = VECTOR('',#8184,1.);
#8184 = DIRECTION('',(1.,0.));
#8185 = ( GEOMETRIC_REPRESENTATION_CONTEXT(2) 
PARAMETRIC_REPRESENTATION_CONTEXT() REPRESENTATION_CONTEXT('2D SPACE',''
  ) );
#8186 = FACE_BOUND('',#8187,.F.);
#8187 = EDGE_LOOP('',(#8188));
#8188 = ORIENTED_EDGE('',*,*,#8189,.T.);
#8189 = EDGE_CURVE('',#8190,#8190,#8192,.T.);
#8190 = VERTEX_POINT('',#8191);
#8191 = CARTESIAN_POINT('',(172.6,-251.47,1.6));
#8192 = SURFACE_CURVE('',#8193,(#8198,#8209),.PCURVE_S1.);
#8193 = CIRCLE('',#8194,0.6);
#8194 = AXIS2_PLACEMENT_3D('',#8195,#8196,#8197);
#8195 = CARTESIAN_POINT('',(172.,-251.47,1.6));
#8196 = DIRECTION('',(0.,0.,1.));
#8197 = DIRECTION('',(1.,0.,-0.));
#8198 = PCURVE('',#90,#8199);
#8199 = DEFINITIONAL_REPRESENTATION('',(#8200),#8208);
#8200 = ( BOUNDED_CURVE() B_SPLINE_CURVE(2,(#8201,#8202,#8203,#8204,
#8205,#8206,#8207),.UNSPECIFIED.,.T.,.F.) B_SPLINE_CURVE_WITH_KNOTS((1,2
    ,2,2,2,1),(-2.094395102393,0.,2.094395102393,4.188790204786,
6.28318530718,8.377580409573),.UNSPECIFIED.) CURVE() 
GEOMETRIC_REPRESENTATION_ITEM() RATIONAL_B_SPLINE_CURVE((1.,0.5,1.,0.5,
1.,0.5,1.)) REPRESENTATION_ITEM('') );
#8201 = CARTESIAN_POINT('',(24.9,-71.47));
#8202 = CARTESIAN_POINT('',(24.9,-70.43076951545));
#8203 = CARTESIAN_POINT('',(25.8,-70.95038475772));
#8204 = CARTESIAN_POINT('',(26.7,-71.47));
#8205 = CARTESIAN_POINT('',(25.8,-71.98961524227));
#8206 = CARTESIAN_POINT('',(24.9,-72.50923048454));
#8207 = CARTESIAN_POINT('',(24.9,-71.47));
#8208 = ( GEOMETRIC_REPRESENTATION_CONTEXT(2) 
PARAMETRIC_REPRESENTATION_CONTEXT() REPRESENTATION_CONTEXT('2D SPACE',''
  ) );
#8209 = PCURVE('',#1893,#8210);
#8210 = DEFINITIONAL_REPRESENTATION('',(#8211),#8215);
#8211 = LINE('',#8212,#8213);
#8212 = CARTESIAN_POINT('',(0.,1.61));
#8213 = VECTOR('',#8214,1.);
#8214 = DIRECTION('',(1.,0.));
#8215 = ( GEOMETRIC_REPRESENTATION_CONTEXT(2) 
PARAMETRIC_REPRESENTATION_CONTEXT() REPRESENTATION_CONTEXT('2D SPACE',''
  ) );
#8216 = FACE_BOUND('',#8217,.F.);
#8217 = EDGE_LOOP('',(#8218));
#8218 = ORIENTED_EDGE('',*,*,#8219,.T.);
#8219 = EDGE_CURVE('',#8220,#8220,#8222,.T.);
#8220 = VERTEX_POINT('',#8221);
#8221 = CARTESIAN_POINT('',(169.1,-251.47,1.6));
#8222 = SURFACE_CURVE('',#8223,(#8228,#8239),.PCURVE_S1.);
#8223 = CIRCLE('',#8224,0.6);
#8224 = AXIS2_PLACEMENT_3D('',#8225,#8226,#8227);
#8225 = CARTESIAN_POINT('',(168.5,-251.47,1.6));
#8226 = DIRECTION('',(0.,0.,1.));
#8227 = DIRECTION('',(1.,0.,-0.));
#8228 = PCURVE('',#90,#8229);
#8229 = DEFINITIONAL_REPRESENTATION('',(#8230),#8238);
#8230 = ( BOUNDED_CURVE() B_SPLINE_CURVE(2,(#8231,#8232,#8233,#8234,
#8235,#8236,#8237),.UNSPECIFIED.,.T.,.F.) B_SPLINE_CURVE_WITH_KNOTS((1,2
    ,2,2,2,1),(-2.094395102393,0.,2.094395102393,4.188790204786,
6.28318530718,8.377580409573),.UNSPECIFIED.) CURVE() 
GEOMETRIC_REPRESENTATION_ITEM() RATIONAL_B_SPLINE_CURVE((1.,0.5,1.,0.5,
1.,0.5,1.)) REPRESENTATION_ITEM('') );
#8231 = CARTESIAN_POINT('',(28.4,-71.47));
#8232 = CARTESIAN_POINT('',(28.4,-70.43076951545));
#8233 = CARTESIAN_POINT('',(29.3,-70.95038475772));
#8234 = CARTESIAN_POINT('',(30.2,-71.47));
#8235 = CARTESIAN_POINT('',(29.3,-71.98961524227));
#8236 = CARTESIAN_POINT('',(28.4,-72.50923048454));
#8237 = CARTESIAN_POINT('',(28.4,-71.47));
#8238 = ( GEOMETRIC_REPRESENTATION_CONTEXT(2) 
PARAMETRIC_REPRESENTATION_CONTEXT() REPRESENTATION_CONTEXT('2D SPACE',''
  ) );
#8239 = PCURVE('',#1928,#8240);
#8240 = DEFINITIONAL_REPRESENTATION('',(#8241),#8245);
#8241 = LINE('',#8242,#8243);
#8242 = CARTESIAN_POINT('',(0.,1.61));
#8243 = VECTOR('',#8244,1.);
#8244 = DIRECTION('',(1.,0.));
#8245 = ( GEOMETRIC_REPRESENTATION_CONTEXT(2) 
PARAMETRIC_REPRESENTATION_CONTEXT() REPRESENTATION_CONTEXT('2D SPACE',''
  ) );
#8246 = FACE_BOUND('',#8247,.F.);
#8247 = EDGE_LOOP('',(#8248));
#8248 = ORIENTED_EDGE('',*,*,#8249,.T.);
#8249 = EDGE_CURVE('',#8250,#8250,#8252,.T.);
#8250 = VERTEX_POINT('',#8251);
#8251 = CARTESIAN_POINT('',(165.6,-251.47,1.6));
#8252 = SURFACE_CURVE('',#8253,(#8258,#8269),.PCURVE_S1.);
#8253 = CIRCLE('',#8254,0.6);
#8254 = AXIS2_PLACEMENT_3D('',#8255,#8256,#8257);
#8255 = CARTESIAN_POINT('',(165.,-251.47,1.6));
#8256 = DIRECTION('',(0.,0.,1.));
#8257 = DIRECTION('',(1.,0.,-0.));
#8258 = PCURVE('',#90,#8259);
#8259 = DEFINITIONAL_REPRESENTATION('',(#8260),#8268);
#8260 = ( BOUNDED_CURVE() B_SPLINE_CURVE(2,(#8261,#8262,#8263,#8264,
#8265,#8266,#8267),.UNSPECIFIED.,.T.,.F.) B_SPLINE_CURVE_WITH_KNOTS((1,2
    ,2,2,2,1),(-2.094395102393,0.,2.094395102393,4.188790204786,
6.28318530718,8.377580409573),.UNSPECIFIED.) CURVE() 
GEOMETRIC_REPRESENTATION_ITEM() RATIONAL_B_SPLINE_CURVE((1.,0.5,1.,0.5,
1.,0.5,1.)) REPRESENTATION_ITEM('') );
#8261 = CARTESIAN_POINT('',(31.9,-71.47));
#8262 = CARTESIAN_POINT('',(31.9,-70.43076951545));
#8263 = CARTESIAN_POINT('',(32.8,-70.95038475772));
#8264 = CARTESIAN_POINT('',(33.7,-71.47));
#8265 = CARTESIAN_POINT('',(32.8,-71.98961524227));
#8266 = CARTESIAN_POINT('',(31.9,-72.50923048454));
#8267 = CARTESIAN_POINT('',(31.9,-71.47));
#8268 = ( GEOMETRIC_REPRESENTATION_CONTEXT(2) 
PARAMETRIC_REPRESENTATION_CONTEXT() REPRESENTATION_CONTEXT('2D SPACE',''
  ) );
#8269 = PCURVE('',#1963,#8270);
#8270 = DEFINITIONAL_REPRESENTATION('',(#8271),#8275);
#8271 = LINE('',#8272,#8273);
#8272 = CARTESIAN_POINT('',(0.,1.61));
#8273 = VECTOR('',#8274,1.);
#8274 = DIRECTION('',(1.,0.));
#8275 = ( GEOMETRIC_REPRESENTATION_CONTEXT(2) 
PARAMETRIC_REPRESENTATION_CONTEXT() REPRESENTATION_CONTEXT('2D SPACE',''
  ) );
#8276 = FACE_BOUND('',#8277,.F.);
#8277 = EDGE_LOOP('',(#8278));
#8278 = ORIENTED_EDGE('',*,*,#8279,.T.);
#8279 = EDGE_CURVE('',#8280,#8280,#8282,.T.);
#8280 = VERTEX_POINT('',#8281);
#8281 = CARTESIAN_POINT('',(158.1,-251.47,1.6));
#8282 = SURFACE_CURVE('',#8283,(#8288,#8299),.PCURVE_S1.);
#8283 = CIRCLE('',#8284,0.6);
#8284 = AXIS2_PLACEMENT_3D('',#8285,#8286,#8287);
#8285 = CARTESIAN_POINT('',(157.5,-251.47,1.6));
#8286 = DIRECTION('',(0.,0.,1.));
#8287 = DIRECTION('',(1.,0.,-0.));
#8288 = PCURVE('',#90,#8289);
#8289 = DEFINITIONAL_REPRESENTATION('',(#8290),#8298);
#8290 = ( BOUNDED_CURVE() B_SPLINE_CURVE(2,(#8291,#8292,#8293,#8294,
#8295,#8296,#8297),.UNSPECIFIED.,.T.,.F.) B_SPLINE_CURVE_WITH_KNOTS((1,2
    ,2,2,2,1),(-2.094395102393,0.,2.094395102393,4.188790204786,
6.28318530718,8.377580409573),.UNSPECIFIED.) CURVE() 
GEOMETRIC_REPRESENTATION_ITEM() RATIONAL_B_SPLINE_CURVE((1.,0.5,1.,0.5,
1.,0.5,1.)) REPRESENTATION_ITEM('') );
#8291 = CARTESIAN_POINT('',(39.4,-71.47));
#8292 = CARTESIAN_POINT('',(39.4,-70.43076951545));
#8293 = CARTESIAN_POINT('',(40.3,-70.95038475772));
#8294 = CARTESIAN_POINT('',(41.2,-71.47));
#8295 = CARTESIAN_POINT('',(40.3,-71.98961524227));
#8296 = CARTESIAN_POINT('',(39.4,-72.50923048454));
#8297 = CARTESIAN_POINT('',(39.4,-71.47));
#8298 = ( GEOMETRIC_REPRESENTATION_CONTEXT(2) 
PARAMETRIC_REPRESENTATION_CONTEXT() REPRESENTATION_CONTEXT('2D SPACE',''
  ) );
#8299 = PCURVE('',#1998,#8300);
#8300 = DEFINITIONAL_REPRESENTATION('',(#8301),#8305);
#8301 = LINE('',#8302,#8303);
#8302 = CARTESIAN_POINT('',(0.,1.61));
#8303 = VECTOR('',#8304,1.);
#8304 = DIRECTION('',(1.,0.));
#8305 = ( GEOMETRIC_REPRESENTATION_CONTEXT(2) 
PARAMETRIC_REPRESENTATION_CONTEXT() REPRESENTATION_CONTEXT('2D SPACE',''
  ) );
#8306 = FACE_BOUND('',#8307,.F.);
#8307 = EDGE_LOOP('',(#8308));
#8308 = ORIENTED_EDGE('',*,*,#8309,.T.);
#8309 = EDGE_CURVE('',#8310,#8310,#8312,.T.);
#8310 = VERTEX_POINT('',#8311);
#8311 = CARTESIAN_POINT('',(154.6,-251.47,1.6));
#8312 = SURFACE_CURVE('',#8313,(#8318,#8329),.PCURVE_S1.);
#8313 = CIRCLE('',#8314,0.6);
#8314 = AXIS2_PLACEMENT_3D('',#8315,#8316,#8317);
#8315 = CARTESIAN_POINT('',(154.,-251.47,1.6));
#8316 = DIRECTION('',(0.,0.,1.));
#8317 = DIRECTION('',(1.,0.,-0.));
#8318 = PCURVE('',#90,#8319);
#8319 = DEFINITIONAL_REPRESENTATION('',(#8320),#8328);
#8320 = ( BOUNDED_CURVE() B_SPLINE_CURVE(2,(#8321,#8322,#8323,#8324,
#8325,#8326,#8327),.UNSPECIFIED.,.T.,.F.) B_SPLINE_CURVE_WITH_KNOTS((1,2
    ,2,2,2,1),(-2.094395102393,0.,2.094395102393,4.188790204786,
6.28318530718,8.377580409573),.UNSPECIFIED.) CURVE() 
GEOMETRIC_REPRESENTATION_ITEM() RATIONAL_B_SPLINE_CURVE((1.,0.5,1.,0.5,
1.,0.5,1.)) REPRESENTATION_ITEM('') );
#8321 = CARTESIAN_POINT('',(42.9,-71.47));
#8322 = CARTESIAN_POINT('',(42.9,-70.43076951545));
#8323 = CARTESIAN_POINT('',(43.8,-70.95038475772));
#8324 = CARTESIAN_POINT('',(44.7,-71.47));
#8325 = CARTESIAN_POINT('',(43.8,-71.98961524227));
#8326 = CARTESIAN_POINT('',(42.9,-72.50923048454));
#8327 = CARTESIAN_POINT('',(42.9,-71.47));
#8328 = ( GEOMETRIC_REPRESENTATION_CONTEXT(2) 
PARAMETRIC_REPRESENTATION_CONTEXT() REPRESENTATION_CONTEXT('2D SPACE',''
  ) );
#8329 = PCURVE('',#2033,#8330);
#8330 = DEFINITIONAL_REPRESENTATION('',(#8331),#8335);
#8331 = LINE('',#8332,#8333);
#8332 = CARTESIAN_POINT('',(0.,1.61));
#8333 = VECTOR('',#8334,1.);
#8334 = DIRECTION('',(1.,0.));
#8335 = ( GEOMETRIC_REPRESENTATION_CONTEXT(2) 
PARAMETRIC_REPRESENTATION_CONTEXT() REPRESENTATION_CONTEXT('2D SPACE',''
  ) );
#8336 = FACE_BOUND('',#8337,.F.);
#8337 = EDGE_LOOP('',(#8338));
#8338 = ORIENTED_EDGE('',*,*,#8339,.T.);
#8339 = EDGE_CURVE('',#8340,#8340,#8342,.T.);
#8340 = VERTEX_POINT('',#8341);
#8341 = CARTESIAN_POINT('',(151.1,-251.47,1.6));
#8342 = SURFACE_CURVE('',#8343,(#8348,#8359),.PCURVE_S1.);
#8343 = CIRCLE('',#8344,0.6);
#8344 = AXIS2_PLACEMENT_3D('',#8345,#8346,#8347);
#8345 = CARTESIAN_POINT('',(150.5,-251.47,1.6));
#8346 = DIRECTION('',(0.,0.,1.));
#8347 = DIRECTION('',(1.,0.,-0.));
#8348 = PCURVE('',#90,#8349);
#8349 = DEFINITIONAL_REPRESENTATION('',(#8350),#8358);
#8350 = ( BOUNDED_CURVE() B_SPLINE_CURVE(2,(#8351,#8352,#8353,#8354,
#8355,#8356,#8357),.UNSPECIFIED.,.T.,.F.) B_SPLINE_CURVE_WITH_KNOTS((1,2
    ,2,2,2,1),(-2.094395102393,0.,2.094395102393,4.188790204786,
6.28318530718,8.377580409573),.UNSPECIFIED.) CURVE() 
GEOMETRIC_REPRESENTATION_ITEM() RATIONAL_B_SPLINE_CURVE((1.,0.5,1.,0.5,
1.,0.5,1.)) REPRESENTATION_ITEM('') );
#8351 = CARTESIAN_POINT('',(46.4,-71.47));
#8352 = CARTESIAN_POINT('',(46.4,-70.43076951545));
#8353 = CARTESIAN_POINT('',(47.3,-70.95038475772));
#8354 = CARTESIAN_POINT('',(48.2,-71.47));
#8355 = CARTESIAN_POINT('',(47.3,-71.98961524227));
#8356 = CARTESIAN_POINT('',(46.4,-72.50923048454));
#8357 = CARTESIAN_POINT('',(46.4,-71.47));
#8358 = ( GEOMETRIC_REPRESENTATION_CONTEXT(2) 
PARAMETRIC_REPRESENTATION_CONTEXT() REPRESENTATION_CONTEXT('2D SPACE',''
  ) );
#8359 = PCURVE('',#2068,#8360);
#8360 = DEFINITIONAL_REPRESENTATION('',(#8361),#8365);
#8361 = LINE('',#8362,#8363);
#8362 = CARTESIAN_POINT('',(0.,1.61));
#8363 = VECTOR('',#8364,1.);
#8364 = DIRECTION('',(1.,0.));
#8365 = ( GEOMETRIC_REPRESENTATION_CONTEXT(2) 
PARAMETRIC_REPRESENTATION_CONTEXT() REPRESENTATION_CONTEXT('2D SPACE',''
  ) );
#8366 = FACE_BOUND('',#8367,.F.);
#8367 = EDGE_LOOP('',(#8368));
#8368 = ORIENTED_EDGE('',*,*,#8369,.T.);
#8369 = EDGE_CURVE('',#8370,#8370,#8372,.T.);
#8370 = VERTEX_POINT('',#8371);
#8371 = CARTESIAN_POINT('',(147.6,-251.47,1.6));
#8372 = SURFACE_CURVE('',#8373,(#8378,#8389),.PCURVE_S1.);
#8373 = CIRCLE('',#8374,0.6);
#8374 = AXIS2_PLACEMENT_3D('',#8375,#8376,#8377);
#8375 = CARTESIAN_POINT('',(147.,-251.47,1.6));
#8376 = DIRECTION('',(0.,0.,1.));
#8377 = DIRECTION('',(1.,0.,-0.));
#8378 = PCURVE('',#90,#8379);
#8379 = DEFINITIONAL_REPRESENTATION('',(#8380),#8388);
#8380 = ( BOUNDED_CURVE() B_SPLINE_CURVE(2,(#8381,#8382,#8383,#8384,
#8385,#8386,#8387),.UNSPECIFIED.,.T.,.F.) B_SPLINE_CURVE_WITH_KNOTS((1,2
    ,2,2,2,1),(-2.094395102393,0.,2.094395102393,4.188790204786,
6.28318530718,8.377580409573),.UNSPECIFIED.) CURVE() 
GEOMETRIC_REPRESENTATION_ITEM() RATIONAL_B_SPLINE_CURVE((1.,0.5,1.,0.5,
1.,0.5,1.)) REPRESENTATION_ITEM('') );
#8381 = CARTESIAN_POINT('',(49.9,-71.47));
#8382 = CARTESIAN_POINT('',(49.9,-70.43076951545));
#8383 = CARTESIAN_POINT('',(50.8,-70.95038475772));
#8384 = CARTESIAN_POINT('',(51.7,-71.47));
#8385 = CARTESIAN_POINT('',(50.8,-71.98961524227));
#8386 = CARTESIAN_POINT('',(49.9,-72.50923048454));
#8387 = CARTESIAN_POINT('',(49.9,-71.47));
#8388 = ( GEOMETRIC_REPRESENTATION_CONTEXT(2) 
PARAMETRIC_REPRESENTATION_CONTEXT() REPRESENTATION_CONTEXT('2D SPACE',''
  ) );
#8389 = PCURVE('',#2103,#8390);
#8390 = DEFINITIONAL_REPRESENTATION('',(#8391),#8395);
#8391 = LINE('',#8392,#8393);
#8392 = CARTESIAN_POINT('',(0.,1.61));
#8393 = VECTOR('',#8394,1.);
#8394 = DIRECTION('',(1.,0.));
#8395 = ( GEOMETRIC_REPRESENTATION_CONTEXT(2) 
PARAMETRIC_REPRESENTATION_CONTEXT() REPRESENTATION_CONTEXT('2D SPACE',''
  ) );
#8396 = FACE_BOUND('',#8397,.F.);
#8397 = EDGE_LOOP('',(#8398));
#8398 = ORIENTED_EDGE('',*,*,#8399,.T.);
#8399 = EDGE_CURVE('',#8400,#8400,#8402,.T.);
#8400 = VERTEX_POINT('',#8401);
#8401 = CARTESIAN_POINT('',(140.1,-251.47,1.6));
#8402 = SURFACE_CURVE('',#8403,(#8408,#8419),.PCURVE_S1.);
#8403 = CIRCLE('',#8404,0.6);
#8404 = AXIS2_PLACEMENT_3D('',#8405,#8406,#8407);
#8405 = CARTESIAN_POINT('',(139.5,-251.47,1.6));
#8406 = DIRECTION('',(0.,0.,1.));
#8407 = DIRECTION('',(1.,0.,-0.));
#8408 = PCURVE('',#90,#8409);
#8409 = DEFINITIONAL_REPRESENTATION('',(#8410),#8418);
#8410 = ( BOUNDED_CURVE() B_SPLINE_CURVE(2,(#8411,#8412,#8413,#8414,
#8415,#8416,#8417),.UNSPECIFIED.,.T.,.F.) B_SPLINE_CURVE_WITH_KNOTS((1,2
    ,2,2,2,1),(-2.094395102393,0.,2.094395102393,4.188790204786,
6.28318530718,8.377580409573),.UNSPECIFIED.) CURVE() 
GEOMETRIC_REPRESENTATION_ITEM() RATIONAL_B_SPLINE_CURVE((1.,0.5,1.,0.5,
1.,0.5,1.)) REPRESENTATION_ITEM('') );
#8411 = CARTESIAN_POINT('',(57.4,-71.47));
#8412 = CARTESIAN_POINT('',(57.4,-70.43076951545));
#8413 = CARTESIAN_POINT('',(58.3,-70.95038475772));
#8414 = CARTESIAN_POINT('',(59.2,-71.47));
#8415 = CARTESIAN_POINT('',(58.3,-71.98961524227));
#8416 = CARTESIAN_POINT('',(57.4,-72.50923048454));
#8417 = CARTESIAN_POINT('',(57.4,-71.47));
#8418 = ( GEOMETRIC_REPRESENTATION_CONTEXT(2) 
PARAMETRIC_REPRESENTATION_CONTEXT() REPRESENTATION_CONTEXT('2D SPACE',''
  ) );
#8419 = PCURVE('',#2138,#8420);
#8420 = DEFINITIONAL_REPRESENTATION('',(#8421),#8425);
#8421 = LINE('',#8422,#8423);
#8422 = CARTESIAN_POINT('',(0.,1.61));
#8423 = VECTOR('',#8424,1.);
#8424 = DIRECTION('',(1.,0.));
#8425 = ( GEOMETRIC_REPRESENTATION_CONTEXT(2) 
PARAMETRIC_REPRESENTATION_CONTEXT() REPRESENTATION_CONTEXT('2D SPACE',''
  ) );
#8426 = FACE_BOUND('',#8427,.F.);
#8427 = EDGE_LOOP('',(#8428));
#8428 = ORIENTED_EDGE('',*,*,#8429,.T.);
#8429 = EDGE_CURVE('',#8430,#8430,#8432,.T.);
#8430 = VERTEX_POINT('',#8431);
#8431 = CARTESIAN_POINT('',(136.6,-251.47,1.6));
#8432 = SURFACE_CURVE('',#8433,(#8438,#8449),.PCURVE_S1.);
#8433 = CIRCLE('',#8434,0.6);
#8434 = AXIS2_PLACEMENT_3D('',#8435,#8436,#8437);
#8435 = CARTESIAN_POINT('',(136.,-251.47,1.6));
#8436 = DIRECTION('',(0.,0.,1.));
#8437 = DIRECTION('',(1.,0.,-0.));
#8438 = PCURVE('',#90,#8439);
#8439 = DEFINITIONAL_REPRESENTATION('',(#8440),#8448);
#8440 = ( BOUNDED_CURVE() B_SPLINE_CURVE(2,(#8441,#8442,#8443,#8444,
#8445,#8446,#8447),.UNSPECIFIED.,.T.,.F.) B_SPLINE_CURVE_WITH_KNOTS((1,2
    ,2,2,2,1),(-2.094395102393,0.,2.094395102393,4.188790204786,
6.28318530718,8.377580409573),.UNSPECIFIED.) CURVE() 
GEOMETRIC_REPRESENTATION_ITEM() RATIONAL_B_SPLINE_CURVE((1.,0.5,1.,0.5,
1.,0.5,1.)) REPRESENTATION_ITEM('') );
#8441 = CARTESIAN_POINT('',(60.9,-71.47));
#8442 = CARTESIAN_POINT('',(60.9,-70.43076951545));
#8443 = CARTESIAN_POINT('',(61.8,-70.95038475772));
#8444 = CARTESIAN_POINT('',(62.7,-71.47));
#8445 = CARTESIAN_POINT('',(61.8,-71.98961524227));
#8446 = CARTESIAN_POINT('',(60.9,-72.50923048454));
#8447 = CARTESIAN_POINT('',(60.9,-71.47));
#8448 = ( GEOMETRIC_REPRESENTATION_CONTEXT(2) 
PARAMETRIC_REPRESENTATION_CONTEXT() REPRESENTATION_CONTEXT('2D SPACE',''
  ) );
#8449 = PCURVE('',#2173,#8450);
#8450 = DEFINITIONAL_REPRESENTATION('',(#8451),#8455);
#8451 = LINE('',#8452,#8453);
#8452 = CARTESIAN_POINT('',(0.,1.61));
#8453 = VECTOR('',#8454,1.);
#8454 = DIRECTION('',(1.,0.));
#8455 = ( GEOMETRIC_REPRESENTATION_CONTEXT(2) 
PARAMETRIC_REPRESENTATION_CONTEXT() REPRESENTATION_CONTEXT('2D SPACE',''
  ) );
#8456 = FACE_BOUND('',#8457,.F.);
#8457 = EDGE_LOOP('',(#8458));
#8458 = ORIENTED_EDGE('',*,*,#8459,.T.);
#8459 = EDGE_CURVE('',#8460,#8460,#8462,.T.);
#8460 = VERTEX_POINT('',#8461);
#8461 = CARTESIAN_POINT('',(133.1,-251.47,1.6));
#8462 = SURFACE_CURVE('',#8463,(#8468,#8479),.PCURVE_S1.);
#8463 = CIRCLE('',#8464,0.6);
#8464 = AXIS2_PLACEMENT_3D('',#8465,#8466,#8467);
#8465 = CARTESIAN_POINT('',(132.5,-251.47,1.6));
#8466 = DIRECTION('',(0.,0.,1.));
#8467 = DIRECTION('',(1.,0.,-0.));
#8468 = PCURVE('',#90,#8469);
#8469 = DEFINITIONAL_REPRESENTATION('',(#8470),#8478);
#8470 = ( BOUNDED_CURVE() B_SPLINE_CURVE(2,(#8471,#8472,#8473,#8474,
#8475,#8476,#8477),.UNSPECIFIED.,.T.,.F.) B_SPLINE_CURVE_WITH_KNOTS((1,2
    ,2,2,2,1),(-2.094395102393,0.,2.094395102393,4.188790204786,
6.28318530718,8.377580409573),.UNSPECIFIED.) CURVE() 
GEOMETRIC_REPRESENTATION_ITEM() RATIONAL_B_SPLINE_CURVE((1.,0.5,1.,0.5,
1.,0.5,1.)) REPRESENTATION_ITEM('') );
#8471 = CARTESIAN_POINT('',(64.4,-71.47));
#8472 = CARTESIAN_POINT('',(64.4,-70.43076951545));
#8473 = CARTESIAN_POINT('',(65.3,-70.95038475772));
#8474 = CARTESIAN_POINT('',(66.2,-71.47));
#8475 = CARTESIAN_POINT('',(65.3,-71.98961524227));
#8476 = CARTESIAN_POINT('',(64.4,-72.50923048454));
#8477 = CARTESIAN_POINT('',(64.4,-71.47));
#8478 = ( GEOMETRIC_REPRESENTATION_CONTEXT(2) 
PARAMETRIC_REPRESENTATION_CONTEXT() REPRESENTATION_CONTEXT('2D SPACE',''
  ) );
#8479 = PCURVE('',#2208,#8480);
#8480 = DEFINITIONAL_REPRESENTATION('',(#8481),#8485);
#8481 = LINE('',#8482,#8483);
#8482 = CARTESIAN_POINT('',(0.,1.61));
#8483 = VECTOR('',#8484,1.);
#8484 = DIRECTION('',(1.,0.));
#8485 = ( GEOMETRIC_REPRESENTATION_CONTEXT(2) 
PARAMETRIC_REPRESENTATION_CONTEXT() REPRESENTATION_CONTEXT('2D SPACE',''
  ) );
#8486 = FACE_BOUND('',#8487,.F.);
#8487 = EDGE_LOOP('',(#8488));
#8488 = ORIENTED_EDGE('',*,*,#8489,.T.);
#8489 = EDGE_CURVE('',#8490,#8490,#8492,.T.);
#8490 = VERTEX_POINT('',#8491);
#8491 = CARTESIAN_POINT('',(129.6,-251.47,1.6));
#8492 = SURFACE_CURVE('',#8493,(#8498,#8509),.PCURVE_S1.);
#8493 = CIRCLE('',#8494,0.6);
#8494 = AXIS2_PLACEMENT_3D('',#8495,#8496,#8497);
#8495 = CARTESIAN_POINT('',(129.,-251.47,1.6));
#8496 = DIRECTION('',(0.,0.,1.));
#8497 = DIRECTION('',(1.,0.,-0.));
#8498 = PCURVE('',#90,#8499);
#8499 = DEFINITIONAL_REPRESENTATION('',(#8500),#8508);
#8500 = ( BOUNDED_CURVE() B_SPLINE_CURVE(2,(#8501,#8502,#8503,#8504,
#8505,#8506,#8507),.UNSPECIFIED.,.T.,.F.) B_SPLINE_CURVE_WITH_KNOTS((1,2
    ,2,2,2,1),(-2.094395102393,0.,2.094395102393,4.188790204786,
6.28318530718,8.377580409573),.UNSPECIFIED.) CURVE() 
GEOMETRIC_REPRESENTATION_ITEM() RATIONAL_B_SPLINE_CURVE((1.,0.5,1.,0.5,
1.,0.5,1.)) REPRESENTATION_ITEM('') );
#8501 = CARTESIAN_POINT('',(67.9,-71.47));
#8502 = CARTESIAN_POINT('',(67.9,-70.43076951545));
#8503 = CARTESIAN_POINT('',(68.8,-70.95038475772));
#8504 = CARTESIAN_POINT('',(69.7,-71.47));
#8505 = CARTESIAN_POINT('',(68.8,-71.98961524227));
#8506 = CARTESIAN_POINT('',(67.9,-72.50923048454));
#8507 = CARTESIAN_POINT('',(67.9,-71.47));
#8508 = ( GEOMETRIC_REPRESENTATION_CONTEXT(2) 
PARAMETRIC_REPRESENTATION_CONTEXT() REPRESENTATION_CONTEXT('2D SPACE',''
  ) );
#8509 = PCURVE('',#2243,#8510);
#8510 = DEFINITIONAL_REPRESENTATION('',(#8511),#8515);
#8511 = LINE('',#8512,#8513);
#8512 = CARTESIAN_POINT('',(0.,1.61));
#8513 = VECTOR('',#8514,1.);
#8514 = DIRECTION('',(1.,0.));
#8515 = ( GEOMETRIC_REPRESENTATION_CONTEXT(2) 
PARAMETRIC_REPRESENTATION_CONTEXT() REPRESENTATION_CONTEXT('2D SPACE',''
  ) );
#8516 = FACE_BOUND('',#8517,.F.);
#8517 = EDGE_LOOP('',(#8518));
#8518 = ORIENTED_EDGE('',*,*,#8519,.T.);
#8519 = EDGE_CURVE('',#8520,#8520,#8522,.T.);
#8520 = VERTEX_POINT('',#8521);
#8521 = CARTESIAN_POINT('',(122.1,-251.47,1.6));
#8522 = SURFACE_CURVE('',#8523,(#8528,#8539),.PCURVE_S1.);
#8523 = CIRCLE('',#8524,0.6);
#8524 = AXIS2_PLACEMENT_3D('',#8525,#8526,#8527);
#8525 = CARTESIAN_POINT('',(121.5,-251.47,1.6));
#8526 = DIRECTION('',(0.,0.,1.));
#8527 = DIRECTION('',(1.,0.,-0.));
#8528 = PCURVE('',#90,#8529);
#8529 = DEFINITIONAL_REPRESENTATION('',(#8530),#8538);
#8530 = ( BOUNDED_CURVE() B_SPLINE_CURVE(2,(#8531,#8532,#8533,#8534,
#8535,#8536,#8537),.UNSPECIFIED.,.T.,.F.) B_SPLINE_CURVE_WITH_KNOTS((1,2
    ,2,2,2,1),(-2.094395102393,0.,2.094395102393,4.188790204786,
6.28318530718,8.377580409573),.UNSPECIFIED.) CURVE() 
GEOMETRIC_REPRESENTATION_ITEM() RATIONAL_B_SPLINE_CURVE((1.,0.5,1.,0.5,
1.,0.5,1.)) REPRESENTATION_ITEM('') );
#8531 = CARTESIAN_POINT('',(75.4,-71.47));
#8532 = CARTESIAN_POINT('',(75.4,-70.43076951545));
#8533 = CARTESIAN_POINT('',(76.3,-70.95038475772));
#8534 = CARTESIAN_POINT('',(77.2,-71.47));
#8535 = CARTESIAN_POINT('',(76.3,-71.98961524227));
#8536 = CARTESIAN_POINT('',(75.4,-72.50923048454));
#8537 = CARTESIAN_POINT('',(75.4,-71.47));
#8538 = ( GEOMETRIC_REPRESENTATION_CONTEXT(2) 
PARAMETRIC_REPRESENTATION_CONTEXT() REPRESENTATION_CONTEXT('2D SPACE',''
  ) );
#8539 = PCURVE('',#2278,#8540);
#8540 = DEFINITIONAL_REPRESENTATION('',(#8541),#8545);
#8541 = LINE('',#8542,#8543);
#8542 = CARTESIAN_POINT('',(0.,1.61));
#8543 = VECTOR('',#8544,1.);
#8544 = DIRECTION('',(1.,0.));
#8545 = ( GEOMETRIC_REPRESENTATION_CONTEXT(2) 
PARAMETRIC_REPRESENTATION_CONTEXT() REPRESENTATION_CONTEXT('2D SPACE',''
  ) );
#8546 = FACE_BOUND('',#8547,.F.);
#8547 = EDGE_LOOP('',(#8548));
#8548 = ORIENTED_EDGE('',*,*,#8549,.T.);
#8549 = EDGE_CURVE('',#8550,#8550,#8552,.T.);
#8550 = VERTEX_POINT('',#8551);
#8551 = CARTESIAN_POINT('',(118.6,-251.47,1.6));
#8552 = SURFACE_CURVE('',#8553,(#8558,#8569),.PCURVE_S1.);
#8553 = CIRCLE('',#8554,0.6);
#8554 = AXIS2_PLACEMENT_3D('',#8555,#8556,#8557);
#8555 = CARTESIAN_POINT('',(118.,-251.47,1.6));
#8556 = DIRECTION('',(0.,0.,1.));
#8557 = DIRECTION('',(1.,0.,-0.));
#8558 = PCURVE('',#90,#8559);
#8559 = DEFINITIONAL_REPRESENTATION('',(#8560),#8568);
#8560 = ( BOUNDED_CURVE() B_SPLINE_CURVE(2,(#8561,#8562,#8563,#8564,
#8565,#8566,#8567),.UNSPECIFIED.,.T.,.F.) B_SPLINE_CURVE_WITH_KNOTS((1,2
    ,2,2,2,1),(-2.094395102393,0.,2.094395102393,4.188790204786,
6.28318530718,8.377580409573),.UNSPECIFIED.) CURVE() 
GEOMETRIC_REPRESENTATION_ITEM() RATIONAL_B_SPLINE_CURVE((1.,0.5,1.,0.5,
1.,0.5,1.)) REPRESENTATION_ITEM('') );
#8561 = CARTESIAN_POINT('',(78.9,-71.47));
#8562 = CARTESIAN_POINT('',(78.9,-70.43076951545));
#8563 = CARTESIAN_POINT('',(79.8,-70.95038475772));
#8564 = CARTESIAN_POINT('',(80.7,-71.47));
#8565 = CARTESIAN_POINT('',(79.8,-71.98961524227));
#8566 = CARTESIAN_POINT('',(78.9,-72.50923048454));
#8567 = CARTESIAN_POINT('',(78.9,-71.47));
#8568 = ( GEOMETRIC_REPRESENTATION_CONTEXT(2) 
PARAMETRIC_REPRESENTATION_CONTEXT() REPRESENTATION_CONTEXT('2D SPACE',''
  ) );
#8569 = PCURVE('',#2313,#8570);
#8570 = DEFINITIONAL_REPRESENTATION('',(#8571),#8575);
#8571 = LINE('',#8572,#8573);
#8572 = CARTESIAN_POINT('',(0.,1.61));
#8573 = VECTOR('',#8574,1.);
#8574 = DIRECTION('',(1.,0.));
#8575 = ( GEOMETRIC_REPRESENTATION_CONTEXT(2) 
PARAMETRIC_REPRESENTATION_CONTEXT() REPRESENTATION_CONTEXT('2D SPACE',''
  ) );
#8576 = FACE_BOUND('',#8577,.F.);
#8577 = EDGE_LOOP('',(#8578));
#8578 = ORIENTED_EDGE('',*,*,#8579,.T.);
#8579 = EDGE_CURVE('',#8580,#8580,#8582,.T.);
#8580 = VERTEX_POINT('',#8581);
#8581 = CARTESIAN_POINT('',(115.1,-251.47,1.6));
#8582 = SURFACE_CURVE('',#8583,(#8588,#8599),.PCURVE_S1.);
#8583 = CIRCLE('',#8584,0.6);
#8584 = AXIS2_PLACEMENT_3D('',#8585,#8586,#8587);
#8585 = CARTESIAN_POINT('',(114.5,-251.47,1.6));
#8586 = DIRECTION('',(0.,0.,1.));
#8587 = DIRECTION('',(1.,0.,-0.));
#8588 = PCURVE('',#90,#8589);
#8589 = DEFINITIONAL_REPRESENTATION('',(#8590),#8598);
#8590 = ( BOUNDED_CURVE() B_SPLINE_CURVE(2,(#8591,#8592,#8593,#8594,
#8595,#8596,#8597),.UNSPECIFIED.,.T.,.F.) B_SPLINE_CURVE_WITH_KNOTS((1,2
    ,2,2,2,1),(-2.094395102393,0.,2.094395102393,4.188790204786,
6.28318530718,8.377580409573),.UNSPECIFIED.) CURVE() 
GEOMETRIC_REPRESENTATION_ITEM() RATIONAL_B_SPLINE_CURVE((1.,0.5,1.,0.5,
1.,0.5,1.)) REPRESENTATION_ITEM('') );
#8591 = CARTESIAN_POINT('',(82.4,-71.47));
#8592 = CARTESIAN_POINT('',(82.4,-70.43076951545));
#8593 = CARTESIAN_POINT('',(83.3,-70.95038475772));
#8594 = CARTESIAN_POINT('',(84.2,-71.47));
#8595 = CARTESIAN_POINT('',(83.3,-71.98961524227));
#8596 = CARTESIAN_POINT('',(82.4,-72.50923048454));
#8597 = CARTESIAN_POINT('',(82.4,-71.47));
#8598 = ( GEOMETRIC_REPRESENTATION_CONTEXT(2) 
PARAMETRIC_REPRESENTATION_CONTEXT() REPRESENTATION_CONTEXT('2D SPACE',''
  ) );
#8599 = PCURVE('',#2348,#8600);
#8600 = DEFINITIONAL_REPRESENTATION('',(#8601),#8605);
#8601 = LINE('',#8602,#8603);
#8602 = CARTESIAN_POINT('',(0.,1.61));
#8603 = VECTOR('',#8604,1.);
#8604 = DIRECTION('',(1.,0.));
#8605 = ( GEOMETRIC_REPRESENTATION_CONTEXT(2) 
PARAMETRIC_REPRESENTATION_CONTEXT() REPRESENTATION_CONTEXT('2D SPACE',''
  ) );
#8606 = FACE_BOUND('',#8607,.F.);
#8607 = EDGE_LOOP('',(#8608));
#8608 = ORIENTED_EDGE('',*,*,#8609,.T.);
#8609 = EDGE_CURVE('',#8610,#8610,#8612,.T.);
#8610 = VERTEX_POINT('',#8611);
#8611 = CARTESIAN_POINT('',(105.1,-256.5,1.6));
#8612 = SURFACE_CURVE('',#8613,(#8618,#8629),.PCURVE_S1.);
#8613 = CIRCLE('',#8614,1.6);
#8614 = AXIS2_PLACEMENT_3D('',#8615,#8616,#8617);
#8615 = CARTESIAN_POINT('',(103.5,-256.5,1.6));
#8616 = DIRECTION('',(0.,0.,1.));
#8617 = DIRECTION('',(1.,0.,-0.));
#8618 = PCURVE('',#90,#8619);
#8619 = DEFINITIONAL_REPRESENTATION('',(#8620),#8628);
#8620 = ( BOUNDED_CURVE() B_SPLINE_CURVE(2,(#8621,#8622,#8623,#8624,
#8625,#8626,#8627),.UNSPECIFIED.,.T.,.F.) B_SPLINE_CURVE_WITH_KNOTS((1,2
    ,2,2,2,1),(-2.094395102393,0.,2.094395102393,4.188790204786,
6.28318530718,8.377580409573),.UNSPECIFIED.) CURVE() 
GEOMETRIC_REPRESENTATION_ITEM() RATIONAL_B_SPLINE_CURVE((1.,0.5,1.,0.5,
1.,0.5,1.)) REPRESENTATION_ITEM('') );
#8621 = CARTESIAN_POINT('',(92.4,-76.5));
#8622 = CARTESIAN_POINT('',(92.4,-73.72871870789));
#8623 = CARTESIAN_POINT('',(94.8,-75.11435935394));
#8624 = CARTESIAN_POINT('',(97.2,-76.5));
#8625 = CARTESIAN_POINT('',(94.8,-77.88564064605));
#8626 = CARTESIAN_POINT('',(92.4,-79.27128129211));
#8627 = CARTESIAN_POINT('',(92.4,-76.5));
#8628 = ( GEOMETRIC_REPRESENTATION_CONTEXT(2) 
PARAMETRIC_REPRESENTATION_CONTEXT() REPRESENTATION_CONTEXT('2D SPACE',''
  ) );
#8629 = PCURVE('',#2383,#8630);
#8630 = DEFINITIONAL_REPRESENTATION('',(#8631),#8635);
#8631 = LINE('',#8632,#8633);
#8632 = CARTESIAN_POINT('',(0.,1.61));
#8633 = VECTOR('',#8634,1.);
#8634 = DIRECTION('',(1.,0.));
#8635 = ( GEOMETRIC_REPRESENTATION_CONTEXT(2) 
PARAMETRIC_REPRESENTATION_CONTEXT() REPRESENTATION_CONTEXT('2D SPACE',''
  ) );
#8636 = FACE_BOUND('',#8637,.F.);
#8637 = EDGE_LOOP('',(#8638));
#8638 = ORIENTED_EDGE('',*,*,#8639,.T.);
#8639 = EDGE_CURVE('',#8640,#8640,#8642,.T.);
#8640 = VERTEX_POINT('',#8641);
#8641 = CARTESIAN_POINT('',(111.6,-251.47,1.6));
#8642 = SURFACE_CURVE('',#8643,(#8648,#8659),.PCURVE_S1.);
#8643 = CIRCLE('',#8644,0.6);
#8644 = AXIS2_PLACEMENT_3D('',#8645,#8646,#8647);
#8645 = CARTESIAN_POINT('',(111.,-251.47,1.6));
#8646 = DIRECTION('',(0.,0.,1.));
#8647 = DIRECTION('',(1.,0.,-0.));
#8648 = PCURVE('',#90,#8649);
#8649 = DEFINITIONAL_REPRESENTATION('',(#8650),#8658);
#8650 = ( BOUNDED_CURVE() B_SPLINE_CURVE(2,(#8651,#8652,#8653,#8654,
#8655,#8656,#8657),.UNSPECIFIED.,.T.,.F.) B_SPLINE_CURVE_WITH_KNOTS((1,2
    ,2,2,2,1),(-2.094395102393,0.,2.094395102393,4.188790204786,
6.28318530718,8.377580409573),.UNSPECIFIED.) CURVE() 
GEOMETRIC_REPRESENTATION_ITEM() RATIONAL_B_SPLINE_CURVE((1.,0.5,1.,0.5,
1.,0.5,1.)) REPRESENTATION_ITEM('') );
#8651 = CARTESIAN_POINT('',(85.9,-71.47));
#8652 = CARTESIAN_POINT('',(85.9,-70.43076951545));
#8653 = CARTESIAN_POINT('',(86.8,-70.95038475772));
#8654 = CARTESIAN_POINT('',(87.7,-71.47));
#8655 = CARTESIAN_POINT('',(86.8,-71.98961524227));
#8656 = CARTESIAN_POINT('',(85.9,-72.50923048454));
#8657 = CARTESIAN_POINT('',(85.9,-71.47));
#8658 = ( GEOMETRIC_REPRESENTATION_CONTEXT(2) 
PARAMETRIC_REPRESENTATION_CONTEXT() REPRESENTATION_CONTEXT('2D SPACE',''
  ) );
#8659 = PCURVE('',#2418,#8660);
#8660 = DEFINITIONAL_REPRESENTATION('',(#8661),#8665);
#8661 = LINE('',#8662,#8663);
#8662 = CARTESIAN_POINT('',(0.,1.61));
#8663 = VECTOR('',#8664,1.);
#8664 = DIRECTION('',(1.,0.));
#8665 = ( GEOMETRIC_REPRESENTATION_CONTEXT(2) 
PARAMETRIC_REPRESENTATION_CONTEXT() REPRESENTATION_CONTEXT('2D SPACE',''
  ) );
#8666 = FACE_BOUND('',#8667,.F.);
#8667 = EDGE_LOOP('',(#8668));
#8668 = ORIENTED_EDGE('',*,*,#8669,.T.);
#8669 = EDGE_CURVE('',#8670,#8670,#8672,.T.);
#8670 = VERTEX_POINT('',#8671);
#8671 = CARTESIAN_POINT('',(164.85,-182.,1.6));
#8672 = SURFACE_CURVE('',#8673,(#8678,#8689),.PCURVE_S1.);
#8673 = CIRCLE('',#8674,0.65);
#8674 = AXIS2_PLACEMENT_3D('',#8675,#8676,#8677);
#8675 = CARTESIAN_POINT('',(164.2,-182.,1.6));
#8676 = DIRECTION('',(0.,0.,1.));
#8677 = DIRECTION('',(1.,0.,-0.));
#8678 = PCURVE('',#90,#8679);
#8679 = DEFINITIONAL_REPRESENTATION('',(#8680),#8688);
#8680 = ( BOUNDED_CURVE() B_SPLINE_CURVE(2,(#8681,#8682,#8683,#8684,
#8685,#8686,#8687),.UNSPECIFIED.,.T.,.F.) B_SPLINE_CURVE_WITH_KNOTS((1,2
    ,2,2,2,1),(-2.094395102393,0.,2.094395102393,4.188790204786,
6.28318530718,8.377580409573),.UNSPECIFIED.) CURVE() 
GEOMETRIC_REPRESENTATION_ITEM() RATIONAL_B_SPLINE_CURVE((1.,0.5,1.,0.5,
1.,0.5,1.)) REPRESENTATION_ITEM('') );
#8681 = CARTESIAN_POINT('',(32.65,-2.));
#8682 = CARTESIAN_POINT('',(32.65,-0.87416697508));
#8683 = CARTESIAN_POINT('',(33.625,-1.43708348754));
#8684 = CARTESIAN_POINT('',(34.6,-2.));
#8685 = CARTESIAN_POINT('',(33.625,-2.56291651246));
#8686 = CARTESIAN_POINT('',(32.65,-3.12583302492));
#8687 = CARTESIAN_POINT('',(32.65,-2.));
#8688 = ( GEOMETRIC_REPRESENTATION_CONTEXT(2) 
PARAMETRIC_REPRESENTATION_CONTEXT() REPRESENTATION_CONTEXT('2D SPACE',''
  ) );
#8689 = PCURVE('',#2453,#8690);
#8690 = DEFINITIONAL_REPRESENTATION('',(#8691),#8695);
#8691 = LINE('',#8692,#8693);
#8692 = CARTESIAN_POINT('',(0.,1.61));
#8693 = VECTOR('',#8694,1.);
#8694 = DIRECTION('',(1.,0.));
#8695 = ( GEOMETRIC_REPRESENTATION_CONTEXT(2) 
PARAMETRIC_REPRESENTATION_CONTEXT() REPRESENTATION_CONTEXT('2D SPACE',''
  ) );
#8696 = FACE_BOUND('',#8697,.F.);
#8697 = EDGE_LOOP('',(#8698));
#8698 = ORIENTED_EDGE('',*,*,#8699,.T.);
#8699 = EDGE_CURVE('',#8700,#8700,#8702,.T.);
#8700 = VERTEX_POINT('',#8701);
#8701 = CARTESIAN_POINT('',(152.65,-182.,1.6));
#8702 = SURFACE_CURVE('',#8703,(#8708,#8719),.PCURVE_S1.);
#8703 = CIRCLE('',#8704,0.65);
#8704 = AXIS2_PLACEMENT_3D('',#8705,#8706,#8707);
#8705 = CARTESIAN_POINT('',(152.,-182.,1.6));
#8706 = DIRECTION('',(0.,0.,1.));
#8707 = DIRECTION('',(1.,0.,-0.));
#8708 = PCURVE('',#90,#8709);
#8709 = DEFINITIONAL_REPRESENTATION('',(#8710),#8718);
#8710 = ( BOUNDED_CURVE() B_SPLINE_CURVE(2,(#8711,#8712,#8713,#8714,
#8715,#8716,#8717),.UNSPECIFIED.,.T.,.F.) B_SPLINE_CURVE_WITH_KNOTS((1,2
    ,2,2,2,1),(-2.094395102393,0.,2.094395102393,4.188790204786,
6.28318530718,8.377580409573),.UNSPECIFIED.) CURVE() 
GEOMETRIC_REPRESENTATION_ITEM() RATIONAL_B_SPLINE_CURVE((1.,0.5,1.,0.5,
1.,0.5,1.)) REPRESENTATION_ITEM('') );
#8711 = CARTESIAN_POINT('',(44.85,-2.));
#8712 = CARTESIAN_POINT('',(44.85,-0.87416697508));
#8713 = CARTESIAN_POINT('',(45.825,-1.43708348754));
#8714 = CARTESIAN_POINT('',(46.8,-2.));
#8715 = CARTESIAN_POINT('',(45.825,-2.56291651246));
#8716 = CARTESIAN_POINT('',(44.85,-3.12583302492));
#8717 = CARTESIAN_POINT('',(44.85,-2.));
#8718 = ( GEOMETRIC_REPRESENTATION_CONTEXT(2) 
PARAMETRIC_REPRESENTATION_CONTEXT() REPRESENTATION_CONTEXT('2D SPACE',''
  ) );
#8719 = PCURVE('',#2488,#8720);
#8720 = DEFINITIONAL_REPRESENTATION('',(#8721),#8725);
#8721 = LINE('',#8722,#8723);
#8722 = CARTESIAN_POINT('',(0.,1.61));
#8723 = VECTOR('',#8724,1.);
#8724 = DIRECTION('',(1.,0.));
#8725 = ( GEOMETRIC_REPRESENTATION_CONTEXT(2) 
PARAMETRIC_REPRESENTATION_CONTEXT() REPRESENTATION_CONTEXT('2D SPACE',''
  ) );
#8726 = FACE_BOUND('',#8727,.F.);
#8727 = EDGE_LOOP('',(#8728));
#8728 = ORIENTED_EDGE('',*,*,#8729,.T.);
#8729 = EDGE_CURVE('',#8730,#8730,#8732,.T.);
#8730 = VERTEX_POINT('',#8731);
#8731 = CARTESIAN_POINT('',(287.07,-178.,1.6));
#8732 = SURFACE_CURVE('',#8733,(#8738,#8749),.PCURVE_S1.);
#8733 = CIRCLE('',#8734,0.6);
#8734 = AXIS2_PLACEMENT_3D('',#8735,#8736,#8737);
#8735 = CARTESIAN_POINT('',(286.47,-178.,1.6));
#8736 = DIRECTION('',(0.,0.,1.));
#8737 = DIRECTION('',(1.,0.,-0.));
#8738 = PCURVE('',#90,#8739);
#8739 = DEFINITIONAL_REPRESENTATION('',(#8740),#8748);
#8740 = ( BOUNDED_CURVE() B_SPLINE_CURVE(2,(#8741,#8742,#8743,#8744,
#8745,#8746,#8747),.UNSPECIFIED.,.T.,.F.) B_SPLINE_CURVE_WITH_KNOTS((1,2
    ,2,2,2,1),(-2.094395102393,0.,2.094395102393,4.188790204786,
6.28318530718,8.377580409573),.UNSPECIFIED.) CURVE() 
GEOMETRIC_REPRESENTATION_ITEM() RATIONAL_B_SPLINE_CURVE((1.,0.5,1.,0.5,
1.,0.5,1.)) REPRESENTATION_ITEM('') );
#8741 = CARTESIAN_POINT('',(-89.57,2.));
#8742 = CARTESIAN_POINT('',(-89.57,3.039230484541));
#8743 = CARTESIAN_POINT('',(-88.67,2.519615242271));
#8744 = CARTESIAN_POINT('',(-87.77,2.));
#8745 = CARTESIAN_POINT('',(-88.67,1.480384757729));
#8746 = CARTESIAN_POINT('',(-89.57,0.960769515459));
#8747 = CARTESIAN_POINT('',(-89.57,2.));
#8748 = ( GEOMETRIC_REPRESENTATION_CONTEXT(2) 
PARAMETRIC_REPRESENTATION_CONTEXT() REPRESENTATION_CONTEXT('2D SPACE',''
  ) );
#8749 = PCURVE('',#2523,#8750);
#8750 = DEFINITIONAL_REPRESENTATION('',(#8751),#8755);
#8751 = LINE('',#8752,#8753);
#8752 = CARTESIAN_POINT('',(0.,1.61));
#8753 = VECTOR('',#8754,1.);
#8754 = DIRECTION('',(1.,0.));
#8755 = ( GEOMETRIC_REPRESENTATION_CONTEXT(2) 
PARAMETRIC_REPRESENTATION_CONTEXT() REPRESENTATION_CONTEXT('2D SPACE',''
  ) );
#8756 = FACE_BOUND('',#8757,.F.);
#8757 = EDGE_LOOP('',(#8758));
#8758 = ORIENTED_EDGE('',*,*,#8759,.T.);
#8759 = EDGE_CURVE('',#8760,#8760,#8762,.T.);
#8760 = VERTEX_POINT('',#8761);
#8761 = CARTESIAN_POINT('',(287.07,-170.,1.6));
#8762 = SURFACE_CURVE('',#8763,(#8768,#8779),.PCURVE_S1.);
#8763 = CIRCLE('',#8764,0.6);
#8764 = AXIS2_PLACEMENT_3D('',#8765,#8766,#8767);
#8765 = CARTESIAN_POINT('',(286.47,-170.,1.6));
#8766 = DIRECTION('',(0.,0.,1.));
#8767 = DIRECTION('',(1.,0.,-0.));
#8768 = PCURVE('',#90,#8769);
#8769 = DEFINITIONAL_REPRESENTATION('',(#8770),#8778);
#8770 = ( BOUNDED_CURVE() B_SPLINE_CURVE(2,(#8771,#8772,#8773,#8774,
#8775,#8776,#8777),.UNSPECIFIED.,.T.,.F.) B_SPLINE_CURVE_WITH_KNOTS((1,2
    ,2,2,2,1),(-2.094395102393,0.,2.094395102393,4.188790204786,
6.28318530718,8.377580409573),.UNSPECIFIED.) CURVE() 
GEOMETRIC_REPRESENTATION_ITEM() RATIONAL_B_SPLINE_CURVE((1.,0.5,1.,0.5,
1.,0.5,1.)) REPRESENTATION_ITEM('') );
#8771 = CARTESIAN_POINT('',(-89.57,10.));
#8772 = CARTESIAN_POINT('',(-89.57,11.039230484541));
#8773 = CARTESIAN_POINT('',(-88.67,10.519615242271));
#8774 = CARTESIAN_POINT('',(-87.77,10.));
#8775 = CARTESIAN_POINT('',(-88.67,9.480384757729));
#8776 = CARTESIAN_POINT('',(-89.57,8.960769515459));
#8777 = CARTESIAN_POINT('',(-89.57,10.));
#8778 = ( GEOMETRIC_REPRESENTATION_CONTEXT(2) 
PARAMETRIC_REPRESENTATION_CONTEXT() REPRESENTATION_CONTEXT('2D SPACE',''
  ) );
#8779 = PCURVE('',#2558,#8780);
#8780 = DEFINITIONAL_REPRESENTATION('',(#8781),#8785);
#8781 = LINE('',#8782,#8783);
#8782 = CARTESIAN_POINT('',(0.,1.61));
#8783 = VECTOR('',#8784,1.);
#8784 = DIRECTION('',(1.,0.));
#8785 = ( GEOMETRIC_REPRESENTATION_CONTEXT(2) 
PARAMETRIC_REPRESENTATION_CONTEXT() REPRESENTATION_CONTEXT('2D SPACE',''
  ) );
#8786 = FACE_BOUND('',#8787,.F.);
#8787 = EDGE_LOOP('',(#8788));
#8788 = ORIENTED_EDGE('',*,*,#8789,.T.);
#8789 = EDGE_CURVE('',#8790,#8790,#8792,.T.);
#8790 = VERTEX_POINT('',#8791);
#8791 = CARTESIAN_POINT('',(287.07,-166.5,1.6));
#8792 = SURFACE_CURVE('',#8793,(#8798,#8809),.PCURVE_S1.);
#8793 = CIRCLE('',#8794,0.6);
#8794 = AXIS2_PLACEMENT_3D('',#8795,#8796,#8797);
#8795 = CARTESIAN_POINT('',(286.47,-166.5,1.6));
#8796 = DIRECTION('',(0.,0.,1.));
#8797 = DIRECTION('',(1.,0.,-0.));
#8798 = PCURVE('',#90,#8799);
#8799 = DEFINITIONAL_REPRESENTATION('',(#8800),#8808);
#8800 = ( BOUNDED_CURVE() B_SPLINE_CURVE(2,(#8801,#8802,#8803,#8804,
#8805,#8806,#8807),.UNSPECIFIED.,.T.,.F.) B_SPLINE_CURVE_WITH_KNOTS((1,2
    ,2,2,2,1),(-2.094395102393,0.,2.094395102393,4.188790204786,
6.28318530718,8.377580409573),.UNSPECIFIED.) CURVE() 
GEOMETRIC_REPRESENTATION_ITEM() RATIONAL_B_SPLINE_CURVE((1.,0.5,1.,0.5,
1.,0.5,1.)) REPRESENTATION_ITEM('') );
#8801 = CARTESIAN_POINT('',(-89.57,13.5));
#8802 = CARTESIAN_POINT('',(-89.57,14.539230484541));
#8803 = CARTESIAN_POINT('',(-88.67,14.019615242271));
#8804 = CARTESIAN_POINT('',(-87.77,13.5));
#8805 = CARTESIAN_POINT('',(-88.67,12.980384757729));
#8806 = CARTESIAN_POINT('',(-89.57,12.460769515459));
#8807 = CARTESIAN_POINT('',(-89.57,13.5));
#8808 = ( GEOMETRIC_REPRESENTATION_CONTEXT(2) 
PARAMETRIC_REPRESENTATION_CONTEXT() REPRESENTATION_CONTEXT('2D SPACE',''
  ) );
#8809 = PCURVE('',#2593,#8810);
#8810 = DEFINITIONAL_REPRESENTATION('',(#8811),#8815);
#8811 = LINE('',#8812,#8813);
#8812 = CARTESIAN_POINT('',(0.,1.61));
#8813 = VECTOR('',#8814,1.);
#8814 = DIRECTION('',(1.,0.));
#8815 = ( GEOMETRIC_REPRESENTATION_CONTEXT(2) 
PARAMETRIC_REPRESENTATION_CONTEXT() REPRESENTATION_CONTEXT('2D SPACE',''
  ) );
#8816 = FACE_BOUND('',#8817,.F.);
#8817 = EDGE_LOOP('',(#8818));
#8818 = ORIENTED_EDGE('',*,*,#8819,.T.);
#8819 = EDGE_CURVE('',#8820,#8820,#8822,.T.);
#8820 = VERTEX_POINT('',#8821);
#8821 = CARTESIAN_POINT('',(287.07,-163.,1.6));
#8822 = SURFACE_CURVE('',#8823,(#8828,#8839),.PCURVE_S1.);
#8823 = CIRCLE('',#8824,0.6);
#8824 = AXIS2_PLACEMENT_3D('',#8825,#8826,#8827);
#8825 = CARTESIAN_POINT('',(286.47,-163.,1.6));
#8826 = DIRECTION('',(0.,0.,1.));
#8827 = DIRECTION('',(1.,0.,-0.));
#8828 = PCURVE('',#90,#8829);
#8829 = DEFINITIONAL_REPRESENTATION('',(#8830),#8838);
#8830 = ( BOUNDED_CURVE() B_SPLINE_CURVE(2,(#8831,#8832,#8833,#8834,
#8835,#8836,#8837),.UNSPECIFIED.,.T.,.F.) B_SPLINE_CURVE_WITH_KNOTS((1,2
    ,2,2,2,1),(-2.094395102393,0.,2.094395102393,4.188790204786,
6.28318530718,8.377580409573),.UNSPECIFIED.) CURVE() 
GEOMETRIC_REPRESENTATION_ITEM() RATIONAL_B_SPLINE_CURVE((1.,0.5,1.,0.5,
1.,0.5,1.)) REPRESENTATION_ITEM('') );
#8831 = CARTESIAN_POINT('',(-89.57,17.));
#8832 = CARTESIAN_POINT('',(-89.57,18.039230484541));
#8833 = CARTESIAN_POINT('',(-88.67,17.519615242271));
#8834 = CARTESIAN_POINT('',(-87.77,17.));
#8835 = CARTESIAN_POINT('',(-88.67,16.480384757729));
#8836 = CARTESIAN_POINT('',(-89.57,15.960769515459));
#8837 = CARTESIAN_POINT('',(-89.57,17.));
#8838 = ( GEOMETRIC_REPRESENTATION_CONTEXT(2) 
PARAMETRIC_REPRESENTATION_CONTEXT() REPRESENTATION_CONTEXT('2D SPACE',''
  ) );
#8839 = PCURVE('',#2628,#8840);
#8840 = DEFINITIONAL_REPRESENTATION('',(#8841),#8845);
#8841 = LINE('',#8842,#8843);
#8842 = CARTESIAN_POINT('',(0.,1.61));
#8843 = VECTOR('',#8844,1.);
#8844 = DIRECTION('',(1.,0.));
#8845 = ( GEOMETRIC_REPRESENTATION_CONTEXT(2) 
PARAMETRIC_REPRESENTATION_CONTEXT() REPRESENTATION_CONTEXT('2D SPACE',''
  ) );
#8846 = FACE_BOUND('',#8847,.F.);
#8847 = EDGE_LOOP('',(#8848));
#8848 = ORIENTED_EDGE('',*,*,#8849,.T.);
#8849 = EDGE_CURVE('',#8850,#8850,#8852,.T.);
#8850 = VERTEX_POINT('',#8851);
#8851 = CARTESIAN_POINT('',(278.76,-152.,1.6));
#8852 = SURFACE_CURVE('',#8853,(#8858,#8869),.PCURVE_S1.);
#8853 = CIRCLE('',#8854,0.5);
#8854 = AXIS2_PLACEMENT_3D('',#8855,#8856,#8857);
#8855 = CARTESIAN_POINT('',(278.26,-152.,1.6));
#8856 = DIRECTION('',(0.,0.,1.));
#8857 = DIRECTION('',(1.,0.,-0.));
#8858 = PCURVE('',#90,#8859);
#8859 = DEFINITIONAL_REPRESENTATION('',(#8860),#8868);
#8860 = ( BOUNDED_CURVE() B_SPLINE_CURVE(2,(#8861,#8862,#8863,#8864,
#8865,#8866,#8867),.UNSPECIFIED.,.T.,.F.) B_SPLINE_CURVE_WITH_KNOTS((1,2
    ,2,2,2,1),(-2.094395102393,0.,2.094395102393,4.188790204786,
6.28318530718,8.377580409573),.UNSPECIFIED.) CURVE() 
GEOMETRIC_REPRESENTATION_ITEM() RATIONAL_B_SPLINE_CURVE((1.,0.5,1.,0.5,
1.,0.5,1.)) REPRESENTATION_ITEM('') );
#8861 = CARTESIAN_POINT('',(-81.26,28.));
#8862 = CARTESIAN_POINT('',(-81.26,28.866025403784));
#8863 = CARTESIAN_POINT('',(-80.51,28.433012701892));
#8864 = CARTESIAN_POINT('',(-79.76,28.));
#8865 = CARTESIAN_POINT('',(-80.51,27.566987298108));
#8866 = CARTESIAN_POINT('',(-81.26,27.133974596216));
#8867 = CARTESIAN_POINT('',(-81.26,28.));
#8868 = ( GEOMETRIC_REPRESENTATION_CONTEXT(2) 
PARAMETRIC_REPRESENTATION_CONTEXT() REPRESENTATION_CONTEXT('2D SPACE',''
  ) );
#8869 = PCURVE('',#2663,#8870);
#8870 = DEFINITIONAL_REPRESENTATION('',(#8871),#8875);
#8871 = LINE('',#8872,#8873);
#8872 = CARTESIAN_POINT('',(0.,1.61));
#8873 = VECTOR('',#8874,1.);
#8874 = DIRECTION('',(1.,0.));
#8875 = ( GEOMETRIC_REPRESENTATION_CONTEXT(2) 
PARAMETRIC_REPRESENTATION_CONTEXT() REPRESENTATION_CONTEXT('2D SPACE',''
  ) );
#8876 = FACE_BOUND('',#8877,.F.);
#8877 = EDGE_LOOP('',(#8878));
#8878 = ORIENTED_EDGE('',*,*,#8879,.T.);
#8879 = EDGE_CURVE('',#8880,#8880,#8882,.T.);
#8880 = VERTEX_POINT('',#8881);
#8881 = CARTESIAN_POINT('',(276.22,-152.,1.6));
#8882 = SURFACE_CURVE('',#8883,(#8888,#8899),.PCURVE_S1.);
#8883 = CIRCLE('',#8884,0.5);
#8884 = AXIS2_PLACEMENT_3D('',#8885,#8886,#8887);
#8885 = CARTESIAN_POINT('',(275.72,-152.,1.6));
#8886 = DIRECTION('',(0.,0.,1.));
#8887 = DIRECTION('',(1.,0.,-0.));
#8888 = PCURVE('',#90,#8889);
#8889 = DEFINITIONAL_REPRESENTATION('',(#8890),#8898);
#8890 = ( BOUNDED_CURVE() B_SPLINE_CURVE(2,(#8891,#8892,#8893,#8894,
#8895,#8896,#8897),.UNSPECIFIED.,.T.,.F.) B_SPLINE_CURVE_WITH_KNOTS((1,2
    ,2,2,2,1),(-2.094395102393,0.,2.094395102393,4.188790204786,
6.28318530718,8.377580409573),.UNSPECIFIED.) CURVE() 
GEOMETRIC_REPRESENTATION_ITEM() RATIONAL_B_SPLINE_CURVE((1.,0.5,1.,0.5,
1.,0.5,1.)) REPRESENTATION_ITEM('') );
#8891 = CARTESIAN_POINT('',(-78.72,28.));
#8892 = CARTESIAN_POINT('',(-78.72,28.866025403784));
#8893 = CARTESIAN_POINT('',(-77.97,28.433012701892));
#8894 = CARTESIAN_POINT('',(-77.22,28.));
#8895 = CARTESIAN_POINT('',(-77.97,27.566987298108));
#8896 = CARTESIAN_POINT('',(-78.72,27.133974596216));
#8897 = CARTESIAN_POINT('',(-78.72,28.));
#8898 = ( GEOMETRIC_REPRESENTATION_CONTEXT(2) 
PARAMETRIC_REPRESENTATION_CONTEXT() REPRESENTATION_CONTEXT('2D SPACE',''
  ) );
#8899 = PCURVE('',#2698,#8900);
#8900 = DEFINITIONAL_REPRESENTATION('',(#8901),#8905);
#8901 = LINE('',#8902,#8903);
#8902 = CARTESIAN_POINT('',(0.,1.61));
#8903 = VECTOR('',#8904,1.);
#8904 = DIRECTION('',(1.,0.));
#8905 = ( GEOMETRIC_REPRESENTATION_CONTEXT(2) 
PARAMETRIC_REPRESENTATION_CONTEXT() REPRESENTATION_CONTEXT('2D SPACE',''
  ) );
#8906 = FACE_BOUND('',#8907,.F.);
#8907 = EDGE_LOOP('',(#8908));
#8908 = ORIENTED_EDGE('',*,*,#8909,.T.);
#8909 = EDGE_CURVE('',#8910,#8910,#8912,.T.);
#8910 = VERTEX_POINT('',#8911);
#8911 = CARTESIAN_POINT('',(273.68,-152.,1.6));
#8912 = SURFACE_CURVE('',#8913,(#8918,#8929),.PCURVE_S1.);
#8913 = CIRCLE('',#8914,0.5);
#8914 = AXIS2_PLACEMENT_3D('',#8915,#8916,#8917);
#8915 = CARTESIAN_POINT('',(273.18,-152.,1.6));
#8916 = DIRECTION('',(0.,0.,1.));
#8917 = DIRECTION('',(1.,0.,-0.));
#8918 = PCURVE('',#90,#8919);
#8919 = DEFINITIONAL_REPRESENTATION('',(#8920),#8928);
#8920 = ( BOUNDED_CURVE() B_SPLINE_CURVE(2,(#8921,#8922,#8923,#8924,
#8925,#8926,#8927),.UNSPECIFIED.,.T.,.F.) B_SPLINE_CURVE_WITH_KNOTS((1,2
    ,2,2,2,1),(-2.094395102393,0.,2.094395102393,4.188790204786,
6.28318530718,8.377580409573),.UNSPECIFIED.) CURVE() 
GEOMETRIC_REPRESENTATION_ITEM() RATIONAL_B_SPLINE_CURVE((1.,0.5,1.,0.5,
1.,0.5,1.)) REPRESENTATION_ITEM('') );
#8921 = CARTESIAN_POINT('',(-76.18,28.));
#8922 = CARTESIAN_POINT('',(-76.18,28.866025403784));
#8923 = CARTESIAN_POINT('',(-75.43,28.433012701892));
#8924 = CARTESIAN_POINT('',(-74.68,28.));
#8925 = CARTESIAN_POINT('',(-75.43,27.566987298108));
#8926 = CARTESIAN_POINT('',(-76.18,27.133974596216));
#8927 = CARTESIAN_POINT('',(-76.18,28.));
#8928 = ( GEOMETRIC_REPRESENTATION_CONTEXT(2) 
PARAMETRIC_REPRESENTATION_CONTEXT() REPRESENTATION_CONTEXT('2D SPACE',''
  ) );
#8929 = PCURVE('',#2733,#8930);
#8930 = DEFINITIONAL_REPRESENTATION('',(#8931),#8935);
#8931 = LINE('',#8932,#8933);
#8932 = CARTESIAN_POINT('',(0.,1.61));
#8933 = VECTOR('',#8934,1.);
#8934 = DIRECTION('',(1.,0.));
#8935 = ( GEOMETRIC_REPRESENTATION_CONTEXT(2) 
PARAMETRIC_REPRESENTATION_CONTEXT() REPRESENTATION_CONTEXT('2D SPACE',''
  ) );
#8936 = FACE_BOUND('',#8937,.F.);
#8937 = EDGE_LOOP('',(#8938));
#8938 = ORIENTED_EDGE('',*,*,#8939,.T.);
#8939 = EDGE_CURVE('',#8940,#8940,#8942,.T.);
#8940 = VERTEX_POINT('',#8941);
#8941 = CARTESIAN_POINT('',(271.14,-152.,1.6));
#8942 = SURFACE_CURVE('',#8943,(#8948,#8959),.PCURVE_S1.);
#8943 = CIRCLE('',#8944,0.5);
#8944 = AXIS2_PLACEMENT_3D('',#8945,#8946,#8947);
#8945 = CARTESIAN_POINT('',(270.64,-152.,1.6));
#8946 = DIRECTION('',(0.,0.,1.));
#8947 = DIRECTION('',(1.,0.,-0.));
#8948 = PCURVE('',#90,#8949);
#8949 = DEFINITIONAL_REPRESENTATION('',(#8950),#8958);
#8950 = ( BOUNDED_CURVE() B_SPLINE_CURVE(2,(#8951,#8952,#8953,#8954,
#8955,#8956,#8957),.UNSPECIFIED.,.T.,.F.) B_SPLINE_CURVE_WITH_KNOTS((1,2
    ,2,2,2,1),(-2.094395102393,0.,2.094395102393,4.188790204786,
6.28318530718,8.377580409573),.UNSPECIFIED.) CURVE() 
GEOMETRIC_REPRESENTATION_ITEM() RATIONAL_B_SPLINE_CURVE((1.,0.5,1.,0.5,
1.,0.5,1.)) REPRESENTATION_ITEM('') );
#8951 = CARTESIAN_POINT('',(-73.64,28.));
#8952 = CARTESIAN_POINT('',(-73.64,28.866025403784));
#8953 = CARTESIAN_POINT('',(-72.89,28.433012701892));
#8954 = CARTESIAN_POINT('',(-72.14,28.));
#8955 = CARTESIAN_POINT('',(-72.89,27.566987298108));
#8956 = CARTESIAN_POINT('',(-73.64,27.133974596216));
#8957 = CARTESIAN_POINT('',(-73.64,28.));
#8958 = ( GEOMETRIC_REPRESENTATION_CONTEXT(2) 
PARAMETRIC_REPRESENTATION_CONTEXT() REPRESENTATION_CONTEXT('2D SPACE',''
  ) );
#8959 = PCURVE('',#2768,#8960);
#8960 = DEFINITIONAL_REPRESENTATION('',(#8961),#8965);
#8961 = LINE('',#8962,#8963);
#8962 = CARTESIAN_POINT('',(0.,1.61));
#8963 = VECTOR('',#8964,1.);
#8964 = DIRECTION('',(1.,0.));
#8965 = ( GEOMETRIC_REPRESENTATION_CONTEXT(2) 
PARAMETRIC_REPRESENTATION_CONTEXT() REPRESENTATION_CONTEXT('2D SPACE',''
  ) );
#8966 = FACE_BOUND('',#8967,.F.);
#8967 = EDGE_LOOP('',(#8968));
#8968 = ORIENTED_EDGE('',*,*,#8969,.T.);
#8969 = EDGE_CURVE('',#8970,#8970,#8972,.T.);
#8970 = VERTEX_POINT('',#8971);
#8971 = CARTESIAN_POINT('',(278.76,-149.46,1.6));
#8972 = SURFACE_CURVE('',#8973,(#8978,#8989),.PCURVE_S1.);
#8973 = CIRCLE('',#8974,0.5);
#8974 = AXIS2_PLACEMENT_3D('',#8975,#8976,#8977);
#8975 = CARTESIAN_POINT('',(278.26,-149.46,1.6));
#8976 = DIRECTION('',(0.,0.,1.));
#8977 = DIRECTION('',(1.,0.,-0.));
#8978 = PCURVE('',#90,#8979);
#8979 = DEFINITIONAL_REPRESENTATION('',(#8980),#8988);
#8980 = ( BOUNDED_CURVE() B_SPLINE_CURVE(2,(#8981,#8982,#8983,#8984,
#8985,#8986,#8987),.UNSPECIFIED.,.T.,.F.) B_SPLINE_CURVE_WITH_KNOTS((1,2
    ,2,2,2,1),(-2.094395102393,0.,2.094395102393,4.188790204786,
6.28318530718,8.377580409573),.UNSPECIFIED.) CURVE() 
GEOMETRIC_REPRESENTATION_ITEM() RATIONAL_B_SPLINE_CURVE((1.,0.5,1.,0.5,
1.,0.5,1.)) REPRESENTATION_ITEM('') );
#8981 = CARTESIAN_POINT('',(-81.26,30.54));
#8982 = CARTESIAN_POINT('',(-81.26,31.406025403784));
#8983 = CARTESIAN_POINT('',(-80.51,30.973012701892));
#8984 = CARTESIAN_POINT('',(-79.76,30.54));
#8985 = CARTESIAN_POINT('',(-80.51,30.106987298108));
#8986 = CARTESIAN_POINT('',(-81.26,29.673974596216));
#8987 = CARTESIAN_POINT('',(-81.26,30.54));
#8988 = ( GEOMETRIC_REPRESENTATION_CONTEXT(2) 
PARAMETRIC_REPRESENTATION_CONTEXT() REPRESENTATION_CONTEXT('2D SPACE',''
  ) );
#8989 = PCURVE('',#2803,#8990);
#8990 = DEFINITIONAL_REPRESENTATION('',(#8991),#8995);
#8991 = LINE('',#8992,#8993);
#8992 = CARTESIAN_POINT('',(0.,1.61));
#8993 = VECTOR('',#8994,1.);
#8994 = DIRECTION('',(1.,0.));
#8995 = ( GEOMETRIC_REPRESENTATION_CONTEXT(2) 
PARAMETRIC_REPRESENTATION_CONTEXT() REPRESENTATION_CONTEXT('2D SPACE',''
  ) );
#8996 = FACE_BOUND('',#8997,.F.);
#8997 = EDGE_LOOP('',(#8998));
#8998 = ORIENTED_EDGE('',*,*,#8999,.T.);
#8999 = EDGE_CURVE('',#9000,#9000,#9002,.T.);
#9000 = VERTEX_POINT('',#9001);
#9001 = CARTESIAN_POINT('',(276.22,-149.46,1.6));
#9002 = SURFACE_CURVE('',#9003,(#9008,#9019),.PCURVE_S1.);
#9003 = CIRCLE('',#9004,0.5);
#9004 = AXIS2_PLACEMENT_3D('',#9005,#9006,#9007);
#9005 = CARTESIAN_POINT('',(275.72,-149.46,1.6));
#9006 = DIRECTION('',(0.,0.,1.));
#9007 = DIRECTION('',(1.,0.,-0.));
#9008 = PCURVE('',#90,#9009);
#9009 = DEFINITIONAL_REPRESENTATION('',(#9010),#9018);
#9010 = ( BOUNDED_CURVE() B_SPLINE_CURVE(2,(#9011,#9012,#9013,#9014,
#9015,#9016,#9017),.UNSPECIFIED.,.T.,.F.) B_SPLINE_CURVE_WITH_KNOTS((1,2
    ,2,2,2,1),(-2.094395102393,0.,2.094395102393,4.188790204786,
6.28318530718,8.377580409573),.UNSPECIFIED.) CURVE() 
GEOMETRIC_REPRESENTATION_ITEM() RATIONAL_B_SPLINE_CURVE((1.,0.5,1.,0.5,
1.,0.5,1.)) REPRESENTATION_ITEM('') );
#9011 = CARTESIAN_POINT('',(-78.72,30.54));
#9012 = CARTESIAN_POINT('',(-78.72,31.406025403784));
#9013 = CARTESIAN_POINT('',(-77.97,30.973012701892));
#9014 = CARTESIAN_POINT('',(-77.22,30.54));
#9015 = CARTESIAN_POINT('',(-77.97,30.106987298108));
#9016 = CARTESIAN_POINT('',(-78.72,29.673974596216));
#9017 = CARTESIAN_POINT('',(-78.72,30.54));
#9018 = ( GEOMETRIC_REPRESENTATION_CONTEXT(2) 
PARAMETRIC_REPRESENTATION_CONTEXT() REPRESENTATION_CONTEXT('2D SPACE',''
  ) );
#9019 = PCURVE('',#2838,#9020);
#9020 = DEFINITIONAL_REPRESENTATION('',(#9021),#9025);
#9021 = LINE('',#9022,#9023);
#9022 = CARTESIAN_POINT('',(0.,1.61));
#9023 = VECTOR('',#9024,1.);
#9024 = DIRECTION('',(1.,0.));
#9025 = ( GEOMETRIC_REPRESENTATION_CONTEXT(2) 
PARAMETRIC_REPRESENTATION_CONTEXT() REPRESENTATION_CONTEXT('2D SPACE',''
  ) );
#9026 = FACE_BOUND('',#9027,.F.);
#9027 = EDGE_LOOP('',(#9028));
#9028 = ORIENTED_EDGE('',*,*,#9029,.T.);
#9029 = EDGE_CURVE('',#9030,#9030,#9032,.T.);
#9030 = VERTEX_POINT('',#9031);
#9031 = CARTESIAN_POINT('',(273.68,-149.46,1.6));
#9032 = SURFACE_CURVE('',#9033,(#9038,#9049),.PCURVE_S1.);
#9033 = CIRCLE('',#9034,0.5);
#9034 = AXIS2_PLACEMENT_3D('',#9035,#9036,#9037);
#9035 = CARTESIAN_POINT('',(273.18,-149.46,1.6));
#9036 = DIRECTION('',(0.,0.,1.));
#9037 = DIRECTION('',(1.,0.,-0.));
#9038 = PCURVE('',#90,#9039);
#9039 = DEFINITIONAL_REPRESENTATION('',(#9040),#9048);
#9040 = ( BOUNDED_CURVE() B_SPLINE_CURVE(2,(#9041,#9042,#9043,#9044,
#9045,#9046,#9047),.UNSPECIFIED.,.T.,.F.) B_SPLINE_CURVE_WITH_KNOTS((1,2
    ,2,2,2,1),(-2.094395102393,0.,2.094395102393,4.188790204786,
6.28318530718,8.377580409573),.UNSPECIFIED.) CURVE() 
GEOMETRIC_REPRESENTATION_ITEM() RATIONAL_B_SPLINE_CURVE((1.,0.5,1.,0.5,
1.,0.5,1.)) REPRESENTATION_ITEM('') );
#9041 = CARTESIAN_POINT('',(-76.18,30.54));
#9042 = CARTESIAN_POINT('',(-76.18,31.406025403784));
#9043 = CARTESIAN_POINT('',(-75.43,30.973012701892));
#9044 = CARTESIAN_POINT('',(-74.68,30.54));
#9045 = CARTESIAN_POINT('',(-75.43,30.106987298108));
#9046 = CARTESIAN_POINT('',(-76.18,29.673974596216));
#9047 = CARTESIAN_POINT('',(-76.18,30.54));
#9048 = ( GEOMETRIC_REPRESENTATION_CONTEXT(2) 
PARAMETRIC_REPRESENTATION_CONTEXT() REPRESENTATION_CONTEXT('2D SPACE',''
  ) );
#9049 = PCURVE('',#2873,#9050);
#9050 = DEFINITIONAL_REPRESENTATION('',(#9051),#9055);
#9051 = LINE('',#9052,#9053);
#9052 = CARTESIAN_POINT('',(0.,1.61));
#9053 = VECTOR('',#9054,1.);
#9054 = DIRECTION('',(1.,0.));
#9055 = ( GEOMETRIC_REPRESENTATION_CONTEXT(2) 
PARAMETRIC_REPRESENTATION_CONTEXT() REPRESENTATION_CONTEXT('2D SPACE',''
  ) );
#9056 = FACE_BOUND('',#9057,.F.);
#9057 = EDGE_LOOP('',(#9058));
#9058 = ORIENTED_EDGE('',*,*,#9059,.T.);
#9059 = EDGE_CURVE('',#9060,#9060,#9062,.T.);
#9060 = VERTEX_POINT('',#9061);
#9061 = CARTESIAN_POINT('',(271.14,-149.46,1.6));
#9062 = SURFACE_CURVE('',#9063,(#9068,#9079),.PCURVE_S1.);
#9063 = CIRCLE('',#9064,0.5);
#9064 = AXIS2_PLACEMENT_3D('',#9065,#9066,#9067);
#9065 = CARTESIAN_POINT('',(270.64,-149.46,1.6));
#9066 = DIRECTION('',(0.,0.,1.));
#9067 = DIRECTION('',(1.,0.,-0.));
#9068 = PCURVE('',#90,#9069);
#9069 = DEFINITIONAL_REPRESENTATION('',(#9070),#9078);
#9070 = ( BOUNDED_CURVE() B_SPLINE_CURVE(2,(#9071,#9072,#9073,#9074,
#9075,#9076,#9077),.UNSPECIFIED.,.T.,.F.) B_SPLINE_CURVE_WITH_KNOTS((1,2
    ,2,2,2,1),(-2.094395102393,0.,2.094395102393,4.188790204786,
6.28318530718,8.377580409573),.UNSPECIFIED.) CURVE() 
GEOMETRIC_REPRESENTATION_ITEM() RATIONAL_B_SPLINE_CURVE((1.,0.5,1.,0.5,
1.,0.5,1.)) REPRESENTATION_ITEM('') );
#9071 = CARTESIAN_POINT('',(-73.64,30.54));
#9072 = CARTESIAN_POINT('',(-73.64,31.406025403784));
#9073 = CARTESIAN_POINT('',(-72.89,30.973012701892));
#9074 = CARTESIAN_POINT('',(-72.14,30.54));
#9075 = CARTESIAN_POINT('',(-72.89,30.106987298108));
#9076 = CARTESIAN_POINT('',(-73.64,29.673974596216));
#9077 = CARTESIAN_POINT('',(-73.64,30.54));
#9078 = ( GEOMETRIC_REPRESENTATION_CONTEXT(2) 
PARAMETRIC_REPRESENTATION_CONTEXT() REPRESENTATION_CONTEXT('2D SPACE',''
  ) );
#9079 = PCURVE('',#2908,#9080);
#9080 = DEFINITIONAL_REPRESENTATION('',(#9081),#9085);
#9081 = LINE('',#9082,#9083);
#9082 = CARTESIAN_POINT('',(0.,1.61));
#9083 = VECTOR('',#9084,1.);
#9084 = DIRECTION('',(1.,0.));
#9085 = ( GEOMETRIC_REPRESENTATION_CONTEXT(2) 
PARAMETRIC_REPRESENTATION_CONTEXT() REPRESENTATION_CONTEXT('2D SPACE',''
  ) );
#9086 = FACE_BOUND('',#9087,.F.);
#9087 = EDGE_LOOP('',(#9088));
#9088 = ORIENTED_EDGE('',*,*,#9089,.T.);
#9089 = EDGE_CURVE('',#9090,#9090,#9092,.T.);
#9090 = VERTEX_POINT('',#9091);
#9091 = CARTESIAN_POINT('',(268.6,-152.,1.6));
#9092 = SURFACE_CURVE('',#9093,(#9098,#9109),.PCURVE_S1.);
#9093 = CIRCLE('',#9094,0.5);
#9094 = AXIS2_PLACEMENT_3D('',#9095,#9096,#9097);
#9095 = CARTESIAN_POINT('',(268.1,-152.,1.6));
#9096 = DIRECTION('',(0.,0.,1.));
#9097 = DIRECTION('',(1.,0.,-0.));
#9098 = PCURVE('',#90,#9099);
#9099 = DEFINITIONAL_REPRESENTATION('',(#9100),#9108);
#9100 = ( BOUNDED_CURVE() B_SPLINE_CURVE(2,(#9101,#9102,#9103,#9104,
#9105,#9106,#9107),.UNSPECIFIED.,.T.,.F.) B_SPLINE_CURVE_WITH_KNOTS((1,2
    ,2,2,2,1),(-2.094395102393,0.,2.094395102393,4.188790204786,
6.28318530718,8.377580409573),.UNSPECIFIED.) CURVE() 
GEOMETRIC_REPRESENTATION_ITEM() RATIONAL_B_SPLINE_CURVE((1.,0.5,1.,0.5,
1.,0.5,1.)) REPRESENTATION_ITEM('') );
#9101 = CARTESIAN_POINT('',(-71.1,28.));
#9102 = CARTESIAN_POINT('',(-71.1,28.866025403784));
#9103 = CARTESIAN_POINT('',(-70.35,28.433012701892));
#9104 = CARTESIAN_POINT('',(-69.6,28.));
#9105 = CARTESIAN_POINT('',(-70.35,27.566987298108));
#9106 = CARTESIAN_POINT('',(-71.1,27.133974596216));
#9107 = CARTESIAN_POINT('',(-71.1,28.));
#9108 = ( GEOMETRIC_REPRESENTATION_CONTEXT(2) 
PARAMETRIC_REPRESENTATION_CONTEXT() REPRESENTATION_CONTEXT('2D SPACE',''
  ) );
#9109 = PCURVE('',#2943,#9110);
#9110 = DEFINITIONAL_REPRESENTATION('',(#9111),#9115);
#9111 = LINE('',#9112,#9113);
#9112 = CARTESIAN_POINT('',(0.,1.61));
#9113 = VECTOR('',#9114,1.);
#9114 = DIRECTION('',(1.,0.));
#9115 = ( GEOMETRIC_REPRESENTATION_CONTEXT(2) 
PARAMETRIC_REPRESENTATION_CONTEXT() REPRESENTATION_CONTEXT('2D SPACE',''
  ) );
#9116 = FACE_BOUND('',#9117,.F.);
#9117 = EDGE_LOOP('',(#9118));
#9118 = ORIENTED_EDGE('',*,*,#9119,.T.);
#9119 = EDGE_CURVE('',#9120,#9120,#9122,.T.);
#9120 = VERTEX_POINT('',#9121);
#9121 = CARTESIAN_POINT('',(266.06,-152.,1.6));
#9122 = SURFACE_CURVE('',#9123,(#9128,#9139),.PCURVE_S1.);
#9123 = CIRCLE('',#9124,0.5);
#9124 = AXIS2_PLACEMENT_3D('',#9125,#9126,#9127);
#9125 = CARTESIAN_POINT('',(265.56,-152.,1.6));
#9126 = DIRECTION('',(0.,0.,1.));
#9127 = DIRECTION('',(1.,0.,-0.));
#9128 = PCURVE('',#90,#9129);
#9129 = DEFINITIONAL_REPRESENTATION('',(#9130),#9138);
#9130 = ( BOUNDED_CURVE() B_SPLINE_CURVE(2,(#9131,#9132,#9133,#9134,
#9135,#9136,#9137),.UNSPECIFIED.,.T.,.F.) B_SPLINE_CURVE_WITH_KNOTS((1,2
    ,2,2,2,1),(-2.094395102393,0.,2.094395102393,4.188790204786,
6.28318530718,8.377580409573),.UNSPECIFIED.) CURVE() 
GEOMETRIC_REPRESENTATION_ITEM() RATIONAL_B_SPLINE_CURVE((1.,0.5,1.,0.5,
1.,0.5,1.)) REPRESENTATION_ITEM('') );
#9131 = CARTESIAN_POINT('',(-68.56,28.));
#9132 = CARTESIAN_POINT('',(-68.56,28.866025403784));
#9133 = CARTESIAN_POINT('',(-67.81,28.433012701892));
#9134 = CARTESIAN_POINT('',(-67.06,28.));
#9135 = CARTESIAN_POINT('',(-67.81,27.566987298108));
#9136 = CARTESIAN_POINT('',(-68.56,27.133974596216));
#9137 = CARTESIAN_POINT('',(-68.56,28.));
#9138 = ( GEOMETRIC_REPRESENTATION_CONTEXT(2) 
PARAMETRIC_REPRESENTATION_CONTEXT() REPRESENTATION_CONTEXT('2D SPACE',''
  ) );
#9139 = PCURVE('',#2978,#9140);
#9140 = DEFINITIONAL_REPRESENTATION('',(#9141),#9145);
#9141 = LINE('',#9142,#9143);
#9142 = CARTESIAN_POINT('',(0.,1.61));
#9143 = VECTOR('',#9144,1.);
#9144 = DIRECTION('',(1.,0.));
#9145 = ( GEOMETRIC_REPRESENTATION_CONTEXT(2) 
PARAMETRIC_REPRESENTATION_CONTEXT() REPRESENTATION_CONTEXT('2D SPACE',''
  ) );
#9146 = FACE_BOUND('',#9147,.F.);
#9147 = EDGE_LOOP('',(#9148));
#9148 = ORIENTED_EDGE('',*,*,#9149,.T.);
#9149 = EDGE_CURVE('',#9150,#9150,#9152,.T.);
#9150 = VERTEX_POINT('',#9151);
#9151 = CARTESIAN_POINT('',(263.52,-152.,1.6));
#9152 = SURFACE_CURVE('',#9153,(#9158,#9169),.PCURVE_S1.);
#9153 = CIRCLE('',#9154,0.5);
#9154 = AXIS2_PLACEMENT_3D('',#9155,#9156,#9157);
#9155 = CARTESIAN_POINT('',(263.02,-152.,1.6));
#9156 = DIRECTION('',(0.,0.,1.));
#9157 = DIRECTION('',(1.,0.,-0.));
#9158 = PCURVE('',#90,#9159);
#9159 = DEFINITIONAL_REPRESENTATION('',(#9160),#9168);
#9160 = ( BOUNDED_CURVE() B_SPLINE_CURVE(2,(#9161,#9162,#9163,#9164,
#9165,#9166,#9167),.UNSPECIFIED.,.T.,.F.) B_SPLINE_CURVE_WITH_KNOTS((1,2
    ,2,2,2,1),(-2.094395102393,0.,2.094395102393,4.188790204786,
6.28318530718,8.377580409573),.UNSPECIFIED.) CURVE() 
GEOMETRIC_REPRESENTATION_ITEM() RATIONAL_B_SPLINE_CURVE((1.,0.5,1.,0.5,
1.,0.5,1.)) REPRESENTATION_ITEM('') );
#9161 = CARTESIAN_POINT('',(-66.02,28.));
#9162 = CARTESIAN_POINT('',(-66.02,28.866025403784));
#9163 = CARTESIAN_POINT('',(-65.27,28.433012701892));
#9164 = CARTESIAN_POINT('',(-64.52,28.));
#9165 = CARTESIAN_POINT('',(-65.27,27.566987298108));
#9166 = CARTESIAN_POINT('',(-66.02,27.133974596216));
#9167 = CARTESIAN_POINT('',(-66.02,28.));
#9168 = ( GEOMETRIC_REPRESENTATION_CONTEXT(2) 
PARAMETRIC_REPRESENTATION_CONTEXT() REPRESENTATION_CONTEXT('2D SPACE',''
  ) );
#9169 = PCURVE('',#3013,#9170);
#9170 = DEFINITIONAL_REPRESENTATION('',(#9171),#9175);
#9171 = LINE('',#9172,#9173);
#9172 = CARTESIAN_POINT('',(0.,1.61));
#9173 = VECTOR('',#9174,1.);
#9174 = DIRECTION('',(1.,0.));
#9175 = ( GEOMETRIC_REPRESENTATION_CONTEXT(2) 
PARAMETRIC_REPRESENTATION_CONTEXT() REPRESENTATION_CONTEXT('2D SPACE',''
  ) );
#9176 = FACE_BOUND('',#9177,.F.);
#9177 = EDGE_LOOP('',(#9178));
#9178 = ORIENTED_EDGE('',*,*,#9179,.T.);
#9179 = EDGE_CURVE('',#9180,#9180,#9182,.T.);
#9180 = VERTEX_POINT('',#9181);
#9181 = CARTESIAN_POINT('',(260.98,-152.,1.6));
#9182 = SURFACE_CURVE('',#9183,(#9188,#9199),.PCURVE_S1.);
#9183 = CIRCLE('',#9184,0.5);
#9184 = AXIS2_PLACEMENT_3D('',#9185,#9186,#9187);
#9185 = CARTESIAN_POINT('',(260.48,-152.,1.6));
#9186 = DIRECTION('',(0.,0.,1.));
#9187 = DIRECTION('',(1.,0.,-0.));
#9188 = PCURVE('',#90,#9189);
#9189 = DEFINITIONAL_REPRESENTATION('',(#9190),#9198);
#9190 = ( BOUNDED_CURVE() B_SPLINE_CURVE(2,(#9191,#9192,#9193,#9194,
#9195,#9196,#9197),.UNSPECIFIED.,.T.,.F.) B_SPLINE_CURVE_WITH_KNOTS((1,2
    ,2,2,2,1),(-2.094395102393,0.,2.094395102393,4.188790204786,
6.28318530718,8.377580409573),.UNSPECIFIED.) CURVE() 
GEOMETRIC_REPRESENTATION_ITEM() RATIONAL_B_SPLINE_CURVE((1.,0.5,1.,0.5,
1.,0.5,1.)) REPRESENTATION_ITEM('') );
#9191 = CARTESIAN_POINT('',(-63.48,28.));
#9192 = CARTESIAN_POINT('',(-63.48,28.866025403784));
#9193 = CARTESIAN_POINT('',(-62.73,28.433012701892));
#9194 = CARTESIAN_POINT('',(-61.98,28.));
#9195 = CARTESIAN_POINT('',(-62.73,27.566987298108));
#9196 = CARTESIAN_POINT('',(-63.48,27.133974596216));
#9197 = CARTESIAN_POINT('',(-63.48,28.));
#9198 = ( GEOMETRIC_REPRESENTATION_CONTEXT(2) 
PARAMETRIC_REPRESENTATION_CONTEXT() REPRESENTATION_CONTEXT('2D SPACE',''
  ) );
#9199 = PCURVE('',#3048,#9200);
#9200 = DEFINITIONAL_REPRESENTATION('',(#9201),#9205);
#9201 = LINE('',#9202,#9203);
#9202 = CARTESIAN_POINT('',(0.,1.61));
#9203 = VECTOR('',#9204,1.);
#9204 = DIRECTION('',(1.,0.));
#9205 = ( GEOMETRIC_REPRESENTATION_CONTEXT(2) 
PARAMETRIC_REPRESENTATION_CONTEXT() REPRESENTATION_CONTEXT('2D SPACE',''
  ) );
#9206 = FACE_BOUND('',#9207,.F.);
#9207 = EDGE_LOOP('',(#9208));
#9208 = ORIENTED_EDGE('',*,*,#9209,.T.);
#9209 = EDGE_CURVE('',#9210,#9210,#9212,.T.);
#9210 = VERTEX_POINT('',#9211);
#9211 = CARTESIAN_POINT('',(258.44,-152.,1.6));
#9212 = SURFACE_CURVE('',#9213,(#9218,#9229),.PCURVE_S1.);
#9213 = CIRCLE('',#9214,0.5);
#9214 = AXIS2_PLACEMENT_3D('',#9215,#9216,#9217);
#9215 = CARTESIAN_POINT('',(257.94,-152.,1.6));
#9216 = DIRECTION('',(0.,0.,1.));
#9217 = DIRECTION('',(1.,0.,-0.));
#9218 = PCURVE('',#90,#9219);
#9219 = DEFINITIONAL_REPRESENTATION('',(#9220),#9228);
#9220 = ( BOUNDED_CURVE() B_SPLINE_CURVE(2,(#9221,#9222,#9223,#9224,
#9225,#9226,#9227),.UNSPECIFIED.,.T.,.F.) B_SPLINE_CURVE_WITH_KNOTS((1,2
    ,2,2,2,1),(-2.094395102393,0.,2.094395102393,4.188790204786,
6.28318530718,8.377580409573),.UNSPECIFIED.) CURVE() 
GEOMETRIC_REPRESENTATION_ITEM() RATIONAL_B_SPLINE_CURVE((1.,0.5,1.,0.5,
1.,0.5,1.)) REPRESENTATION_ITEM('') );
#9221 = CARTESIAN_POINT('',(-60.94,28.));
#9222 = CARTESIAN_POINT('',(-60.94,28.866025403784));
#9223 = CARTESIAN_POINT('',(-60.19,28.433012701892));
#9224 = CARTESIAN_POINT('',(-59.44,28.));
#9225 = CARTESIAN_POINT('',(-60.19,27.566987298108));
#9226 = CARTESIAN_POINT('',(-60.94,27.133974596216));
#9227 = CARTESIAN_POINT('',(-60.94,28.));
#9228 = ( GEOMETRIC_REPRESENTATION_CONTEXT(2) 
PARAMETRIC_REPRESENTATION_CONTEXT() REPRESENTATION_CONTEXT('2D SPACE',''
  ) );
#9229 = PCURVE('',#3083,#9230);
#9230 = DEFINITIONAL_REPRESENTATION('',(#9231),#9235);
#9231 = LINE('',#9232,#9233);
#9232 = CARTESIAN_POINT('',(0.,1.61));
#9233 = VECTOR('',#9234,1.);
#9234 = DIRECTION('',(1.,0.));
#9235 = ( GEOMETRIC_REPRESENTATION_CONTEXT(2) 
PARAMETRIC_REPRESENTATION_CONTEXT() REPRESENTATION_CONTEXT('2D SPACE',''
  ) );
#9236 = FACE_BOUND('',#9237,.F.);
#9237 = EDGE_LOOP('',(#9238));
#9238 = ORIENTED_EDGE('',*,*,#9239,.T.);
#9239 = EDGE_CURVE('',#9240,#9240,#9242,.T.);
#9240 = VERTEX_POINT('',#9241);
#9241 = CARTESIAN_POINT('',(255.9,-152.,1.6));
#9242 = SURFACE_CURVE('',#9243,(#9248,#9259),.PCURVE_S1.);
#9243 = CIRCLE('',#9244,0.5);
#9244 = AXIS2_PLACEMENT_3D('',#9245,#9246,#9247);
#9245 = CARTESIAN_POINT('',(255.4,-152.,1.6));
#9246 = DIRECTION('',(0.,0.,1.));
#9247 = DIRECTION('',(1.,0.,-0.));
#9248 = PCURVE('',#90,#9249);
#9249 = DEFINITIONAL_REPRESENTATION('',(#9250),#9258);
#9250 = ( BOUNDED_CURVE() B_SPLINE_CURVE(2,(#9251,#9252,#9253,#9254,
#9255,#9256,#9257),.UNSPECIFIED.,.T.,.F.) B_SPLINE_CURVE_WITH_KNOTS((1,2
    ,2,2,2,1),(-2.094395102393,0.,2.094395102393,4.188790204786,
6.28318530718,8.377580409573),.UNSPECIFIED.) CURVE() 
GEOMETRIC_REPRESENTATION_ITEM() RATIONAL_B_SPLINE_CURVE((1.,0.5,1.,0.5,
1.,0.5,1.)) REPRESENTATION_ITEM('') );
#9251 = CARTESIAN_POINT('',(-58.4,28.));
#9252 = CARTESIAN_POINT('',(-58.4,28.866025403784));
#9253 = CARTESIAN_POINT('',(-57.65,28.433012701892));
#9254 = CARTESIAN_POINT('',(-56.9,28.));
#9255 = CARTESIAN_POINT('',(-57.65,27.566987298108));
#9256 = CARTESIAN_POINT('',(-58.4,27.133974596216));
#9257 = CARTESIAN_POINT('',(-58.4,28.));
#9258 = ( GEOMETRIC_REPRESENTATION_CONTEXT(2) 
PARAMETRIC_REPRESENTATION_CONTEXT() REPRESENTATION_CONTEXT('2D SPACE',''
  ) );
#9259 = PCURVE('',#3118,#9260);
#9260 = DEFINITIONAL_REPRESENTATION('',(#9261),#9265);
#9261 = LINE('',#9262,#9263);
#9262 = CARTESIAN_POINT('',(0.,1.61));
#9263 = VECTOR('',#9264,1.);
#9264 = DIRECTION('',(1.,0.));
#9265 = ( GEOMETRIC_REPRESENTATION_CONTEXT(2) 
PARAMETRIC_REPRESENTATION_CONTEXT() REPRESENTATION_CONTEXT('2D SPACE',''
  ) );
#9266 = FACE_BOUND('',#9267,.F.);
#9267 = EDGE_LOOP('',(#9268));
#9268 = ORIENTED_EDGE('',*,*,#9269,.T.);
#9269 = EDGE_CURVE('',#9270,#9270,#9272,.T.);
#9270 = VERTEX_POINT('',#9271);
#9271 = CARTESIAN_POINT('',(253.36,-152.,1.6));
#9272 = SURFACE_CURVE('',#9273,(#9278,#9289),.PCURVE_S1.);
#9273 = CIRCLE('',#9274,0.5);
#9274 = AXIS2_PLACEMENT_3D('',#9275,#9276,#9277);
#9275 = CARTESIAN_POINT('',(252.86,-152.,1.6));
#9276 = DIRECTION('',(0.,0.,1.));
#9277 = DIRECTION('',(1.,0.,-0.));
#9278 = PCURVE('',#90,#9279);
#9279 = DEFINITIONAL_REPRESENTATION('',(#9280),#9288);
#9280 = ( BOUNDED_CURVE() B_SPLINE_CURVE(2,(#9281,#9282,#9283,#9284,
#9285,#9286,#9287),.UNSPECIFIED.,.T.,.F.) B_SPLINE_CURVE_WITH_KNOTS((1,2
    ,2,2,2,1),(-2.094395102393,0.,2.094395102393,4.188790204786,
6.28318530718,8.377580409573),.UNSPECIFIED.) CURVE() 
GEOMETRIC_REPRESENTATION_ITEM() RATIONAL_B_SPLINE_CURVE((1.,0.5,1.,0.5,
1.,0.5,1.)) REPRESENTATION_ITEM('') );
#9281 = CARTESIAN_POINT('',(-55.86,28.));
#9282 = CARTESIAN_POINT('',(-55.86,28.866025403784));
#9283 = CARTESIAN_POINT('',(-55.11,28.433012701892));
#9284 = CARTESIAN_POINT('',(-54.36,28.));
#9285 = CARTESIAN_POINT('',(-55.11,27.566987298108));
#9286 = CARTESIAN_POINT('',(-55.86,27.133974596216));
#9287 = CARTESIAN_POINT('',(-55.86,28.));
#9288 = ( GEOMETRIC_REPRESENTATION_CONTEXT(2) 
PARAMETRIC_REPRESENTATION_CONTEXT() REPRESENTATION_CONTEXT('2D SPACE',''
  ) );
#9289 = PCURVE('',#3153,#9290);
#9290 = DEFINITIONAL_REPRESENTATION('',(#9291),#9295);
#9291 = LINE('',#9292,#9293);
#9292 = CARTESIAN_POINT('',(0.,1.61));
#9293 = VECTOR('',#9294,1.);
#9294 = DIRECTION('',(1.,0.));
#9295 = ( GEOMETRIC_REPRESENTATION_CONTEXT(2) 
PARAMETRIC_REPRESENTATION_CONTEXT() REPRESENTATION_CONTEXT('2D SPACE',''
  ) );
#9296 = FACE_BOUND('',#9297,.F.);
#9297 = EDGE_LOOP('',(#9298));
#9298 = ORIENTED_EDGE('',*,*,#9299,.T.);
#9299 = EDGE_CURVE('',#9300,#9300,#9302,.T.);
#9300 = VERTEX_POINT('',#9301);
#9301 = CARTESIAN_POINT('',(250.82,-152.,1.6));
#9302 = SURFACE_CURVE('',#9303,(#9308,#9319),.PCURVE_S1.);
#9303 = CIRCLE('',#9304,0.5);
#9304 = AXIS2_PLACEMENT_3D('',#9305,#9306,#9307);
#9305 = CARTESIAN_POINT('',(250.32,-152.,1.6));
#9306 = DIRECTION('',(0.,0.,1.));
#9307 = DIRECTION('',(1.,0.,-0.));
#9308 = PCURVE('',#90,#9309);
#9309 = DEFINITIONAL_REPRESENTATION('',(#9310),#9318);
#9310 = ( BOUNDED_CURVE() B_SPLINE_CURVE(2,(#9311,#9312,#9313,#9314,
#9315,#9316,#9317),.UNSPECIFIED.,.T.,.F.) B_SPLINE_CURVE_WITH_KNOTS((1,2
    ,2,2,2,1),(-2.094395102393,0.,2.094395102393,4.188790204786,
6.28318530718,8.377580409573),.UNSPECIFIED.) CURVE() 
GEOMETRIC_REPRESENTATION_ITEM() RATIONAL_B_SPLINE_CURVE((1.,0.5,1.,0.5,
1.,0.5,1.)) REPRESENTATION_ITEM('') );
#9311 = CARTESIAN_POINT('',(-53.32,28.));
#9312 = CARTESIAN_POINT('',(-53.32,28.866025403784));
#9313 = CARTESIAN_POINT('',(-52.57,28.433012701892));
#9314 = CARTESIAN_POINT('',(-51.82,28.));
#9315 = CARTESIAN_POINT('',(-52.57,27.566987298108));
#9316 = CARTESIAN_POINT('',(-53.32,27.133974596216));
#9317 = CARTESIAN_POINT('',(-53.32,28.));
#9318 = ( GEOMETRIC_REPRESENTATION_CONTEXT(2) 
PARAMETRIC_REPRESENTATION_CONTEXT() REPRESENTATION_CONTEXT('2D SPACE',''
  ) );
#9319 = PCURVE('',#3188,#9320);
#9320 = DEFINITIONAL_REPRESENTATION('',(#9321),#9325);
#9321 = LINE('',#9322,#9323);
#9322 = CARTESIAN_POINT('',(0.,1.61));
#9323 = VECTOR('',#9324,1.);
#9324 = DIRECTION('',(1.,0.));
#9325 = ( GEOMETRIC_REPRESENTATION_CONTEXT(2) 
PARAMETRIC_REPRESENTATION_CONTEXT() REPRESENTATION_CONTEXT('2D SPACE',''
  ) );
#9326 = FACE_BOUND('',#9327,.F.);
#9327 = EDGE_LOOP('',(#9328));
#9328 = ORIENTED_EDGE('',*,*,#9329,.T.);
#9329 = EDGE_CURVE('',#9330,#9330,#9332,.T.);
#9330 = VERTEX_POINT('',#9331);
#9331 = CARTESIAN_POINT('',(248.28,-152.,1.6));
#9332 = SURFACE_CURVE('',#9333,(#9338,#9349),.PCURVE_S1.);
#9333 = CIRCLE('',#9334,0.5);
#9334 = AXIS2_PLACEMENT_3D('',#9335,#9336,#9337);
#9335 = CARTESIAN_POINT('',(247.78,-152.,1.6));
#9336 = DIRECTION('',(0.,0.,1.));
#9337 = DIRECTION('',(1.,0.,-0.));
#9338 = PCURVE('',#90,#9339);
#9339 = DEFINITIONAL_REPRESENTATION('',(#9340),#9348);
#9340 = ( BOUNDED_CURVE() B_SPLINE_CURVE(2,(#9341,#9342,#9343,#9344,
#9345,#9346,#9347),.UNSPECIFIED.,.T.,.F.) B_SPLINE_CURVE_WITH_KNOTS((1,2
    ,2,2,2,1),(-2.094395102393,0.,2.094395102393,4.188790204786,
6.28318530718,8.377580409573),.UNSPECIFIED.) CURVE() 
GEOMETRIC_REPRESENTATION_ITEM() RATIONAL_B_SPLINE_CURVE((1.,0.5,1.,0.5,
1.,0.5,1.)) REPRESENTATION_ITEM('') );
#9341 = CARTESIAN_POINT('',(-50.78,28.));
#9342 = CARTESIAN_POINT('',(-50.78,28.866025403784));
#9343 = CARTESIAN_POINT('',(-50.03,28.433012701892));
#9344 = CARTESIAN_POINT('',(-49.28,28.));
#9345 = CARTESIAN_POINT('',(-50.03,27.566987298108));
#9346 = CARTESIAN_POINT('',(-50.78,27.133974596216));
#9347 = CARTESIAN_POINT('',(-50.78,28.));
#9348 = ( GEOMETRIC_REPRESENTATION_CONTEXT(2) 
PARAMETRIC_REPRESENTATION_CONTEXT() REPRESENTATION_CONTEXT('2D SPACE',''
  ) );
#9349 = PCURVE('',#3223,#9350);
#9350 = DEFINITIONAL_REPRESENTATION('',(#9351),#9355);
#9351 = LINE('',#9352,#9353);
#9352 = CARTESIAN_POINT('',(0.,1.61));
#9353 = VECTOR('',#9354,1.);
#9354 = DIRECTION('',(1.,0.));
#9355 = ( GEOMETRIC_REPRESENTATION_CONTEXT(2) 
PARAMETRIC_REPRESENTATION_CONTEXT() REPRESENTATION_CONTEXT('2D SPACE',''
  ) );
#9356 = FACE_BOUND('',#9357,.F.);
#9357 = EDGE_LOOP('',(#9358));
#9358 = ORIENTED_EDGE('',*,*,#9359,.T.);
#9359 = EDGE_CURVE('',#9360,#9360,#9362,.T.);
#9360 = VERTEX_POINT('',#9361);
#9361 = CARTESIAN_POINT('',(268.6,-149.46,1.6));
#9362 = SURFACE_CURVE('',#9363,(#9368,#9379),.PCURVE_S1.);
#9363 = CIRCLE('',#9364,0.5);
#9364 = AXIS2_PLACEMENT_3D('',#9365,#9366,#9367);
#9365 = CARTESIAN_POINT('',(268.1,-149.46,1.6));
#9366 = DIRECTION('',(0.,0.,1.));
#9367 = DIRECTION('',(1.,0.,-0.));
#9368 = PCURVE('',#90,#9369);
#9369 = DEFINITIONAL_REPRESENTATION('',(#9370),#9378);
#9370 = ( BOUNDED_CURVE() B_SPLINE_CURVE(2,(#9371,#9372,#9373,#9374,
#9375,#9376,#9377),.UNSPECIFIED.,.T.,.F.) B_SPLINE_CURVE_WITH_KNOTS((1,2
    ,2,2,2,1),(-2.094395102393,0.,2.094395102393,4.188790204786,
6.28318530718,8.377580409573),.UNSPECIFIED.) CURVE() 
GEOMETRIC_REPRESENTATION_ITEM() RATIONAL_B_SPLINE_CURVE((1.,0.5,1.,0.5,
1.,0.5,1.)) REPRESENTATION_ITEM('') );
#9371 = CARTESIAN_POINT('',(-71.1,30.54));
#9372 = CARTESIAN_POINT('',(-71.1,31.406025403784));
#9373 = CARTESIAN_POINT('',(-70.35,30.973012701892));
#9374 = CARTESIAN_POINT('',(-69.6,30.54));
#9375 = CARTESIAN_POINT('',(-70.35,30.106987298108));
#9376 = CARTESIAN_POINT('',(-71.1,29.673974596216));
#9377 = CARTESIAN_POINT('',(-71.1,30.54));
#9378 = ( GEOMETRIC_REPRESENTATION_CONTEXT(2) 
PARAMETRIC_REPRESENTATION_CONTEXT() REPRESENTATION_CONTEXT('2D SPACE',''
  ) );
#9379 = PCURVE('',#3258,#9380);
#9380 = DEFINITIONAL_REPRESENTATION('',(#9381),#9385);
#9381 = LINE('',#9382,#9383);
#9382 = CARTESIAN_POINT('',(0.,1.61));
#9383 = VECTOR('',#9384,1.);
#9384 = DIRECTION('',(1.,0.));
#9385 = ( GEOMETRIC_REPRESENTATION_CONTEXT(2) 
PARAMETRIC_REPRESENTATION_CONTEXT() REPRESENTATION_CONTEXT('2D SPACE',''
  ) );
#9386 = FACE_BOUND('',#9387,.F.);
#9387 = EDGE_LOOP('',(#9388));
#9388 = ORIENTED_EDGE('',*,*,#9389,.T.);
#9389 = EDGE_CURVE('',#9390,#9390,#9392,.T.);
#9390 = VERTEX_POINT('',#9391);
#9391 = CARTESIAN_POINT('',(266.06,-149.46,1.6));
#9392 = SURFACE_CURVE('',#9393,(#9398,#9409),.PCURVE_S1.);
#9393 = CIRCLE('',#9394,0.5);
#9394 = AXIS2_PLACEMENT_3D('',#9395,#9396,#9397);
#9395 = CARTESIAN_POINT('',(265.56,-149.46,1.6));
#9396 = DIRECTION('',(0.,0.,1.));
#9397 = DIRECTION('',(1.,0.,-0.));
#9398 = PCURVE('',#90,#9399);
#9399 = DEFINITIONAL_REPRESENTATION('',(#9400),#9408);
#9400 = ( BOUNDED_CURVE() B_SPLINE_CURVE(2,(#9401,#9402,#9403,#9404,
#9405,#9406,#9407),.UNSPECIFIED.,.T.,.F.) B_SPLINE_CURVE_WITH_KNOTS((1,2
    ,2,2,2,1),(-2.094395102393,0.,2.094395102393,4.188790204786,
6.28318530718,8.377580409573),.UNSPECIFIED.) CURVE() 
GEOMETRIC_REPRESENTATION_ITEM() RATIONAL_B_SPLINE_CURVE((1.,0.5,1.,0.5,
1.,0.5,1.)) REPRESENTATION_ITEM('') );
#9401 = CARTESIAN_POINT('',(-68.56,30.54));
#9402 = CARTESIAN_POINT('',(-68.56,31.406025403784));
#9403 = CARTESIAN_POINT('',(-67.81,30.973012701892));
#9404 = CARTESIAN_POINT('',(-67.06,30.54));
#9405 = CARTESIAN_POINT('',(-67.81,30.106987298108));
#9406 = CARTESIAN_POINT('',(-68.56,29.673974596216));
#9407 = CARTESIAN_POINT('',(-68.56,30.54));
#9408 = ( GEOMETRIC_REPRESENTATION_CONTEXT(2) 
PARAMETRIC_REPRESENTATION_CONTEXT() REPRESENTATION_CONTEXT('2D SPACE',''
  ) );
#9409 = PCURVE('',#3293,#9410);
#9410 = DEFINITIONAL_REPRESENTATION('',(#9411),#9415);
#9411 = LINE('',#9412,#9413);
#9412 = CARTESIAN_POINT('',(0.,1.61));
#9413 = VECTOR('',#9414,1.);
#9414 = DIRECTION('',(1.,0.));
#9415 = ( GEOMETRIC_REPRESENTATION_CONTEXT(2) 
PARAMETRIC_REPRESENTATION_CONTEXT() REPRESENTATION_CONTEXT('2D SPACE',''
  ) );
#9416 = FACE_BOUND('',#9417,.F.);
#9417 = EDGE_LOOP('',(#9418));
#9418 = ORIENTED_EDGE('',*,*,#9419,.T.);
#9419 = EDGE_CURVE('',#9420,#9420,#9422,.T.);
#9420 = VERTEX_POINT('',#9421);
#9421 = CARTESIAN_POINT('',(263.52,-149.46,1.6));
#9422 = SURFACE_CURVE('',#9423,(#9428,#9439),.PCURVE_S1.);
#9423 = CIRCLE('',#9424,0.5);
#9424 = AXIS2_PLACEMENT_3D('',#9425,#9426,#9427);
#9425 = CARTESIAN_POINT('',(263.02,-149.46,1.6));
#9426 = DIRECTION('',(0.,0.,1.));
#9427 = DIRECTION('',(1.,0.,-0.));
#9428 = PCURVE('',#90,#9429);
#9429 = DEFINITIONAL_REPRESENTATION('',(#9430),#9438);
#9430 = ( BOUNDED_CURVE() B_SPLINE_CURVE(2,(#9431,#9432,#9433,#9434,
#9435,#9436,#9437),.UNSPECIFIED.,.T.,.F.) B_SPLINE_CURVE_WITH_KNOTS((1,2
    ,2,2,2,1),(-2.094395102393,0.,2.094395102393,4.188790204786,
6.28318530718,8.377580409573),.UNSPECIFIED.) CURVE() 
GEOMETRIC_REPRESENTATION_ITEM() RATIONAL_B_SPLINE_CURVE((1.,0.5,1.,0.5,
1.,0.5,1.)) REPRESENTATION_ITEM('') );
#9431 = CARTESIAN_POINT('',(-66.02,30.54));
#9432 = CARTESIAN_POINT('',(-66.02,31.406025403784));
#9433 = CARTESIAN_POINT('',(-65.27,30.973012701892));
#9434 = CARTESIAN_POINT('',(-64.52,30.54));
#9435 = CARTESIAN_POINT('',(-65.27,30.106987298108));
#9436 = CARTESIAN_POINT('',(-66.02,29.673974596216));
#9437 = CARTESIAN_POINT('',(-66.02,30.54));
#9438 = ( GEOMETRIC_REPRESENTATION_CONTEXT(2) 
PARAMETRIC_REPRESENTATION_CONTEXT() REPRESENTATION_CONTEXT('2D SPACE',''
  ) );
#9439 = PCURVE('',#3328,#9440);
#9440 = DEFINITIONAL_REPRESENTATION('',(#9441),#9445);
#9441 = LINE('',#9442,#9443);
#9442 = CARTESIAN_POINT('',(0.,1.61));
#9443 = VECTOR('',#9444,1.);
#9444 = DIRECTION('',(1.,0.));
#9445 = ( GEOMETRIC_REPRESENTATION_CONTEXT(2) 
PARAMETRIC_REPRESENTATION_CONTEXT() REPRESENTATION_CONTEXT('2D SPACE',''
  ) );
#9446 = FACE_BOUND('',#9447,.F.);
#9447 = EDGE_LOOP('',(#9448));
#9448 = ORIENTED_EDGE('',*,*,#9449,.T.);
#9449 = EDGE_CURVE('',#9450,#9450,#9452,.T.);
#9450 = VERTEX_POINT('',#9451);
#9451 = CARTESIAN_POINT('',(260.98,-149.46,1.6));
#9452 = SURFACE_CURVE('',#9453,(#9458,#9469),.PCURVE_S1.);
#9453 = CIRCLE('',#9454,0.5);
#9454 = AXIS2_PLACEMENT_3D('',#9455,#9456,#9457);
#9455 = CARTESIAN_POINT('',(260.48,-149.46,1.6));
#9456 = DIRECTION('',(0.,0.,1.));
#9457 = DIRECTION('',(1.,0.,-0.));
#9458 = PCURVE('',#90,#9459);
#9459 = DEFINITIONAL_REPRESENTATION('',(#9460),#9468);
#9460 = ( BOUNDED_CURVE() B_SPLINE_CURVE(2,(#9461,#9462,#9463,#9464,
#9465,#9466,#9467),.UNSPECIFIED.,.T.,.F.) B_SPLINE_CURVE_WITH_KNOTS((1,2
    ,2,2,2,1),(-2.094395102393,0.,2.094395102393,4.188790204786,
6.28318530718,8.377580409573),.UNSPECIFIED.) CURVE() 
GEOMETRIC_REPRESENTATION_ITEM() RATIONAL_B_SPLINE_CURVE((1.,0.5,1.,0.5,
1.,0.5,1.)) REPRESENTATION_ITEM('') );
#9461 = CARTESIAN_POINT('',(-63.48,30.54));
#9462 = CARTESIAN_POINT('',(-63.48,31.406025403784));
#9463 = CARTESIAN_POINT('',(-62.73,30.973012701892));
#9464 = CARTESIAN_POINT('',(-61.98,30.54));
#9465 = CARTESIAN_POINT('',(-62.73,30.106987298108));
#9466 = CARTESIAN_POINT('',(-63.48,29.673974596216));
#9467 = CARTESIAN_POINT('',(-63.48,30.54));
#9468 = ( GEOMETRIC_REPRESENTATION_CONTEXT(2) 
PARAMETRIC_REPRESENTATION_CONTEXT() REPRESENTATION_CONTEXT('2D SPACE',''
  ) );
#9469 = PCURVE('',#3363,#9470);
#9470 = DEFINITIONAL_REPRESENTATION('',(#9471),#9475);
#9471 = LINE('',#9472,#9473);
#9472 = CARTESIAN_POINT('',(0.,1.61));
#9473 = VECTOR('',#9474,1.);
#9474 = DIRECTION('',(1.,0.));
#9475 = ( GEOMETRIC_REPRESENTATION_CONTEXT(2) 
PARAMETRIC_REPRESENTATION_CONTEXT() REPRESENTATION_CONTEXT('2D SPACE',''
  ) );
#9476 = FACE_BOUND('',#9477,.F.);
#9477 = EDGE_LOOP('',(#9478));
#9478 = ORIENTED_EDGE('',*,*,#9479,.T.);
#9479 = EDGE_CURVE('',#9480,#9480,#9482,.T.);
#9480 = VERTEX_POINT('',#9481);
#9481 = CARTESIAN_POINT('',(258.44,-149.46,1.6));
#9482 = SURFACE_CURVE('',#9483,(#9488,#9499),.PCURVE_S1.);
#9483 = CIRCLE('',#9484,0.5);
#9484 = AXIS2_PLACEMENT_3D('',#9485,#9486,#9487);
#9485 = CARTESIAN_POINT('',(257.94,-149.46,1.6));
#9486 = DIRECTION('',(0.,0.,1.));
#9487 = DIRECTION('',(1.,0.,-0.));
#9488 = PCURVE('',#90,#9489);
#9489 = DEFINITIONAL_REPRESENTATION('',(#9490),#9498);
#9490 = ( BOUNDED_CURVE() B_SPLINE_CURVE(2,(#9491,#9492,#9493,#9494,
#9495,#9496,#9497),.UNSPECIFIED.,.T.,.F.) B_SPLINE_CURVE_WITH_KNOTS((1,2
    ,2,2,2,1),(-2.094395102393,0.,2.094395102393,4.188790204786,
6.28318530718,8.377580409573),.UNSPECIFIED.) CURVE() 
GEOMETRIC_REPRESENTATION_ITEM() RATIONAL_B_SPLINE_CURVE((1.,0.5,1.,0.5,
1.,0.5,1.)) REPRESENTATION_ITEM('') );
#9491 = CARTESIAN_POINT('',(-60.94,30.54));
#9492 = CARTESIAN_POINT('',(-60.94,31.406025403784));
#9493 = CARTESIAN_POINT('',(-60.19,30.973012701892));
#9494 = CARTESIAN_POINT('',(-59.44,30.54));
#9495 = CARTESIAN_POINT('',(-60.19,30.106987298108));
#9496 = CARTESIAN_POINT('',(-60.94,29.673974596216));
#9497 = CARTESIAN_POINT('',(-60.94,30.54));
#9498 = ( GEOMETRIC_REPRESENTATION_CONTEXT(2) 
PARAMETRIC_REPRESENTATION_CONTEXT() REPRESENTATION_CONTEXT('2D SPACE',''
  ) );
#9499 = PCURVE('',#3398,#9500);
#9500 = DEFINITIONAL_REPRESENTATION('',(#9501),#9505);
#9501 = LINE('',#9502,#9503);
#9502 = CARTESIAN_POINT('',(0.,1.61));
#9503 = VECTOR('',#9504,1.);
#9504 = DIRECTION('',(1.,0.));
#9505 = ( GEOMETRIC_REPRESENTATION_CONTEXT(2) 
PARAMETRIC_REPRESENTATION_CONTEXT() REPRESENTATION_CONTEXT('2D SPACE',''
  ) );
#9506 = FACE_BOUND('',#9507,.F.);
#9507 = EDGE_LOOP('',(#9508));
#9508 = ORIENTED_EDGE('',*,*,#9509,.T.);
#9509 = EDGE_CURVE('',#9510,#9510,#9512,.T.);
#9510 = VERTEX_POINT('',#9511);
#9511 = CARTESIAN_POINT('',(255.9,-149.46,1.6));
#9512 = SURFACE_CURVE('',#9513,(#9518,#9529),.PCURVE_S1.);
#9513 = CIRCLE('',#9514,0.5);
#9514 = AXIS2_PLACEMENT_3D('',#9515,#9516,#9517);
#9515 = CARTESIAN_POINT('',(255.4,-149.46,1.6));
#9516 = DIRECTION('',(0.,0.,1.));
#9517 = DIRECTION('',(1.,0.,-0.));
#9518 = PCURVE('',#90,#9519);
#9519 = DEFINITIONAL_REPRESENTATION('',(#9520),#9528);
#9520 = ( BOUNDED_CURVE() B_SPLINE_CURVE(2,(#9521,#9522,#9523,#9524,
#9525,#9526,#9527),.UNSPECIFIED.,.T.,.F.) B_SPLINE_CURVE_WITH_KNOTS((1,2
    ,2,2,2,1),(-2.094395102393,0.,2.094395102393,4.188790204786,
6.28318530718,8.377580409573),.UNSPECIFIED.) CURVE() 
GEOMETRIC_REPRESENTATION_ITEM() RATIONAL_B_SPLINE_CURVE((1.,0.5,1.,0.5,
1.,0.5,1.)) REPRESENTATION_ITEM('') );
#9521 = CARTESIAN_POINT('',(-58.4,30.54));
#9522 = CARTESIAN_POINT('',(-58.4,31.406025403784));
#9523 = CARTESIAN_POINT('',(-57.65,30.973012701892));
#9524 = CARTESIAN_POINT('',(-56.9,30.54));
#9525 = CARTESIAN_POINT('',(-57.65,30.106987298108));
#9526 = CARTESIAN_POINT('',(-58.4,29.673974596216));
#9527 = CARTESIAN_POINT('',(-58.4,30.54));
#9528 = ( GEOMETRIC_REPRESENTATION_CONTEXT(2) 
PARAMETRIC_REPRESENTATION_CONTEXT() REPRESENTATION_CONTEXT('2D SPACE',''
  ) );
#9529 = PCURVE('',#3433,#9530);
#9530 = DEFINITIONAL_REPRESENTATION('',(#9531),#9535);
#9531 = LINE('',#9532,#9533);
#9532 = CARTESIAN_POINT('',(0.,1.61));
#9533 = VECTOR('',#9534,1.);
#9534 = DIRECTION('',(1.,0.));
#9535 = ( GEOMETRIC_REPRESENTATION_CONTEXT(2) 
PARAMETRIC_REPRESENTATION_CONTEXT() REPRESENTATION_CONTEXT('2D SPACE',''
  ) );
#9536 = FACE_BOUND('',#9537,.F.);
#9537 = EDGE_LOOP('',(#9538));
#9538 = ORIENTED_EDGE('',*,*,#9539,.T.);
#9539 = EDGE_CURVE('',#9540,#9540,#9542,.T.);
#9540 = VERTEX_POINT('',#9541);
#9541 = CARTESIAN_POINT('',(253.36,-149.46,1.6));
#9542 = SURFACE_CURVE('',#9543,(#9548,#9559),.PCURVE_S1.);
#9543 = CIRCLE('',#9544,0.5);
#9544 = AXIS2_PLACEMENT_3D('',#9545,#9546,#9547);
#9545 = CARTESIAN_POINT('',(252.86,-149.46,1.6));
#9546 = DIRECTION('',(0.,0.,1.));
#9547 = DIRECTION('',(1.,0.,-0.));
#9548 = PCURVE('',#90,#9549);
#9549 = DEFINITIONAL_REPRESENTATION('',(#9550),#9558);
#9550 = ( BOUNDED_CURVE() B_SPLINE_CURVE(2,(#9551,#9552,#9553,#9554,
#9555,#9556,#9557),.UNSPECIFIED.,.T.,.F.) B_SPLINE_CURVE_WITH_KNOTS((1,2
    ,2,2,2,1),(-2.094395102393,0.,2.094395102393,4.188790204786,
6.28318530718,8.377580409573),.UNSPECIFIED.) CURVE() 
GEOMETRIC_REPRESENTATION_ITEM() RATIONAL_B_SPLINE_CURVE((1.,0.5,1.,0.5,
1.,0.5,1.)) REPRESENTATION_ITEM('') );
#9551 = CARTESIAN_POINT('',(-55.86,30.54));
#9552 = CARTESIAN_POINT('',(-55.86,31.406025403784));
#9553 = CARTESIAN_POINT('',(-55.11,30.973012701892));
#9554 = CARTESIAN_POINT('',(-54.36,30.54));
#9555 = CARTESIAN_POINT('',(-55.11,30.106987298108));
#9556 = CARTESIAN_POINT('',(-55.86,29.673974596216));
#9557 = CARTESIAN_POINT('',(-55.86,30.54));
#9558 = ( GEOMETRIC_REPRESENTATION_CONTEXT(2) 
PARAMETRIC_REPRESENTATION_CONTEXT() REPRESENTATION_CONTEXT('2D SPACE',''
  ) );
#9559 = PCURVE('',#3468,#9560);
#9560 = DEFINITIONAL_REPRESENTATION('',(#9561),#9565);
#9561 = LINE('',#9562,#9563);
#9562 = CARTESIAN_POINT('',(0.,1.61));
#9563 = VECTOR('',#9564,1.);
#9564 = DIRECTION('',(1.,0.));
#9565 = ( GEOMETRIC_REPRESENTATION_CONTEXT(2) 
PARAMETRIC_REPRESENTATION_CONTEXT() REPRESENTATION_CONTEXT('2D SPACE',''
  ) );
#9566 = FACE_BOUND('',#9567,.F.);
#9567 = EDGE_LOOP('',(#9568));
#9568 = ORIENTED_EDGE('',*,*,#9569,.T.);
#9569 = EDGE_CURVE('',#9570,#9570,#9572,.T.);
#9570 = VERTEX_POINT('',#9571);
#9571 = CARTESIAN_POINT('',(250.82,-149.46,1.6));
#9572 = SURFACE_CURVE('',#9573,(#9578,#9589),.PCURVE_S1.);
#9573 = CIRCLE('',#9574,0.5);
#9574 = AXIS2_PLACEMENT_3D('',#9575,#9576,#9577);
#9575 = CARTESIAN_POINT('',(250.32,-149.46,1.6));
#9576 = DIRECTION('',(0.,0.,1.));
#9577 = DIRECTION('',(1.,0.,-0.));
#9578 = PCURVE('',#90,#9579);
#9579 = DEFINITIONAL_REPRESENTATION('',(#9580),#9588);
#9580 = ( BOUNDED_CURVE() B_SPLINE_CURVE(2,(#9581,#9582,#9583,#9584,
#9585,#9586,#9587),.UNSPECIFIED.,.T.,.F.) B_SPLINE_CURVE_WITH_KNOTS((1,2
    ,2,2,2,1),(-2.094395102393,0.,2.094395102393,4.188790204786,
6.28318530718,8.377580409573),.UNSPECIFIED.) CURVE() 
GEOMETRIC_REPRESENTATION_ITEM() RATIONAL_B_SPLINE_CURVE((1.,0.5,1.,0.5,
1.,0.5,1.)) REPRESENTATION_ITEM('') );
#9581 = CARTESIAN_POINT('',(-53.32,30.54));
#9582 = CARTESIAN_POINT('',(-53.32,31.406025403784));
#9583 = CARTESIAN_POINT('',(-52.57,30.973012701892));
#9584 = CARTESIAN_POINT('',(-51.82,30.54));
#9585 = CARTESIAN_POINT('',(-52.57,30.106987298108));
#9586 = CARTESIAN_POINT('',(-53.32,29.673974596216));
#9587 = CARTESIAN_POINT('',(-53.32,30.54));
#9588 = ( GEOMETRIC_REPRESENTATION_CONTEXT(2) 
PARAMETRIC_REPRESENTATION_CONTEXT() REPRESENTATION_CONTEXT('2D SPACE',''
  ) );
#9589 = PCURVE('',#3503,#9590);
#9590 = DEFINITIONAL_REPRESENTATION('',(#9591),#9595);
#9591 = LINE('',#9592,#9593);
#9592 = CARTESIAN_POINT('',(0.,1.61));
#9593 = VECTOR('',#9594,1.);
#9594 = DIRECTION('',(1.,0.));
#9595 = ( GEOMETRIC_REPRESENTATION_CONTEXT(2) 
PARAMETRIC_REPRESENTATION_CONTEXT() REPRESENTATION_CONTEXT('2D SPACE',''
  ) );
#9596 = FACE_BOUND('',#9597,.F.);
#9597 = EDGE_LOOP('',(#9598));
#9598 = ORIENTED_EDGE('',*,*,#9599,.T.);
#9599 = EDGE_CURVE('',#9600,#9600,#9602,.T.);
#9600 = VERTEX_POINT('',#9601);
#9601 = CARTESIAN_POINT('',(248.28,-149.46,1.6));
#9602 = SURFACE_CURVE('',#9603,(#9608,#9619),.PCURVE_S1.);
#9603 = CIRCLE('',#9604,0.5);
#9604 = AXIS2_PLACEMENT_3D('',#9605,#9606,#9607);
#9605 = CARTESIAN_POINT('',(247.78,-149.46,1.6));
#9606 = DIRECTION('',(0.,0.,1.));
#9607 = DIRECTION('',(1.,0.,-0.));
#9608 = PCURVE('',#90,#9609);
#9609 = DEFINITIONAL_REPRESENTATION('',(#9610),#9618);
#9610 = ( BOUNDED_CURVE() B_SPLINE_CURVE(2,(#9611,#9612,#9613,#9614,
#9615,#9616,#9617),.UNSPECIFIED.,.T.,.F.) B_SPLINE_CURVE_WITH_KNOTS((1,2
    ,2,2,2,1),(-2.094395102393,0.,2.094395102393,4.188790204786,
6.28318530718,8.377580409573),.UNSPECIFIED.) CURVE() 
GEOMETRIC_REPRESENTATION_ITEM() RATIONAL_B_SPLINE_CURVE((1.,0.5,1.,0.5,
1.,0.5,1.)) REPRESENTATION_ITEM('') );
#9611 = CARTESIAN_POINT('',(-50.78,30.54));
#9612 = CARTESIAN_POINT('',(-50.78,31.406025403784));
#9613 = CARTESIAN_POINT('',(-50.03,30.973012701892));
#9614 = CARTESIAN_POINT('',(-49.28,30.54));
#9615 = CARTESIAN_POINT('',(-50.03,30.106987298108));
#9616 = CARTESIAN_POINT('',(-50.78,29.673974596216));
#9617 = CARTESIAN_POINT('',(-50.78,30.54));
#9618 = ( GEOMETRIC_REPRESENTATION_CONTEXT(2) 
PARAMETRIC_REPRESENTATION_CONTEXT() REPRESENTATION_CONTEXT('2D SPACE',''
  ) );
#9619 = PCURVE('',#3538,#9620);
#9620 = DEFINITIONAL_REPRESENTATION('',(#9621),#9625);
#9621 = LINE('',#9622,#9623);
#9622 = CARTESIAN_POINT('',(0.,1.61));
#9623 = VECTOR('',#9624,1.);
#9624 = DIRECTION('',(1.,0.));
#9625 = ( GEOMETRIC_REPRESENTATION_CONTEXT(2) 
PARAMETRIC_REPRESENTATION_CONTEXT() REPRESENTATION_CONTEXT('2D SPACE',''
  ) );
#9626 = FACE_BOUND('',#9627,.F.);
#9627 = EDGE_LOOP('',(#9628));
#9628 = ORIENTED_EDGE('',*,*,#9629,.T.);
#9629 = EDGE_CURVE('',#9630,#9630,#9632,.T.);
#9630 = VERTEX_POINT('',#9631);
#9631 = CARTESIAN_POINT('',(245.74,-152.,1.6));
#9632 = SURFACE_CURVE('',#9633,(#9638,#9649),.PCURVE_S1.);
#9633 = CIRCLE('',#9634,0.5);
#9634 = AXIS2_PLACEMENT_3D('',#9635,#9636,#9637);
#9635 = CARTESIAN_POINT('',(245.24,-152.,1.6));
#9636 = DIRECTION('',(0.,0.,1.));
#9637 = DIRECTION('',(1.,0.,-0.));
#9638 = PCURVE('',#90,#9639);
#9639 = DEFINITIONAL_REPRESENTATION('',(#9640),#9648);
#9640 = ( BOUNDED_CURVE() B_SPLINE_CURVE(2,(#9641,#9642,#9643,#9644,
#9645,#9646,#9647),.UNSPECIFIED.,.T.,.F.) B_SPLINE_CURVE_WITH_KNOTS((1,2
    ,2,2,2,1),(-2.094395102393,0.,2.094395102393,4.188790204786,
6.28318530718,8.377580409573),.UNSPECIFIED.) CURVE() 
GEOMETRIC_REPRESENTATION_ITEM() RATIONAL_B_SPLINE_CURVE((1.,0.5,1.,0.5,
1.,0.5,1.)) REPRESENTATION_ITEM('') );
#9641 = CARTESIAN_POINT('',(-48.24,28.));
#9642 = CARTESIAN_POINT('',(-48.24,28.866025403784));
#9643 = CARTESIAN_POINT('',(-47.49,28.433012701892));
#9644 = CARTESIAN_POINT('',(-46.74,28.));
#9645 = CARTESIAN_POINT('',(-47.49,27.566987298108));
#9646 = CARTESIAN_POINT('',(-48.24,27.133974596216));
#9647 = CARTESIAN_POINT('',(-48.24,28.));
#9648 = ( GEOMETRIC_REPRESENTATION_CONTEXT(2) 
PARAMETRIC_REPRESENTATION_CONTEXT() REPRESENTATION_CONTEXT('2D SPACE',''
  ) );
#9649 = PCURVE('',#3573,#9650);
#9650 = DEFINITIONAL_REPRESENTATION('',(#9651),#9655);
#9651 = LINE('',#9652,#9653);
#9652 = CARTESIAN_POINT('',(0.,1.61));
#9653 = VECTOR('',#9654,1.);
#9654 = DIRECTION('',(1.,0.));
#9655 = ( GEOMETRIC_REPRESENTATION_CONTEXT(2) 
PARAMETRIC_REPRESENTATION_CONTEXT() REPRESENTATION_CONTEXT('2D SPACE',''
  ) );
#9656 = FACE_BOUND('',#9657,.F.);
#9657 = EDGE_LOOP('',(#9658));
#9658 = ORIENTED_EDGE('',*,*,#9659,.T.);
#9659 = EDGE_CURVE('',#9660,#9660,#9662,.T.);
#9660 = VERTEX_POINT('',#9661);
#9661 = CARTESIAN_POINT('',(243.2,-152.,1.6));
#9662 = SURFACE_CURVE('',#9663,(#9668,#9679),.PCURVE_S1.);
#9663 = CIRCLE('',#9664,0.5);
#9664 = AXIS2_PLACEMENT_3D('',#9665,#9666,#9667);
#9665 = CARTESIAN_POINT('',(242.7,-152.,1.6));
#9666 = DIRECTION('',(0.,0.,1.));
#9667 = DIRECTION('',(1.,0.,-0.));
#9668 = PCURVE('',#90,#9669);
#9669 = DEFINITIONAL_REPRESENTATION('',(#9670),#9678);
#9670 = ( BOUNDED_CURVE() B_SPLINE_CURVE(2,(#9671,#9672,#9673,#9674,
#9675,#9676,#9677),.UNSPECIFIED.,.T.,.F.) B_SPLINE_CURVE_WITH_KNOTS((1,2
    ,2,2,2,1),(-2.094395102393,0.,2.094395102393,4.188790204786,
6.28318530718,8.377580409573),.UNSPECIFIED.) CURVE() 
GEOMETRIC_REPRESENTATION_ITEM() RATIONAL_B_SPLINE_CURVE((1.,0.5,1.,0.5,
1.,0.5,1.)) REPRESENTATION_ITEM('') );
#9671 = CARTESIAN_POINT('',(-45.7,28.));
#9672 = CARTESIAN_POINT('',(-45.7,28.866025403784));
#9673 = CARTESIAN_POINT('',(-44.95,28.433012701892));
#9674 = CARTESIAN_POINT('',(-44.2,28.));
#9675 = CARTESIAN_POINT('',(-44.95,27.566987298108));
#9676 = CARTESIAN_POINT('',(-45.7,27.133974596216));
#9677 = CARTESIAN_POINT('',(-45.7,28.));
#9678 = ( GEOMETRIC_REPRESENTATION_CONTEXT(2) 
PARAMETRIC_REPRESENTATION_CONTEXT() REPRESENTATION_CONTEXT('2D SPACE',''
  ) );
#9679 = PCURVE('',#3608,#9680);
#9680 = DEFINITIONAL_REPRESENTATION('',(#9681),#9685);
#9681 = LINE('',#9682,#9683);
#9682 = CARTESIAN_POINT('',(0.,1.61));
#9683 = VECTOR('',#9684,1.);
#9684 = DIRECTION('',(1.,0.));
#9685 = ( GEOMETRIC_REPRESENTATION_CONTEXT(2) 
PARAMETRIC_REPRESENTATION_CONTEXT() REPRESENTATION_CONTEXT('2D SPACE',''
  ) );
#9686 = FACE_BOUND('',#9687,.F.);
#9687 = EDGE_LOOP('',(#9688));
#9688 = ORIENTED_EDGE('',*,*,#9689,.T.);
#9689 = EDGE_CURVE('',#9690,#9690,#9692,.T.);
#9690 = VERTEX_POINT('',#9691);
#9691 = CARTESIAN_POINT('',(240.66,-152.,1.6));
#9692 = SURFACE_CURVE('',#9693,(#9698,#9709),.PCURVE_S1.);
#9693 = CIRCLE('',#9694,0.5);
#9694 = AXIS2_PLACEMENT_3D('',#9695,#9696,#9697);
#9695 = CARTESIAN_POINT('',(240.16,-152.,1.6));
#9696 = DIRECTION('',(0.,0.,1.));
#9697 = DIRECTION('',(1.,0.,-0.));
#9698 = PCURVE('',#90,#9699);
#9699 = DEFINITIONAL_REPRESENTATION('',(#9700),#9708);
#9700 = ( BOUNDED_CURVE() B_SPLINE_CURVE(2,(#9701,#9702,#9703,#9704,
#9705,#9706,#9707),.UNSPECIFIED.,.T.,.F.) B_SPLINE_CURVE_WITH_KNOTS((1,2
    ,2,2,2,1),(-2.094395102393,0.,2.094395102393,4.188790204786,
6.28318530718,8.377580409573),.UNSPECIFIED.) CURVE() 
GEOMETRIC_REPRESENTATION_ITEM() RATIONAL_B_SPLINE_CURVE((1.,0.5,1.,0.5,
1.,0.5,1.)) REPRESENTATION_ITEM('') );
#9701 = CARTESIAN_POINT('',(-43.16,28.));
#9702 = CARTESIAN_POINT('',(-43.16,28.866025403784));
#9703 = CARTESIAN_POINT('',(-42.41,28.433012701892));
#9704 = CARTESIAN_POINT('',(-41.66,28.));
#9705 = CARTESIAN_POINT('',(-42.41,27.566987298108));
#9706 = CARTESIAN_POINT('',(-43.16,27.133974596216));
#9707 = CARTESIAN_POINT('',(-43.16,28.));
#9708 = ( GEOMETRIC_REPRESENTATION_CONTEXT(2) 
PARAMETRIC_REPRESENTATION_CONTEXT() REPRESENTATION_CONTEXT('2D SPACE',''
  ) );
#9709 = PCURVE('',#3643,#9710);
#9710 = DEFINITIONAL_REPRESENTATION('',(#9711),#9715);
#9711 = LINE('',#9712,#9713);
#9712 = CARTESIAN_POINT('',(0.,1.61));
#9713 = VECTOR('',#9714,1.);
#9714 = DIRECTION('',(1.,0.));
#9715 = ( GEOMETRIC_REPRESENTATION_CONTEXT(2) 
PARAMETRIC_REPRESENTATION_CONTEXT() REPRESENTATION_CONTEXT('2D SPACE',''
  ) );
#9716 = FACE_BOUND('',#9717,.F.);
#9717 = EDGE_LOOP('',(#9718));
#9718 = ORIENTED_EDGE('',*,*,#9719,.T.);
#9719 = EDGE_CURVE('',#9720,#9720,#9722,.T.);
#9720 = VERTEX_POINT('',#9721);
#9721 = CARTESIAN_POINT('',(238.12,-152.,1.6));
#9722 = SURFACE_CURVE('',#9723,(#9728,#9739),.PCURVE_S1.);
#9723 = CIRCLE('',#9724,0.5);
#9724 = AXIS2_PLACEMENT_3D('',#9725,#9726,#9727);
#9725 = CARTESIAN_POINT('',(237.62,-152.,1.6));
#9726 = DIRECTION('',(0.,0.,1.));
#9727 = DIRECTION('',(1.,0.,-0.));
#9728 = PCURVE('',#90,#9729);
#9729 = DEFINITIONAL_REPRESENTATION('',(#9730),#9738);
#9730 = ( BOUNDED_CURVE() B_SPLINE_CURVE(2,(#9731,#9732,#9733,#9734,
#9735,#9736,#9737),.UNSPECIFIED.,.T.,.F.) B_SPLINE_CURVE_WITH_KNOTS((1,2
    ,2,2,2,1),(-2.094395102393,0.,2.094395102393,4.188790204786,
6.28318530718,8.377580409573),.UNSPECIFIED.) CURVE() 
GEOMETRIC_REPRESENTATION_ITEM() RATIONAL_B_SPLINE_CURVE((1.,0.5,1.,0.5,
1.,0.5,1.)) REPRESENTATION_ITEM('') );
#9731 = CARTESIAN_POINT('',(-40.62,28.));
#9732 = CARTESIAN_POINT('',(-40.62,28.866025403784));
#9733 = CARTESIAN_POINT('',(-39.87,28.433012701892));
#9734 = CARTESIAN_POINT('',(-39.12,28.));
#9735 = CARTESIAN_POINT('',(-39.87,27.566987298108));
#9736 = CARTESIAN_POINT('',(-40.62,27.133974596216));
#9737 = CARTESIAN_POINT('',(-40.62,28.));
#9738 = ( GEOMETRIC_REPRESENTATION_CONTEXT(2) 
PARAMETRIC_REPRESENTATION_CONTEXT() REPRESENTATION_CONTEXT('2D SPACE',''
  ) );
#9739 = PCURVE('',#3678,#9740);
#9740 = DEFINITIONAL_REPRESENTATION('',(#9741),#9745);
#9741 = LINE('',#9742,#9743);
#9742 = CARTESIAN_POINT('',(0.,1.61));
#9743 = VECTOR('',#9744,1.);
#9744 = DIRECTION('',(1.,0.));
#9745 = ( GEOMETRIC_REPRESENTATION_CONTEXT(2) 
PARAMETRIC_REPRESENTATION_CONTEXT() REPRESENTATION_CONTEXT('2D SPACE',''
  ) );
#9746 = FACE_BOUND('',#9747,.F.);
#9747 = EDGE_LOOP('',(#9748));
#9748 = ORIENTED_EDGE('',*,*,#9749,.T.);
#9749 = EDGE_CURVE('',#9750,#9750,#9752,.T.);
#9750 = VERTEX_POINT('',#9751);
#9751 = CARTESIAN_POINT('',(235.58,-152.,1.6));
#9752 = SURFACE_CURVE('',#9753,(#9758,#9769),.PCURVE_S1.);
#9753 = CIRCLE('',#9754,0.5);
#9754 = AXIS2_PLACEMENT_3D('',#9755,#9756,#9757);
#9755 = CARTESIAN_POINT('',(235.08,-152.,1.6));
#9756 = DIRECTION('',(0.,0.,1.));
#9757 = DIRECTION('',(1.,0.,-0.));
#9758 = PCURVE('',#90,#9759);
#9759 = DEFINITIONAL_REPRESENTATION('',(#9760),#9768);
#9760 = ( BOUNDED_CURVE() B_SPLINE_CURVE(2,(#9761,#9762,#9763,#9764,
#9765,#9766,#9767),.UNSPECIFIED.,.T.,.F.) B_SPLINE_CURVE_WITH_KNOTS((1,2
    ,2,2,2,1),(-2.094395102393,0.,2.094395102393,4.188790204786,
6.28318530718,8.377580409573),.UNSPECIFIED.) CURVE() 
GEOMETRIC_REPRESENTATION_ITEM() RATIONAL_B_SPLINE_CURVE((1.,0.5,1.,0.5,
1.,0.5,1.)) REPRESENTATION_ITEM('') );
#9761 = CARTESIAN_POINT('',(-38.08,28.));
#9762 = CARTESIAN_POINT('',(-38.08,28.866025403784));
#9763 = CARTESIAN_POINT('',(-37.33,28.433012701892));
#9764 = CARTESIAN_POINT('',(-36.58,28.));
#9765 = CARTESIAN_POINT('',(-37.33,27.566987298108));
#9766 = CARTESIAN_POINT('',(-38.08,27.133974596216));
#9767 = CARTESIAN_POINT('',(-38.08,28.));
#9768 = ( GEOMETRIC_REPRESENTATION_CONTEXT(2) 
PARAMETRIC_REPRESENTATION_CONTEXT() REPRESENTATION_CONTEXT('2D SPACE',''
  ) );
#9769 = PCURVE('',#3713,#9770);
#9770 = DEFINITIONAL_REPRESENTATION('',(#9771),#9775);
#9771 = LINE('',#9772,#9773);
#9772 = CARTESIAN_POINT('',(0.,1.61));
#9773 = VECTOR('',#9774,1.);
#9774 = DIRECTION('',(1.,0.));
#9775 = ( GEOMETRIC_REPRESENTATION_CONTEXT(2) 
PARAMETRIC_REPRESENTATION_CONTEXT() REPRESENTATION_CONTEXT('2D SPACE',''
  ) );
#9776 = FACE_BOUND('',#9777,.F.);
#9777 = EDGE_LOOP('',(#9778));
#9778 = ORIENTED_EDGE('',*,*,#9779,.T.);
#9779 = EDGE_CURVE('',#9780,#9780,#9782,.T.);
#9780 = VERTEX_POINT('',#9781);
#9781 = CARTESIAN_POINT('',(233.04,-152.,1.6));
#9782 = SURFACE_CURVE('',#9783,(#9788,#9799),.PCURVE_S1.);
#9783 = CIRCLE('',#9784,0.5);
#9784 = AXIS2_PLACEMENT_3D('',#9785,#9786,#9787);
#9785 = CARTESIAN_POINT('',(232.54,-152.,1.6));
#9786 = DIRECTION('',(0.,0.,1.));
#9787 = DIRECTION('',(1.,0.,-0.));
#9788 = PCURVE('',#90,#9789);
#9789 = DEFINITIONAL_REPRESENTATION('',(#9790),#9798);
#9790 = ( BOUNDED_CURVE() B_SPLINE_CURVE(2,(#9791,#9792,#9793,#9794,
#9795,#9796,#9797),.UNSPECIFIED.,.T.,.F.) B_SPLINE_CURVE_WITH_KNOTS((1,2
    ,2,2,2,1),(-2.094395102393,0.,2.094395102393,4.188790204786,
6.28318530718,8.377580409573),.UNSPECIFIED.) CURVE() 
GEOMETRIC_REPRESENTATION_ITEM() RATIONAL_B_SPLINE_CURVE((1.,0.5,1.,0.5,
1.,0.5,1.)) REPRESENTATION_ITEM('') );
#9791 = CARTESIAN_POINT('',(-35.54,28.));
#9792 = CARTESIAN_POINT('',(-35.54,28.866025403784));
#9793 = CARTESIAN_POINT('',(-34.79,28.433012701892));
#9794 = CARTESIAN_POINT('',(-34.04,28.));
#9795 = CARTESIAN_POINT('',(-34.79,27.566987298108));
#9796 = CARTESIAN_POINT('',(-35.54,27.133974596216));
#9797 = CARTESIAN_POINT('',(-35.54,28.));
#9798 = ( GEOMETRIC_REPRESENTATION_CONTEXT(2) 
PARAMETRIC_REPRESENTATION_CONTEXT() REPRESENTATION_CONTEXT('2D SPACE',''
  ) );
#9799 = PCURVE('',#3748,#9800);
#9800 = DEFINITIONAL_REPRESENTATION('',(#9801),#9805);
#9801 = LINE('',#9802,#9803);
#9802 = CARTESIAN_POINT('',(0.,1.61));
#9803 = VECTOR('',#9804,1.);
#9804 = DIRECTION('',(1.,0.));
#9805 = ( GEOMETRIC_REPRESENTATION_CONTEXT(2) 
PARAMETRIC_REPRESENTATION_CONTEXT() REPRESENTATION_CONTEXT('2D SPACE',''
  ) );
#9806 = FACE_BOUND('',#9807,.F.);
#9807 = EDGE_LOOP('',(#9808));
#9808 = ORIENTED_EDGE('',*,*,#9809,.T.);
#9809 = EDGE_CURVE('',#9810,#9810,#9812,.T.);
#9810 = VERTEX_POINT('',#9811);
#9811 = CARTESIAN_POINT('',(230.5,-152.,1.6));
#9812 = SURFACE_CURVE('',#9813,(#9818,#9829),.PCURVE_S1.);
#9813 = CIRCLE('',#9814,0.5);
#9814 = AXIS2_PLACEMENT_3D('',#9815,#9816,#9817);
#9815 = CARTESIAN_POINT('',(230.,-152.,1.6));
#9816 = DIRECTION('',(0.,0.,1.));
#9817 = DIRECTION('',(1.,0.,-0.));
#9818 = PCURVE('',#90,#9819);
#9819 = DEFINITIONAL_REPRESENTATION('',(#9820),#9828);
#9820 = ( BOUNDED_CURVE() B_SPLINE_CURVE(2,(#9821,#9822,#9823,#9824,
#9825,#9826,#9827),.UNSPECIFIED.,.T.,.F.) B_SPLINE_CURVE_WITH_KNOTS((1,2
    ,2,2,2,1),(-2.094395102393,0.,2.094395102393,4.188790204786,
6.28318530718,8.377580409573),.UNSPECIFIED.) CURVE() 
GEOMETRIC_REPRESENTATION_ITEM() RATIONAL_B_SPLINE_CURVE((1.,0.5,1.,0.5,
1.,0.5,1.)) REPRESENTATION_ITEM('') );
#9821 = CARTESIAN_POINT('',(-33.,28.));
#9822 = CARTESIAN_POINT('',(-33.,28.866025403784));
#9823 = CARTESIAN_POINT('',(-32.25,28.433012701892));
#9824 = CARTESIAN_POINT('',(-31.5,28.));
#9825 = CARTESIAN_POINT('',(-32.25,27.566987298108));
#9826 = CARTESIAN_POINT('',(-33.,27.133974596216));
#9827 = CARTESIAN_POINT('',(-33.,28.));
#9828 = ( GEOMETRIC_REPRESENTATION_CONTEXT(2) 
PARAMETRIC_REPRESENTATION_CONTEXT() REPRESENTATION_CONTEXT('2D SPACE',''
  ) );
#9829 = PCURVE('',#3783,#9830);
#9830 = DEFINITIONAL_REPRESENTATION('',(#9831),#9835);
#9831 = LINE('',#9832,#9833);
#9832 = CARTESIAN_POINT('',(0.,1.61));
#9833 = VECTOR('',#9834,1.);
#9834 = DIRECTION('',(1.,0.));
#9835 = ( GEOMETRIC_REPRESENTATION_CONTEXT(2) 
PARAMETRIC_REPRESENTATION_CONTEXT() REPRESENTATION_CONTEXT('2D SPACE',''
  ) );
#9836 = FACE_BOUND('',#9837,.F.);
#9837 = EDGE_LOOP('',(#9838));
#9838 = ORIENTED_EDGE('',*,*,#9839,.T.);
#9839 = EDGE_CURVE('',#9840,#9840,#9842,.T.);
#9840 = VERTEX_POINT('',#9841);
#9841 = CARTESIAN_POINT('',(245.74,-149.46,1.6));
#9842 = SURFACE_CURVE('',#9843,(#9848,#9859),.PCURVE_S1.);
#9843 = CIRCLE('',#9844,0.5);
#9844 = AXIS2_PLACEMENT_3D('',#9845,#9846,#9847);
#9845 = CARTESIAN_POINT('',(245.24,-149.46,1.6));
#9846 = DIRECTION('',(0.,0.,1.));
#9847 = DIRECTION('',(1.,0.,-0.));
#9848 = PCURVE('',#90,#9849);
#9849 = DEFINITIONAL_REPRESENTATION('',(#9850),#9858);
#9850 = ( BOUNDED_CURVE() B_SPLINE_CURVE(2,(#9851,#9852,#9853,#9854,
#9855,#9856,#9857),.UNSPECIFIED.,.T.,.F.) B_SPLINE_CURVE_WITH_KNOTS((1,2
    ,2,2,2,1),(-2.094395102393,0.,2.094395102393,4.188790204786,
6.28318530718,8.377580409573),.UNSPECIFIED.) CURVE() 
GEOMETRIC_REPRESENTATION_ITEM() RATIONAL_B_SPLINE_CURVE((1.,0.5,1.,0.5,
1.,0.5,1.)) REPRESENTATION_ITEM('') );
#9851 = CARTESIAN_POINT('',(-48.24,30.54));
#9852 = CARTESIAN_POINT('',(-48.24,31.406025403784));
#9853 = CARTESIAN_POINT('',(-47.49,30.973012701892));
#9854 = CARTESIAN_POINT('',(-46.74,30.54));
#9855 = CARTESIAN_POINT('',(-47.49,30.106987298108));
#9856 = CARTESIAN_POINT('',(-48.24,29.673974596216));
#9857 = CARTESIAN_POINT('',(-48.24,30.54));
#9858 = ( GEOMETRIC_REPRESENTATION_CONTEXT(2) 
PARAMETRIC_REPRESENTATION_CONTEXT() REPRESENTATION_CONTEXT('2D SPACE',''
  ) );
#9859 = PCURVE('',#3818,#9860);
#9860 = DEFINITIONAL_REPRESENTATION('',(#9861),#9865);
#9861 = LINE('',#9862,#9863);
#9862 = CARTESIAN_POINT('',(0.,1.61));
#9863 = VECTOR('',#9864,1.);
#9864 = DIRECTION('',(1.,0.));
#9865 = ( GEOMETRIC_REPRESENTATION_CONTEXT(2) 
PARAMETRIC_REPRESENTATION_CONTEXT() REPRESENTATION_CONTEXT('2D SPACE',''
  ) );
#9866 = FACE_BOUND('',#9867,.F.);
#9867 = EDGE_LOOP('',(#9868));
#9868 = ORIENTED_EDGE('',*,*,#9869,.T.);
#9869 = EDGE_CURVE('',#9870,#9870,#9872,.T.);
#9870 = VERTEX_POINT('',#9871);
#9871 = CARTESIAN_POINT('',(243.2,-149.46,1.6));
#9872 = SURFACE_CURVE('',#9873,(#9878,#9889),.PCURVE_S1.);
#9873 = CIRCLE('',#9874,0.5);
#9874 = AXIS2_PLACEMENT_3D('',#9875,#9876,#9877);
#9875 = CARTESIAN_POINT('',(242.7,-149.46,1.6));
#9876 = DIRECTION('',(0.,0.,1.));
#9877 = DIRECTION('',(1.,0.,-0.));
#9878 = PCURVE('',#90,#9879);
#9879 = DEFINITIONAL_REPRESENTATION('',(#9880),#9888);
#9880 = ( BOUNDED_CURVE() B_SPLINE_CURVE(2,(#9881,#9882,#9883,#9884,
#9885,#9886,#9887),.UNSPECIFIED.,.T.,.F.) B_SPLINE_CURVE_WITH_KNOTS((1,2
    ,2,2,2,1),(-2.094395102393,0.,2.094395102393,4.188790204786,
6.28318530718,8.377580409573),.UNSPECIFIED.) CURVE() 
GEOMETRIC_REPRESENTATION_ITEM() RATIONAL_B_SPLINE_CURVE((1.,0.5,1.,0.5,
1.,0.5,1.)) REPRESENTATION_ITEM('') );
#9881 = CARTESIAN_POINT('',(-45.7,30.54));
#9882 = CARTESIAN_POINT('',(-45.7,31.406025403784));
#9883 = CARTESIAN_POINT('',(-44.95,30.973012701892));
#9884 = CARTESIAN_POINT('',(-44.2,30.54));
#9885 = CARTESIAN_POINT('',(-44.95,30.106987298108));
#9886 = CARTESIAN_POINT('',(-45.7,29.673974596216));
#9887 = CARTESIAN_POINT('',(-45.7,30.54));
#9888 = ( GEOMETRIC_REPRESENTATION_CONTEXT(2) 
PARAMETRIC_REPRESENTATION_CONTEXT() REPRESENTATION_CONTEXT('2D SPACE',''
  ) );
#9889 = PCURVE('',#3853,#9890);
#9890 = DEFINITIONAL_REPRESENTATION('',(#9891),#9895);
#9891 = LINE('',#9892,#9893);
#9892 = CARTESIAN_POINT('',(0.,1.61));
#9893 = VECTOR('',#9894,1.);
#9894 = DIRECTION('',(1.,0.));
#9895 = ( GEOMETRIC_REPRESENTATION_CONTEXT(2) 
PARAMETRIC_REPRESENTATION_CONTEXT() REPRESENTATION_CONTEXT('2D SPACE',''
  ) );
#9896 = FACE_BOUND('',#9897,.F.);
#9897 = EDGE_LOOP('',(#9898));
#9898 = ORIENTED_EDGE('',*,*,#9899,.T.);
#9899 = EDGE_CURVE('',#9900,#9900,#9902,.T.);
#9900 = VERTEX_POINT('',#9901);
#9901 = CARTESIAN_POINT('',(240.66,-149.46,1.6));
#9902 = SURFACE_CURVE('',#9903,(#9908,#9919),.PCURVE_S1.);
#9903 = CIRCLE('',#9904,0.5);
#9904 = AXIS2_PLACEMENT_3D('',#9905,#9906,#9907);
#9905 = CARTESIAN_POINT('',(240.16,-149.46,1.6));
#9906 = DIRECTION('',(0.,0.,1.));
#9907 = DIRECTION('',(1.,0.,-0.));
#9908 = PCURVE('',#90,#9909);
#9909 = DEFINITIONAL_REPRESENTATION('',(#9910),#9918);
#9910 = ( BOUNDED_CURVE() B_SPLINE_CURVE(2,(#9911,#9912,#9913,#9914,
#9915,#9916,#9917),.UNSPECIFIED.,.T.,.F.) B_SPLINE_CURVE_WITH_KNOTS((1,2
    ,2,2,2,1),(-2.094395102393,0.,2.094395102393,4.188790204786,
6.28318530718,8.377580409573),.UNSPECIFIED.) CURVE() 
GEOMETRIC_REPRESENTATION_ITEM() RATIONAL_B_SPLINE_CURVE((1.,0.5,1.,0.5,
1.,0.5,1.)) REPRESENTATION_ITEM('') );
#9911 = CARTESIAN_POINT('',(-43.16,30.54));
#9912 = CARTESIAN_POINT('',(-43.16,31.406025403784));
#9913 = CARTESIAN_POINT('',(-42.41,30.973012701892));
#9914 = CARTESIAN_POINT('',(-41.66,30.54));
#9915 = CARTESIAN_POINT('',(-42.41,30.106987298108));
#9916 = CARTESIAN_POINT('',(-43.16,29.673974596216));
#9917 = CARTESIAN_POINT('',(-43.16,30.54));
#9918 = ( GEOMETRIC_REPRESENTATION_CONTEXT(2) 
PARAMETRIC_REPRESENTATION_CONTEXT() REPRESENTATION_CONTEXT('2D SPACE',''
  ) );
#9919 = PCURVE('',#3888,#9920);
#9920 = DEFINITIONAL_REPRESENTATION('',(#9921),#9925);
#9921 = LINE('',#9922,#9923);
#9922 = CARTESIAN_POINT('',(0.,1.61));
#9923 = VECTOR('',#9924,1.);
#9924 = DIRECTION('',(1.,0.));
#9925 = ( GEOMETRIC_REPRESENTATION_CONTEXT(2) 
PARAMETRIC_REPRESENTATION_CONTEXT() REPRESENTATION_CONTEXT('2D SPACE',''
  ) );
#9926 = FACE_BOUND('',#9927,.F.);
#9927 = EDGE_LOOP('',(#9928));
#9928 = ORIENTED_EDGE('',*,*,#9929,.T.);
#9929 = EDGE_CURVE('',#9930,#9930,#9932,.T.);
#9930 = VERTEX_POINT('',#9931);
#9931 = CARTESIAN_POINT('',(238.12,-149.46,1.6));
#9932 = SURFACE_CURVE('',#9933,(#9938,#9949),.PCURVE_S1.);
#9933 = CIRCLE('',#9934,0.5);
#9934 = AXIS2_PLACEMENT_3D('',#9935,#9936,#9937);
#9935 = CARTESIAN_POINT('',(237.62,-149.46,1.6));
#9936 = DIRECTION('',(0.,0.,1.));
#9937 = DIRECTION('',(1.,0.,-0.));
#9938 = PCURVE('',#90,#9939);
#9939 = DEFINITIONAL_REPRESENTATION('',(#9940),#9948);
#9940 = ( BOUNDED_CURVE() B_SPLINE_CURVE(2,(#9941,#9942,#9943,#9944,
#9945,#9946,#9947),.UNSPECIFIED.,.T.,.F.) B_SPLINE_CURVE_WITH_KNOTS((1,2
    ,2,2,2,1),(-2.094395102393,0.,2.094395102393,4.188790204786,
6.28318530718,8.377580409573),.UNSPECIFIED.) CURVE() 
GEOMETRIC_REPRESENTATION_ITEM() RATIONAL_B_SPLINE_CURVE((1.,0.5,1.,0.5,
1.,0.5,1.)) REPRESENTATION_ITEM('') );
#9941 = CARTESIAN_POINT('',(-40.62,30.54));
#9942 = CARTESIAN_POINT('',(-40.62,31.406025403784));
#9943 = CARTESIAN_POINT('',(-39.87,30.973012701892));
#9944 = CARTESIAN_POINT('',(-39.12,30.54));
#9945 = CARTESIAN_POINT('',(-39.87,30.106987298108));
#9946 = CARTESIAN_POINT('',(-40.62,29.673974596216));
#9947 = CARTESIAN_POINT('',(-40.62,30.54));
#9948 = ( GEOMETRIC_REPRESENTATION_CONTEXT(2) 
PARAMETRIC_REPRESENTATION_CONTEXT() REPRESENTATION_CONTEXT('2D SPACE',''
  ) );
#9949 = PCURVE('',#3923,#9950);
#9950 = DEFINITIONAL_REPRESENTATION('',(#9951),#9955);
#9951 = LINE('',#9952,#9953);
#9952 = CARTESIAN_POINT('',(0.,1.61));
#9953 = VECTOR('',#9954,1.);
#9954 = DIRECTION('',(1.,0.));
#9955 = ( GEOMETRIC_REPRESENTATION_CONTEXT(2) 
PARAMETRIC_REPRESENTATION_CONTEXT() REPRESENTATION_CONTEXT('2D SPACE',''
  ) );
#9956 = FACE_BOUND('',#9957,.F.);
#9957 = EDGE_LOOP('',(#9958));
#9958 = ORIENTED_EDGE('',*,*,#9959,.T.);
#9959 = EDGE_CURVE('',#9960,#9960,#9962,.T.);
#9960 = VERTEX_POINT('',#9961);
#9961 = CARTESIAN_POINT('',(235.58,-149.46,1.6));
#9962 = SURFACE_CURVE('',#9963,(#9968,#9979),.PCURVE_S1.);
#9963 = CIRCLE('',#9964,0.5);
#9964 = AXIS2_PLACEMENT_3D('',#9965,#9966,#9967);
#9965 = CARTESIAN_POINT('',(235.08,-149.46,1.6));
#9966 = DIRECTION('',(0.,0.,1.));
#9967 = DIRECTION('',(1.,0.,-0.));
#9968 = PCURVE('',#90,#9969);
#9969 = DEFINITIONAL_REPRESENTATION('',(#9970),#9978);
#9970 = ( BOUNDED_CURVE() B_SPLINE_CURVE(2,(#9971,#9972,#9973,#9974,
#9975,#9976,#9977),.UNSPECIFIED.,.T.,.F.) B_SPLINE_CURVE_WITH_KNOTS((1,2
    ,2,2,2,1),(-2.094395102393,0.,2.094395102393,4.188790204786,
6.28318530718,8.377580409573),.UNSPECIFIED.) CURVE() 
GEOMETRIC_REPRESENTATION_ITEM() RATIONAL_B_SPLINE_CURVE((1.,0.5,1.,0.5,
1.,0.5,1.)) REPRESENTATION_ITEM('') );
#9971 = CARTESIAN_POINT('',(-38.08,30.54));
#9972 = CARTESIAN_POINT('',(-38.08,31.406025403784));
#9973 = CARTESIAN_POINT('',(-37.33,30.973012701892));
#9974 = CARTESIAN_POINT('',(-36.58,30.54));
#9975 = CARTESIAN_POINT('',(-37.33,30.106987298108));
#9976 = CARTESIAN_POINT('',(-38.08,29.673974596216));
#9977 = CARTESIAN_POINT('',(-38.08,30.54));
#9978 = ( GEOMETRIC_REPRESENTATION_CONTEXT(2) 
PARAMETRIC_REPRESENTATION_CONTEXT() REPRESENTATION_CONTEXT('2D SPACE',''
  ) );
#9979 = PCURVE('',#3958,#9980);
#9980 = DEFINITIONAL_REPRESENTATION('',(#9981),#9985);
#9981 = LINE('',#9982,#9983);
#9982 = CARTESIAN_POINT('',(0.,1.61));
#9983 = VECTOR('',#9984,1.);
#9984 = DIRECTION('',(1.,0.));
#9985 = ( GEOMETRIC_REPRESENTATION_CONTEXT(2) 
PARAMETRIC_REPRESENTATION_CONTEXT() REPRESENTATION_CONTEXT('2D SPACE',''
  ) );
#9986 = FACE_BOUND('',#9987,.F.);
#9987 = EDGE_LOOP('',(#9988));
#9988 = ORIENTED_EDGE('',*,*,#9989,.T.);
#9989 = EDGE_CURVE('',#9990,#9990,#9992,.T.);
#9990 = VERTEX_POINT('',#9991);
#9991 = CARTESIAN_POINT('',(233.04,-149.46,1.6));
#9992 = SURFACE_CURVE('',#9993,(#9998,#10009),.PCURVE_S1.);
#9993 = CIRCLE('',#9994,0.5);
#9994 = AXIS2_PLACEMENT_3D('',#9995,#9996,#9997);
#9995 = CARTESIAN_POINT('',(232.54,-149.46,1.6));
#9996 = DIRECTION('',(0.,0.,1.));
#9997 = DIRECTION('',(1.,0.,-0.));
#9998 = PCURVE('',#90,#9999);
#9999 = DEFINITIONAL_REPRESENTATION('',(#10000),#10008);
#10000 = ( BOUNDED_CURVE() B_SPLINE_CURVE(2,(#10001,#10002,#10003,#10004
    ,#10005,#10006,#10007),.UNSPECIFIED.,.T.,.F.) 
B_SPLINE_CURVE_WITH_KNOTS((1,2,2,2,2,1),(-2.094395102393,0.,
    2.094395102393,4.188790204786,6.28318530718,8.377580409573),
.UNSPECIFIED.) CURVE() GEOMETRIC_REPRESENTATION_ITEM() 
RATIONAL_B_SPLINE_CURVE((1.,0.5,1.,0.5,1.,0.5,1.)) REPRESENTATION_ITEM(
  '') );
#10001 = CARTESIAN_POINT('',(-35.54,30.54));
#10002 = CARTESIAN_POINT('',(-35.54,31.406025403784));
#10003 = CARTESIAN_POINT('',(-34.79,30.973012701892));
#10004 = CARTESIAN_POINT('',(-34.04,30.54));
#10005 = CARTESIAN_POINT('',(-34.79,30.106987298108));
#10006 = CARTESIAN_POINT('',(-35.54,29.673974596216));
#10007 = CARTESIAN_POINT('',(-35.54,30.54));
#10008 = ( GEOMETRIC_REPRESENTATION_CONTEXT(2) 
PARAMETRIC_REPRESENTATION_CONTEXT() REPRESENTATION_CONTEXT('2D SPACE',''
  ) );
#10009 = PCURVE('',#3993,#10010);
#10010 = DEFINITIONAL_REPRESENTATION('',(#10011),#10015);
#10011 = LINE('',#10012,#10013);
#10012 = CARTESIAN_POINT('',(0.,1.61));
#10013 = VECTOR('',#10014,1.);
#10014 = DIRECTION('',(1.,0.));
#10015 = ( GEOMETRIC_REPRESENTATION_CONTEXT(2) 
PARAMETRIC_REPRESENTATION_CONTEXT() REPRESENTATION_CONTEXT('2D SPACE',''
  ) );
#10016 = FACE_BOUND('',#10017,.F.);
#10017 = EDGE_LOOP('',(#10018));
#10018 = ORIENTED_EDGE('',*,*,#10019,.T.);
#10019 = EDGE_CURVE('',#10020,#10020,#10022,.T.);
#10020 = VERTEX_POINT('',#10021);
#10021 = CARTESIAN_POINT('',(230.5,-149.46,1.6));
#10022 = SURFACE_CURVE('',#10023,(#10028,#10039),.PCURVE_S1.);
#10023 = CIRCLE('',#10024,0.5);
#10024 = AXIS2_PLACEMENT_3D('',#10025,#10026,#10027);
#10025 = CARTESIAN_POINT('',(230.,-149.46,1.6));
#10026 = DIRECTION('',(0.,0.,1.));
#10027 = DIRECTION('',(1.,0.,-0.));
#10028 = PCURVE('',#90,#10029);
#10029 = DEFINITIONAL_REPRESENTATION('',(#10030),#10038);
#10030 = ( BOUNDED_CURVE() B_SPLINE_CURVE(2,(#10031,#10032,#10033,#10034
    ,#10035,#10036,#10037),.UNSPECIFIED.,.T.,.F.) 
B_SPLINE_CURVE_WITH_KNOTS((1,2,2,2,2,1),(-2.094395102393,0.,
    2.094395102393,4.188790204786,6.28318530718,8.377580409573),
.UNSPECIFIED.) CURVE() GEOMETRIC_REPRESENTATION_ITEM() 
RATIONAL_B_SPLINE_CURVE((1.,0.5,1.,0.5,1.,0.5,1.)) REPRESENTATION_ITEM(
  '') );
#10031 = CARTESIAN_POINT('',(-33.,30.54));
#10032 = CARTESIAN_POINT('',(-33.,31.406025403784));
#10033 = CARTESIAN_POINT('',(-32.25,30.973012701892));
#10034 = CARTESIAN_POINT('',(-31.5,30.54));
#10035 = CARTESIAN_POINT('',(-32.25,30.106987298108));
#10036 = CARTESIAN_POINT('',(-33.,29.673974596216));
#10037 = CARTESIAN_POINT('',(-33.,30.54));
#10038 = ( GEOMETRIC_REPRESENTATION_CONTEXT(2) 
PARAMETRIC_REPRESENTATION_CONTEXT() REPRESENTATION_CONTEXT('2D SPACE',''
  ) );
#10039 = PCURVE('',#4028,#10040);
#10040 = DEFINITIONAL_REPRESENTATION('',(#10041),#10045);
#10041 = LINE('',#10042,#10043);
#10042 = CARTESIAN_POINT('',(0.,1.61));
#10043 = VECTOR('',#10044,1.);
#10044 = DIRECTION('',(1.,0.));
#10045 = ( GEOMETRIC_REPRESENTATION_CONTEXT(2) 
PARAMETRIC_REPRESENTATION_CONTEXT() REPRESENTATION_CONTEXT('2D SPACE',''
  ) );
#10046 = FACE_BOUND('',#10047,.F.);
#10047 = EDGE_LOOP('',(#10048));
#10048 = ORIENTED_EDGE('',*,*,#10049,.T.);
#10049 = EDGE_CURVE('',#10050,#10050,#10052,.T.);
#10050 = VERTEX_POINT('',#10051);
#10051 = CARTESIAN_POINT('',(284.45,-130.2,1.6));
#10052 = SURFACE_CURVE('',#10053,(#10058,#10069),.PCURVE_S1.);
#10053 = CIRCLE('',#10054,0.65);
#10054 = AXIS2_PLACEMENT_3D('',#10055,#10056,#10057);
#10055 = CARTESIAN_POINT('',(283.8,-130.2,1.6));
#10056 = DIRECTION('',(0.,0.,1.));
#10057 = DIRECTION('',(1.,0.,-0.));
#10058 = PCURVE('',#90,#10059);
#10059 = DEFINITIONAL_REPRESENTATION('',(#10060),#10068);
#10060 = ( BOUNDED_CURVE() B_SPLINE_CURVE(2,(#10061,#10062,#10063,#10064
    ,#10065,#10066,#10067),.UNSPECIFIED.,.T.,.F.) 
B_SPLINE_CURVE_WITH_KNOTS((1,2,2,2,2,1),(-2.094395102393,0.,
    2.094395102393,4.188790204786,6.28318530718,8.377580409573),
.UNSPECIFIED.) CURVE() GEOMETRIC_REPRESENTATION_ITEM() 
RATIONAL_B_SPLINE_CURVE((1.,0.5,1.,0.5,1.,0.5,1.)) REPRESENTATION_ITEM(
  '') );
#10061 = CARTESIAN_POINT('',(-86.95,49.8));
#10062 = CARTESIAN_POINT('',(-86.95,50.92583302492));
#10063 = CARTESIAN_POINT('',(-85.975,50.36291651246));
#10064 = CARTESIAN_POINT('',(-85.,49.8));
#10065 = CARTESIAN_POINT('',(-85.975,49.23708348754));
#10066 = CARTESIAN_POINT('',(-86.95,48.67416697508));
#10067 = CARTESIAN_POINT('',(-86.95,49.8));
#10068 = ( GEOMETRIC_REPRESENTATION_CONTEXT(2) 
PARAMETRIC_REPRESENTATION_CONTEXT() REPRESENTATION_CONTEXT('2D SPACE',''
  ) );
#10069 = PCURVE('',#4063,#10070);
#10070 = DEFINITIONAL_REPRESENTATION('',(#10071),#10075);
#10071 = LINE('',#10072,#10073);
#10072 = CARTESIAN_POINT('',(0.,1.61));
#10073 = VECTOR('',#10074,1.);
#10074 = DIRECTION('',(1.,0.));
#10075 = ( GEOMETRIC_REPRESENTATION_CONTEXT(2) 
PARAMETRIC_REPRESENTATION_CONTEXT() REPRESENTATION_CONTEXT('2D SPACE',''
  ) );
#10076 = FACE_BOUND('',#10077,.F.);
#10077 = EDGE_LOOP('',(#10078));
#10078 = ORIENTED_EDGE('',*,*,#10079,.T.);
#10079 = EDGE_CURVE('',#10080,#10080,#10082,.T.);
#10080 = VERTEX_POINT('',#10081);
#10081 = CARTESIAN_POINT('',(272.45,-130.2,1.6));
#10082 = SURFACE_CURVE('',#10083,(#10088,#10099),.PCURVE_S1.);
#10083 = CIRCLE('',#10084,0.65);
#10084 = AXIS2_PLACEMENT_3D('',#10085,#10086,#10087);
#10085 = CARTESIAN_POINT('',(271.8,-130.2,1.6));
#10086 = DIRECTION('',(0.,0.,1.));
#10087 = DIRECTION('',(1.,0.,-0.));
#10088 = PCURVE('',#90,#10089);
#10089 = DEFINITIONAL_REPRESENTATION('',(#10090),#10098);
#10090 = ( BOUNDED_CURVE() B_SPLINE_CURVE(2,(#10091,#10092,#10093,#10094
    ,#10095,#10096,#10097),.UNSPECIFIED.,.T.,.F.) 
B_SPLINE_CURVE_WITH_KNOTS((1,2,2,2,2,1),(-2.094395102393,0.,
    2.094395102393,4.188790204786,6.28318530718,8.377580409573),
.UNSPECIFIED.) CURVE() GEOMETRIC_REPRESENTATION_ITEM() 
RATIONAL_B_SPLINE_CURVE((1.,0.5,1.,0.5,1.,0.5,1.)) REPRESENTATION_ITEM(
  '') );
#10091 = CARTESIAN_POINT('',(-74.95,49.8));
#10092 = CARTESIAN_POINT('',(-74.95,50.92583302492));
#10093 = CARTESIAN_POINT('',(-73.975,50.36291651246));
#10094 = CARTESIAN_POINT('',(-73.,49.8));
#10095 = CARTESIAN_POINT('',(-73.975,49.23708348754));
#10096 = CARTESIAN_POINT('',(-74.95,48.67416697508));
#10097 = CARTESIAN_POINT('',(-74.95,49.8));
#10098 = ( GEOMETRIC_REPRESENTATION_CONTEXT(2) 
PARAMETRIC_REPRESENTATION_CONTEXT() REPRESENTATION_CONTEXT('2D SPACE',''
  ) );
#10099 = PCURVE('',#4098,#10100);
#10100 = DEFINITIONAL_REPRESENTATION('',(#10101),#10105);
#10101 = LINE('',#10102,#10103);
#10102 = CARTESIAN_POINT('',(0.,1.61));
#10103 = VECTOR('',#10104,1.);
#10104 = DIRECTION('',(1.,0.));
#10105 = ( GEOMETRIC_REPRESENTATION_CONTEXT(2) 
PARAMETRIC_REPRESENTATION_CONTEXT() REPRESENTATION_CONTEXT('2D SPACE',''
  ) );
#10106 = FACE_BOUND('',#10107,.F.);
#10107 = EDGE_LOOP('',(#10108));
#10108 = ORIENTED_EDGE('',*,*,#10109,.T.);
#10109 = EDGE_CURVE('',#10110,#10110,#10112,.T.);
#10110 = VERTEX_POINT('',#10111);
#10111 = CARTESIAN_POINT('',(261.45,-130.2,1.6));
#10112 = SURFACE_CURVE('',#10113,(#10118,#10129),.PCURVE_S1.);
#10113 = CIRCLE('',#10114,0.65);
#10114 = AXIS2_PLACEMENT_3D('',#10115,#10116,#10117);
#10115 = CARTESIAN_POINT('',(260.8,-130.2,1.6));
#10116 = DIRECTION('',(0.,0.,1.));
#10117 = DIRECTION('',(1.,0.,-0.));
#10118 = PCURVE('',#90,#10119);
#10119 = DEFINITIONAL_REPRESENTATION('',(#10120),#10128);
#10120 = ( BOUNDED_CURVE() B_SPLINE_CURVE(2,(#10121,#10122,#10123,#10124
    ,#10125,#10126,#10127),.UNSPECIFIED.,.T.,.F.) 
B_SPLINE_CURVE_WITH_KNOTS((1,2,2,2,2,1),(-2.094395102393,0.,
    2.094395102393,4.188790204786,6.28318530718,8.377580409573),
.UNSPECIFIED.) CURVE() GEOMETRIC_REPRESENTATION_ITEM() 
RATIONAL_B_SPLINE_CURVE((1.,0.5,1.,0.5,1.,0.5,1.)) REPRESENTATION_ITEM(
  '') );
#10121 = CARTESIAN_POINT('',(-63.95,49.8));
#10122 = CARTESIAN_POINT('',(-63.95,50.92583302492));
#10123 = CARTESIAN_POINT('',(-62.975,50.36291651246));
#10124 = CARTESIAN_POINT('',(-62.,49.8));
#10125 = CARTESIAN_POINT('',(-62.975,49.23708348754));
#10126 = CARTESIAN_POINT('',(-63.95,48.67416697508));
#10127 = CARTESIAN_POINT('',(-63.95,49.8));
#10128 = ( GEOMETRIC_REPRESENTATION_CONTEXT(2) 
PARAMETRIC_REPRESENTATION_CONTEXT() REPRESENTATION_CONTEXT('2D SPACE',''
  ) );
#10129 = PCURVE('',#4133,#10130);
#10130 = DEFINITIONAL_REPRESENTATION('',(#10131),#10135);
#10131 = LINE('',#10132,#10133);
#10132 = CARTESIAN_POINT('',(0.,1.61));
#10133 = VECTOR('',#10134,1.);
#10134 = DIRECTION('',(1.,0.));
#10135 = ( GEOMETRIC_REPRESENTATION_CONTEXT(2) 
PARAMETRIC_REPRESENTATION_CONTEXT() REPRESENTATION_CONTEXT('2D SPACE',''
  ) );
#10136 = FACE_BOUND('',#10137,.F.);
#10137 = EDGE_LOOP('',(#10138));
#10138 = ORIENTED_EDGE('',*,*,#10139,.T.);
#10139 = EDGE_CURVE('',#10140,#10140,#10142,.T.);
#10140 = VERTEX_POINT('',#10141);
#10141 = CARTESIAN_POINT('',(249.45,-130.2,1.6));
#10142 = SURFACE_CURVE('',#10143,(#10148,#10159),.PCURVE_S1.);
#10143 = CIRCLE('',#10144,0.65);
#10144 = AXIS2_PLACEMENT_3D('',#10145,#10146,#10147);
#10145 = CARTESIAN_POINT('',(248.8,-130.2,1.6));
#10146 = DIRECTION('',(0.,0.,1.));
#10147 = DIRECTION('',(1.,0.,-0.));
#10148 = PCURVE('',#90,#10149);
#10149 = DEFINITIONAL_REPRESENTATION('',(#10150),#10158);
#10150 = ( BOUNDED_CURVE() B_SPLINE_CURVE(2,(#10151,#10152,#10153,#10154
    ,#10155,#10156,#10157),.UNSPECIFIED.,.T.,.F.) 
B_SPLINE_CURVE_WITH_KNOTS((1,2,2,2,2,1),(-2.094395102393,0.,
    2.094395102393,4.188790204786,6.28318530718,8.377580409573),
.UNSPECIFIED.) CURVE() GEOMETRIC_REPRESENTATION_ITEM() 
RATIONAL_B_SPLINE_CURVE((1.,0.5,1.,0.5,1.,0.5,1.)) REPRESENTATION_ITEM(
  '') );
#10151 = CARTESIAN_POINT('',(-51.95,49.8));
#10152 = CARTESIAN_POINT('',(-51.95,50.92583302492));
#10153 = CARTESIAN_POINT('',(-50.975,50.36291651246));
#10154 = CARTESIAN_POINT('',(-50.,49.8));
#10155 = CARTESIAN_POINT('',(-50.975,49.23708348754));
#10156 = CARTESIAN_POINT('',(-51.95,48.67416697508));
#10157 = CARTESIAN_POINT('',(-51.95,49.8));
#10158 = ( GEOMETRIC_REPRESENTATION_CONTEXT(2) 
PARAMETRIC_REPRESENTATION_CONTEXT() REPRESENTATION_CONTEXT('2D SPACE',''
  ) );
#10159 = PCURVE('',#4168,#10160);
#10160 = DEFINITIONAL_REPRESENTATION('',(#10161),#10165);
#10161 = LINE('',#10162,#10163);
#10162 = CARTESIAN_POINT('',(0.,1.61));
#10163 = VECTOR('',#10164,1.);
#10164 = DIRECTION('',(1.,0.));
#10165 = ( GEOMETRIC_REPRESENTATION_CONTEXT(2) 
PARAMETRIC_REPRESENTATION_CONTEXT() REPRESENTATION_CONTEXT('2D SPACE',''
  ) );
#10166 = FACE_BOUND('',#10167,.F.);
#10167 = EDGE_LOOP('',(#10168));
#10168 = ORIENTED_EDGE('',*,*,#10169,.T.);
#10169 = EDGE_CURVE('',#10170,#10170,#10172,.T.);
#10170 = VERTEX_POINT('',#10171);
#10171 = CARTESIAN_POINT('',(284.45,-118.,1.6));
#10172 = SURFACE_CURVE('',#10173,(#10178,#10189),.PCURVE_S1.);
#10173 = CIRCLE('',#10174,0.65);
#10174 = AXIS2_PLACEMENT_3D('',#10175,#10176,#10177);
#10175 = CARTESIAN_POINT('',(283.8,-118.,1.6));
#10176 = DIRECTION('',(0.,0.,1.));
#10177 = DIRECTION('',(1.,0.,-0.));
#10178 = PCURVE('',#90,#10179);
#10179 = DEFINITIONAL_REPRESENTATION('',(#10180),#10188);
#10180 = ( BOUNDED_CURVE() B_SPLINE_CURVE(2,(#10181,#10182,#10183,#10184
    ,#10185,#10186,#10187),.UNSPECIFIED.,.T.,.F.) 
B_SPLINE_CURVE_WITH_KNOTS((1,2,2,2,2,1),(-2.094395102393,0.,
    2.094395102393,4.188790204786,6.28318530718,8.377580409573),
.UNSPECIFIED.) CURVE() GEOMETRIC_REPRESENTATION_ITEM() 
RATIONAL_B_SPLINE_CURVE((1.,0.5,1.,0.5,1.,0.5,1.)) REPRESENTATION_ITEM(
  '') );
#10181 = CARTESIAN_POINT('',(-86.95,62.));
#10182 = CARTESIAN_POINT('',(-86.95,63.12583302492));
#10183 = CARTESIAN_POINT('',(-85.975,62.56291651246));
#10184 = CARTESIAN_POINT('',(-85.,62.));
#10185 = CARTESIAN_POINT('',(-85.975,61.43708348754));
#10186 = CARTESIAN_POINT('',(-86.95,60.87416697508));
#10187 = CARTESIAN_POINT('',(-86.95,62.));
#10188 = ( GEOMETRIC_REPRESENTATION_CONTEXT(2) 
PARAMETRIC_REPRESENTATION_CONTEXT() REPRESENTATION_CONTEXT('2D SPACE',''
  ) );
#10189 = PCURVE('',#4203,#10190);
#10190 = DEFINITIONAL_REPRESENTATION('',(#10191),#10195);
#10191 = LINE('',#10192,#10193);
#10192 = CARTESIAN_POINT('',(0.,1.61));
#10193 = VECTOR('',#10194,1.);
#10194 = DIRECTION('',(1.,0.));
#10195 = ( GEOMETRIC_REPRESENTATION_CONTEXT(2) 
PARAMETRIC_REPRESENTATION_CONTEXT() REPRESENTATION_CONTEXT('2D SPACE',''
  ) );
#10196 = FACE_BOUND('',#10197,.F.);
#10197 = EDGE_LOOP('',(#10198));
#10198 = ORIENTED_EDGE('',*,*,#10199,.T.);
#10199 = EDGE_CURVE('',#10200,#10200,#10202,.T.);
#10200 = VERTEX_POINT('',#10201);
#10201 = CARTESIAN_POINT('',(272.45,-118.,1.6));
#10202 = SURFACE_CURVE('',#10203,(#10208,#10219),.PCURVE_S1.);
#10203 = CIRCLE('',#10204,0.65);
#10204 = AXIS2_PLACEMENT_3D('',#10205,#10206,#10207);
#10205 = CARTESIAN_POINT('',(271.8,-118.,1.6));
#10206 = DIRECTION('',(0.,0.,1.));
#10207 = DIRECTION('',(1.,0.,-0.));
#10208 = PCURVE('',#90,#10209);
#10209 = DEFINITIONAL_REPRESENTATION('',(#10210),#10218);
#10210 = ( BOUNDED_CURVE() B_SPLINE_CURVE(2,(#10211,#10212,#10213,#10214
    ,#10215,#10216,#10217),.UNSPECIFIED.,.T.,.F.) 
B_SPLINE_CURVE_WITH_KNOTS((1,2,2,2,2,1),(-2.094395102393,0.,
    2.094395102393,4.188790204786,6.28318530718,8.377580409573),
.UNSPECIFIED.) CURVE() GEOMETRIC_REPRESENTATION_ITEM() 
RATIONAL_B_SPLINE_CURVE((1.,0.5,1.,0.5,1.,0.5,1.)) REPRESENTATION_ITEM(
  '') );
#10211 = CARTESIAN_POINT('',(-74.95,62.));
#10212 = CARTESIAN_POINT('',(-74.95,63.12583302492));
#10213 = CARTESIAN_POINT('',(-73.975,62.56291651246));
#10214 = CARTESIAN_POINT('',(-73.,62.));
#10215 = CARTESIAN_POINT('',(-73.975,61.43708348754));
#10216 = CARTESIAN_POINT('',(-74.95,60.87416697508));
#10217 = CARTESIAN_POINT('',(-74.95,62.));
#10218 = ( GEOMETRIC_REPRESENTATION_CONTEXT(2) 
PARAMETRIC_REPRESENTATION_CONTEXT() REPRESENTATION_CONTEXT('2D SPACE',''
  ) );
#10219 = PCURVE('',#4238,#10220);
#10220 = DEFINITIONAL_REPRESENTATION('',(#10221),#10225);
#10221 = LINE('',#10222,#10223);
#10222 = CARTESIAN_POINT('',(0.,1.61));
#10223 = VECTOR('',#10224,1.);
#10224 = DIRECTION('',(1.,0.));
#10225 = ( GEOMETRIC_REPRESENTATION_CONTEXT(2) 
PARAMETRIC_REPRESENTATION_CONTEXT() REPRESENTATION_CONTEXT('2D SPACE',''
  ) );
#10226 = FACE_BOUND('',#10227,.F.);
#10227 = EDGE_LOOP('',(#10228));
#10228 = ORIENTED_EDGE('',*,*,#10229,.T.);
#10229 = EDGE_CURVE('',#10230,#10230,#10232,.T.);
#10230 = VERTEX_POINT('',#10231);
#10231 = CARTESIAN_POINT('',(278.45,-116.,1.6));
#10232 = SURFACE_CURVE('',#10233,(#10238,#10249),.PCURVE_S1.);
#10233 = CIRCLE('',#10234,0.65);
#10234 = AXIS2_PLACEMENT_3D('',#10235,#10236,#10237);
#10235 = CARTESIAN_POINT('',(277.8,-116.,1.6));
#10236 = DIRECTION('',(0.,0.,1.));
#10237 = DIRECTION('',(1.,0.,-0.));
#10238 = PCURVE('',#90,#10239);
#10239 = DEFINITIONAL_REPRESENTATION('',(#10240),#10248);
#10240 = ( BOUNDED_CURVE() B_SPLINE_CURVE(2,(#10241,#10242,#10243,#10244
    ,#10245,#10246,#10247),.UNSPECIFIED.,.T.,.F.) 
B_SPLINE_CURVE_WITH_KNOTS((1,2,2,2,2,1),(-2.094395102393,0.,
    2.094395102393,4.188790204786,6.28318530718,8.377580409573),
.UNSPECIFIED.) CURVE() GEOMETRIC_REPRESENTATION_ITEM() 
RATIONAL_B_SPLINE_CURVE((1.,0.5,1.,0.5,1.,0.5,1.)) REPRESENTATION_ITEM(
  '') );
#10241 = CARTESIAN_POINT('',(-80.95,64.));
#10242 = CARTESIAN_POINT('',(-80.95,65.12583302492));
#10243 = CARTESIAN_POINT('',(-79.975,64.56291651246));
#10244 = CARTESIAN_POINT('',(-79.,64.));
#10245 = CARTESIAN_POINT('',(-79.975,63.43708348754));
#10246 = CARTESIAN_POINT('',(-80.95,62.87416697508));
#10247 = CARTESIAN_POINT('',(-80.95,64.));
#10248 = ( GEOMETRIC_REPRESENTATION_CONTEXT(2) 
PARAMETRIC_REPRESENTATION_CONTEXT() REPRESENTATION_CONTEXT('2D SPACE',''
  ) );
#10249 = PCURVE('',#4273,#10250);
#10250 = DEFINITIONAL_REPRESENTATION('',(#10251),#10255);
#10251 = LINE('',#10252,#10253);
#10252 = CARTESIAN_POINT('',(0.,1.61));
#10253 = VECTOR('',#10254,1.);
#10254 = DIRECTION('',(1.,0.));
#10255 = ( GEOMETRIC_REPRESENTATION_CONTEXT(2) 
PARAMETRIC_REPRESENTATION_CONTEXT() REPRESENTATION_CONTEXT('2D SPACE',''
  ) );
#10256 = FACE_BOUND('',#10257,.F.);
#10257 = EDGE_LOOP('',(#10258));
#10258 = ORIENTED_EDGE('',*,*,#10259,.T.);
#10259 = EDGE_CURVE('',#10260,#10260,#10262,.T.);
#10260 = VERTEX_POINT('',#10261);
#10261 = CARTESIAN_POINT('',(283.58,-110.53,1.6));
#10262 = SURFACE_CURVE('',#10263,(#10268,#10279),.PCURVE_S1.);
#10263 = CIRCLE('',#10264,0.7);
#10264 = AXIS2_PLACEMENT_3D('',#10265,#10266,#10267);
#10265 = CARTESIAN_POINT('',(282.88,-110.53,1.6));
#10266 = DIRECTION('',(0.,0.,1.));
#10267 = DIRECTION('',(1.,0.,-0.));
#10268 = PCURVE('',#90,#10269);
#10269 = DEFINITIONAL_REPRESENTATION('',(#10270),#10278);
#10270 = ( BOUNDED_CURVE() B_SPLINE_CURVE(2,(#10271,#10272,#10273,#10274
    ,#10275,#10276,#10277),.UNSPECIFIED.,.T.,.F.) 
B_SPLINE_CURVE_WITH_KNOTS((1,2,2,2,2,1),(-2.094395102393,0.,
    2.094395102393,4.188790204786,6.28318530718,8.377580409573),
.UNSPECIFIED.) CURVE() GEOMETRIC_REPRESENTATION_ITEM() 
RATIONAL_B_SPLINE_CURVE((1.,0.5,1.,0.5,1.,0.5,1.)) REPRESENTATION_ITEM(
  '') );
#10271 = CARTESIAN_POINT('',(-86.08,69.47));
#10272 = CARTESIAN_POINT('',(-86.08,70.682435565298));
#10273 = CARTESIAN_POINT('',(-85.03,70.076217782649));
#10274 = CARTESIAN_POINT('',(-83.98,69.47));
#10275 = CARTESIAN_POINT('',(-85.03,68.863782217351));
#10276 = CARTESIAN_POINT('',(-86.08,68.257564434702));
#10277 = CARTESIAN_POINT('',(-86.08,69.47));
#10278 = ( GEOMETRIC_REPRESENTATION_CONTEXT(2) 
PARAMETRIC_REPRESENTATION_CONTEXT() REPRESENTATION_CONTEXT('2D SPACE',''
  ) );
#10279 = PCURVE('',#4308,#10280);
#10280 = DEFINITIONAL_REPRESENTATION('',(#10281),#10285);
#10281 = LINE('',#10282,#10283);
#10282 = CARTESIAN_POINT('',(0.,1.61));
#10283 = VECTOR('',#10284,1.);
#10284 = DIRECTION('',(1.,0.));
#10285 = ( GEOMETRIC_REPRESENTATION_CONTEXT(2) 
PARAMETRIC_REPRESENTATION_CONTEXT() REPRESENTATION_CONTEXT('2D SPACE',''
  ) );
#10286 = FACE_BOUND('',#10287,.F.);
#10287 = EDGE_LOOP('',(#10288));
#10288 = ORIENTED_EDGE('',*,*,#10289,.T.);
#10289 = EDGE_CURVE('',#10290,#10290,#10292,.T.);
#10290 = VERTEX_POINT('',#10291);
#10291 = CARTESIAN_POINT('',(293.1,-103.5,1.6));
#10292 = SURFACE_CURVE('',#10293,(#10298,#10309),.PCURVE_S1.);
#10293 = CIRCLE('',#10294,1.6);
#10294 = AXIS2_PLACEMENT_3D('',#10295,#10296,#10297);
#10295 = CARTESIAN_POINT('',(291.5,-103.5,1.6));
#10296 = DIRECTION('',(0.,0.,1.));
#10297 = DIRECTION('',(1.,0.,-0.));
#10298 = PCURVE('',#90,#10299);
#10299 = DEFINITIONAL_REPRESENTATION('',(#10300),#10308);
#10300 = ( BOUNDED_CURVE() B_SPLINE_CURVE(2,(#10301,#10302,#10303,#10304
    ,#10305,#10306,#10307),.UNSPECIFIED.,.T.,.F.) 
B_SPLINE_CURVE_WITH_KNOTS((1,2,2,2,2,1),(-2.094395102393,0.,
    2.094395102393,4.188790204786,6.28318530718,8.377580409573),
.UNSPECIFIED.) CURVE() GEOMETRIC_REPRESENTATION_ITEM() 
RATIONAL_B_SPLINE_CURVE((1.,0.5,1.,0.5,1.,0.5,1.)) REPRESENTATION_ITEM(
  '') );
#10301 = CARTESIAN_POINT('',(-95.6,76.5));
#10302 = CARTESIAN_POINT('',(-95.6,79.27128129211));
#10303 = CARTESIAN_POINT('',(-93.2,77.885640646055));
#10304 = CARTESIAN_POINT('',(-90.8,76.5));
#10305 = CARTESIAN_POINT('',(-93.2,75.114359353945));
#10306 = CARTESIAN_POINT('',(-95.6,73.72871870789));
#10307 = CARTESIAN_POINT('',(-95.6,76.5));
#10308 = ( GEOMETRIC_REPRESENTATION_CONTEXT(2) 
PARAMETRIC_REPRESENTATION_CONTEXT() REPRESENTATION_CONTEXT('2D SPACE',''
  ) );
#10309 = PCURVE('',#4343,#10310);
#10310 = DEFINITIONAL_REPRESENTATION('',(#10311),#10315);
#10311 = LINE('',#10312,#10313);
#10312 = CARTESIAN_POINT('',(0.,1.61));
#10313 = VECTOR('',#10314,1.);
#10314 = DIRECTION('',(1.,0.));
#10315 = ( GEOMETRIC_REPRESENTATION_CONTEXT(2) 
PARAMETRIC_REPRESENTATION_CONTEXT() REPRESENTATION_CONTEXT('2D SPACE',''
  ) );
#10316 = FACE_BOUND('',#10317,.F.);
#10317 = EDGE_LOOP('',(#10318));
#10318 = ORIENTED_EDGE('',*,*,#10319,.T.);
#10319 = EDGE_CURVE('',#10320,#10320,#10322,.T.);
#10320 = VERTEX_POINT('',#10321);
#10321 = CARTESIAN_POINT('',(278.5,-110.53,1.6));
#10322 = SURFACE_CURVE('',#10323,(#10328,#10339),.PCURVE_S1.);
#10323 = CIRCLE('',#10324,0.7);
#10324 = AXIS2_PLACEMENT_3D('',#10325,#10326,#10327);
#10325 = CARTESIAN_POINT('',(277.8,-110.53,1.6));
#10326 = DIRECTION('',(0.,0.,1.));
#10327 = DIRECTION('',(1.,0.,-0.));
#10328 = PCURVE('',#90,#10329);
#10329 = DEFINITIONAL_REPRESENTATION('',(#10330),#10338);
#10330 = ( BOUNDED_CURVE() B_SPLINE_CURVE(2,(#10331,#10332,#10333,#10334
    ,#10335,#10336,#10337),.UNSPECIFIED.,.T.,.F.) 
B_SPLINE_CURVE_WITH_KNOTS((1,2,2,2,2,1),(-2.094395102393,0.,
    2.094395102393,4.188790204786,6.28318530718,8.377580409573),
.UNSPECIFIED.) CURVE() GEOMETRIC_REPRESENTATION_ITEM() 
RATIONAL_B_SPLINE_CURVE((1.,0.5,1.,0.5,1.,0.5,1.)) REPRESENTATION_ITEM(
  '') );
#10331 = CARTESIAN_POINT('',(-81.,69.47));
#10332 = CARTESIAN_POINT('',(-81.,70.682435565298));
#10333 = CARTESIAN_POINT('',(-79.95,70.076217782649));
#10334 = CARTESIAN_POINT('',(-78.9,69.47));
#10335 = CARTESIAN_POINT('',(-79.95,68.863782217351));
#10336 = CARTESIAN_POINT('',(-81.,68.257564434702));
#10337 = CARTESIAN_POINT('',(-81.,69.47));
#10338 = ( GEOMETRIC_REPRESENTATION_CONTEXT(2) 
PARAMETRIC_REPRESENTATION_CONTEXT() REPRESENTATION_CONTEXT('2D SPACE',''
  ) );
#10339 = PCURVE('',#4378,#10340);
#10340 = DEFINITIONAL_REPRESENTATION('',(#10341),#10345);
#10341 = LINE('',#10342,#10343);
#10342 = CARTESIAN_POINT('',(0.,1.61));
#10343 = VECTOR('',#10344,1.);
#10344 = DIRECTION('',(1.,0.));
#10345 = ( GEOMETRIC_REPRESENTATION_CONTEXT(2) 
PARAMETRIC_REPRESENTATION_CONTEXT() REPRESENTATION_CONTEXT('2D SPACE',''
  ) );
#10346 = FACE_BOUND('',#10347,.F.);
#10347 = EDGE_LOOP('',(#10348));
#10348 = ORIENTED_EDGE('',*,*,#10349,.T.);
#10349 = EDGE_CURVE('',#10350,#10350,#10352,.T.);
#10350 = VERTEX_POINT('',#10351);
#10351 = CARTESIAN_POINT('',(273.42,-110.53,1.6));
#10352 = SURFACE_CURVE('',#10353,(#10358,#10369),.PCURVE_S1.);
#10353 = CIRCLE('',#10354,0.7);
#10354 = AXIS2_PLACEMENT_3D('',#10355,#10356,#10357);
#10355 = CARTESIAN_POINT('',(272.72,-110.53,1.6));
#10356 = DIRECTION('',(0.,0.,1.));
#10357 = DIRECTION('',(1.,0.,-0.));
#10358 = PCURVE('',#90,#10359);
#10359 = DEFINITIONAL_REPRESENTATION('',(#10360),#10368);
#10360 = ( BOUNDED_CURVE() B_SPLINE_CURVE(2,(#10361,#10362,#10363,#10364
    ,#10365,#10366,#10367),.UNSPECIFIED.,.T.,.F.) 
B_SPLINE_CURVE_WITH_KNOTS((1,2,2,2,2,1),(-2.094395102393,0.,
    2.094395102393,4.188790204786,6.28318530718,8.377580409573),
.UNSPECIFIED.) CURVE() GEOMETRIC_REPRESENTATION_ITEM() 
RATIONAL_B_SPLINE_CURVE((1.,0.5,1.,0.5,1.,0.5,1.)) REPRESENTATION_ITEM(
  '') );
#10361 = CARTESIAN_POINT('',(-75.92,69.47));
#10362 = CARTESIAN_POINT('',(-75.92,70.682435565298));
#10363 = CARTESIAN_POINT('',(-74.87,70.076217782649));
#10364 = CARTESIAN_POINT('',(-73.82,69.47));
#10365 = CARTESIAN_POINT('',(-74.87,68.863782217351));
#10366 = CARTESIAN_POINT('',(-75.92,68.257564434702));
#10367 = CARTESIAN_POINT('',(-75.92,69.47));
#10368 = ( GEOMETRIC_REPRESENTATION_CONTEXT(2) 
PARAMETRIC_REPRESENTATION_CONTEXT() REPRESENTATION_CONTEXT('2D SPACE',''
  ) );
#10369 = PCURVE('',#4413,#10370);
#10370 = DEFINITIONAL_REPRESENTATION('',(#10371),#10375);
#10371 = LINE('',#10372,#10373);
#10372 = CARTESIAN_POINT('',(0.,1.61));
#10373 = VECTOR('',#10374,1.);
#10374 = DIRECTION('',(1.,0.));
#10375 = ( GEOMETRIC_REPRESENTATION_CONTEXT(2) 
PARAMETRIC_REPRESENTATION_CONTEXT() REPRESENTATION_CONTEXT('2D SPACE',''
  ) );
#10376 = FACE_BOUND('',#10377,.F.);
#10377 = EDGE_LOOP('',(#10378));
#10378 = ORIENTED_EDGE('',*,*,#10379,.T.);
#10379 = EDGE_CURVE('',#10380,#10380,#10382,.T.);
#10380 = VERTEX_POINT('',#10381);
#10381 = CARTESIAN_POINT('',(261.45,-118.,1.6));
#10382 = SURFACE_CURVE('',#10383,(#10388,#10399),.PCURVE_S1.);
#10383 = CIRCLE('',#10384,0.65);
#10384 = AXIS2_PLACEMENT_3D('',#10385,#10386,#10387);
#10385 = CARTESIAN_POINT('',(260.8,-118.,1.6));
#10386 = DIRECTION('',(0.,0.,1.));
#10387 = DIRECTION('',(1.,0.,-0.));
#10388 = PCURVE('',#90,#10389);
#10389 = DEFINITIONAL_REPRESENTATION('',(#10390),#10398);
#10390 = ( BOUNDED_CURVE() B_SPLINE_CURVE(2,(#10391,#10392,#10393,#10394
    ,#10395,#10396,#10397),.UNSPECIFIED.,.T.,.F.) 
B_SPLINE_CURVE_WITH_KNOTS((1,2,2,2,2,1),(-2.094395102393,0.,
    2.094395102393,4.188790204786,6.28318530718,8.377580409573),
.UNSPECIFIED.) CURVE() GEOMETRIC_REPRESENTATION_ITEM() 
RATIONAL_B_SPLINE_CURVE((1.,0.5,1.,0.5,1.,0.5,1.)) REPRESENTATION_ITEM(
  '') );
#10391 = CARTESIAN_POINT('',(-63.95,62.));
#10392 = CARTESIAN_POINT('',(-63.95,63.12583302492));
#10393 = CARTESIAN_POINT('',(-62.975,62.56291651246));
#10394 = CARTESIAN_POINT('',(-62.,62.));
#10395 = CARTESIAN_POINT('',(-62.975,61.43708348754));
#10396 = CARTESIAN_POINT('',(-63.95,60.87416697508));
#10397 = CARTESIAN_POINT('',(-63.95,62.));
#10398 = ( GEOMETRIC_REPRESENTATION_CONTEXT(2) 
PARAMETRIC_REPRESENTATION_CONTEXT() REPRESENTATION_CONTEXT('2D SPACE',''
  ) );
#10399 = PCURVE('',#4448,#10400);
#10400 = DEFINITIONAL_REPRESENTATION('',(#10401),#10405);
#10401 = LINE('',#10402,#10403);
#10402 = CARTESIAN_POINT('',(0.,1.61));
#10403 = VECTOR('',#10404,1.);
#10404 = DIRECTION('',(1.,0.));
#10405 = ( GEOMETRIC_REPRESENTATION_CONTEXT(2) 
PARAMETRIC_REPRESENTATION_CONTEXT() REPRESENTATION_CONTEXT('2D SPACE',''
  ) );
#10406 = FACE_BOUND('',#10407,.F.);
#10407 = EDGE_LOOP('',(#10408));
#10408 = ORIENTED_EDGE('',*,*,#10409,.T.);
#10409 = EDGE_CURVE('',#10410,#10410,#10412,.T.);
#10410 = VERTEX_POINT('',#10411);
#10411 = CARTESIAN_POINT('',(249.45,-118.,1.6));
#10412 = SURFACE_CURVE('',#10413,(#10418,#10429),.PCURVE_S1.);
#10413 = CIRCLE('',#10414,0.65);
#10414 = AXIS2_PLACEMENT_3D('',#10415,#10416,#10417);
#10415 = CARTESIAN_POINT('',(248.8,-118.,1.6));
#10416 = DIRECTION('',(0.,0.,1.));
#10417 = DIRECTION('',(1.,0.,-0.));
#10418 = PCURVE('',#90,#10419);
#10419 = DEFINITIONAL_REPRESENTATION('',(#10420),#10428);
#10420 = ( BOUNDED_CURVE() B_SPLINE_CURVE(2,(#10421,#10422,#10423,#10424
    ,#10425,#10426,#10427),.UNSPECIFIED.,.T.,.F.) 
B_SPLINE_CURVE_WITH_KNOTS((1,2,2,2,2,1),(-2.094395102393,0.,
    2.094395102393,4.188790204786,6.28318530718,8.377580409573),
.UNSPECIFIED.) CURVE() GEOMETRIC_REPRESENTATION_ITEM() 
RATIONAL_B_SPLINE_CURVE((1.,0.5,1.,0.5,1.,0.5,1.)) REPRESENTATION_ITEM(
  '') );
#10421 = CARTESIAN_POINT('',(-51.95,62.));
#10422 = CARTESIAN_POINT('',(-51.95,63.12583302492));
#10423 = CARTESIAN_POINT('',(-50.975,62.56291651246));
#10424 = CARTESIAN_POINT('',(-50.,62.));
#10425 = CARTESIAN_POINT('',(-50.975,61.43708348754));
#10426 = CARTESIAN_POINT('',(-51.95,60.87416697508));
#10427 = CARTESIAN_POINT('',(-51.95,62.));
#10428 = ( GEOMETRIC_REPRESENTATION_CONTEXT(2) 
PARAMETRIC_REPRESENTATION_CONTEXT() REPRESENTATION_CONTEXT('2D SPACE',''
  ) );
#10429 = PCURVE('',#4483,#10430);
#10430 = DEFINITIONAL_REPRESENTATION('',(#10431),#10435);
#10431 = LINE('',#10432,#10433);
#10432 = CARTESIAN_POINT('',(0.,1.61));
#10433 = VECTOR('',#10434,1.);
#10434 = DIRECTION('',(1.,0.));
#10435 = ( GEOMETRIC_REPRESENTATION_CONTEXT(2) 
PARAMETRIC_REPRESENTATION_CONTEXT() REPRESENTATION_CONTEXT('2D SPACE',''
  ) );
#10436 = FACE_BOUND('',#10437,.F.);
#10437 = EDGE_LOOP('',(#10438));
#10438 = ORIENTED_EDGE('',*,*,#10439,.T.);
#10439 = EDGE_CURVE('',#10440,#10440,#10442,.T.);
#10440 = VERTEX_POINT('',#10441);
#10441 = CARTESIAN_POINT('',(255.45,-116.,1.6));
#10442 = SURFACE_CURVE('',#10443,(#10448,#10459),.PCURVE_S1.);
#10443 = CIRCLE('',#10444,0.65);
#10444 = AXIS2_PLACEMENT_3D('',#10445,#10446,#10447);
#10445 = CARTESIAN_POINT('',(254.8,-116.,1.6));
#10446 = DIRECTION('',(0.,0.,1.));
#10447 = DIRECTION('',(1.,0.,-0.));
#10448 = PCURVE('',#90,#10449);
#10449 = DEFINITIONAL_REPRESENTATION('',(#10450),#10458);
#10450 = ( BOUNDED_CURVE() B_SPLINE_CURVE(2,(#10451,#10452,#10453,#10454
    ,#10455,#10456,#10457),.UNSPECIFIED.,.T.,.F.) 
B_SPLINE_CURVE_WITH_KNOTS((1,2,2,2,2,1),(-2.094395102393,0.,
    2.094395102393,4.188790204786,6.28318530718,8.377580409573),
.UNSPECIFIED.) CURVE() GEOMETRIC_REPRESENTATION_ITEM() 
RATIONAL_B_SPLINE_CURVE((1.,0.5,1.,0.5,1.,0.5,1.)) REPRESENTATION_ITEM(
  '') );
#10451 = CARTESIAN_POINT('',(-57.95,64.));
#10452 = CARTESIAN_POINT('',(-57.95,65.12583302492));
#10453 = CARTESIAN_POINT('',(-56.975,64.56291651246));
#10454 = CARTESIAN_POINT('',(-56.,64.));
#10455 = CARTESIAN_POINT('',(-56.975,63.43708348754));
#10456 = CARTESIAN_POINT('',(-57.95,62.87416697508));
#10457 = CARTESIAN_POINT('',(-57.95,64.));
#10458 = ( GEOMETRIC_REPRESENTATION_CONTEXT(2) 
PARAMETRIC_REPRESENTATION_CONTEXT() REPRESENTATION_CONTEXT('2D SPACE',''
  ) );
#10459 = PCURVE('',#4518,#10460);
#10460 = DEFINITIONAL_REPRESENTATION('',(#10461),#10465);
#10461 = LINE('',#10462,#10463);
#10462 = CARTESIAN_POINT('',(0.,1.61));
#10463 = VECTOR('',#10464,1.);
#10464 = DIRECTION('',(1.,0.));
#10465 = ( GEOMETRIC_REPRESENTATION_CONTEXT(2) 
PARAMETRIC_REPRESENTATION_CONTEXT() REPRESENTATION_CONTEXT('2D SPACE',''
  ) );
#10466 = FACE_BOUND('',#10467,.F.);
#10467 = EDGE_LOOP('',(#10468));
#10468 = ORIENTED_EDGE('',*,*,#10469,.T.);
#10469 = EDGE_CURVE('',#10470,#10470,#10472,.T.);
#10470 = VERTEX_POINT('',#10471);
#10471 = CARTESIAN_POINT('',(260.58,-110.53,1.6));
#10472 = SURFACE_CURVE('',#10473,(#10478,#10489),.PCURVE_S1.);
#10473 = CIRCLE('',#10474,0.7);
#10474 = AXIS2_PLACEMENT_3D('',#10475,#10476,#10477);
#10475 = CARTESIAN_POINT('',(259.88,-110.53,1.6));
#10476 = DIRECTION('',(0.,0.,1.));
#10477 = DIRECTION('',(1.,0.,-0.));
#10478 = PCURVE('',#90,#10479);
#10479 = DEFINITIONAL_REPRESENTATION('',(#10480),#10488);
#10480 = ( BOUNDED_CURVE() B_SPLINE_CURVE(2,(#10481,#10482,#10483,#10484
    ,#10485,#10486,#10487),.UNSPECIFIED.,.T.,.F.) 
B_SPLINE_CURVE_WITH_KNOTS((1,2,2,2,2,1),(-2.094395102393,0.,
    2.094395102393,4.188790204786,6.28318530718,8.377580409573),
.UNSPECIFIED.) CURVE() GEOMETRIC_REPRESENTATION_ITEM() 
RATIONAL_B_SPLINE_CURVE((1.,0.5,1.,0.5,1.,0.5,1.)) REPRESENTATION_ITEM(
  '') );
#10481 = CARTESIAN_POINT('',(-63.08,69.47));
#10482 = CARTESIAN_POINT('',(-63.08,70.682435565298));
#10483 = CARTESIAN_POINT('',(-62.03,70.076217782649));
#10484 = CARTESIAN_POINT('',(-60.98,69.47));
#10485 = CARTESIAN_POINT('',(-62.03,68.863782217351));
#10486 = CARTESIAN_POINT('',(-63.08,68.257564434702));
#10487 = CARTESIAN_POINT('',(-63.08,69.47));
#10488 = ( GEOMETRIC_REPRESENTATION_CONTEXT(2) 
PARAMETRIC_REPRESENTATION_CONTEXT() REPRESENTATION_CONTEXT('2D SPACE',''
  ) );
#10489 = PCURVE('',#4553,#10490);
#10490 = DEFINITIONAL_REPRESENTATION('',(#10491),#10495);
#10491 = LINE('',#10492,#10493);
#10492 = CARTESIAN_POINT('',(0.,1.61));
#10493 = VECTOR('',#10494,1.);
#10494 = DIRECTION('',(1.,0.));
#10495 = ( GEOMETRIC_REPRESENTATION_CONTEXT(2) 
PARAMETRIC_REPRESENTATION_CONTEXT() REPRESENTATION_CONTEXT('2D SPACE',''
  ) );
#10496 = FACE_BOUND('',#10497,.F.);
#10497 = EDGE_LOOP('',(#10498));
#10498 = ORIENTED_EDGE('',*,*,#10499,.T.);
#10499 = EDGE_CURVE('',#10500,#10500,#10502,.T.);
#10500 = VERTEX_POINT('',#10501);
#10501 = CARTESIAN_POINT('',(255.5,-110.53,1.6));
#10502 = SURFACE_CURVE('',#10503,(#10508,#10519),.PCURVE_S1.);
#10503 = CIRCLE('',#10504,0.7);
#10504 = AXIS2_PLACEMENT_3D('',#10505,#10506,#10507);
#10505 = CARTESIAN_POINT('',(254.8,-110.53,1.6));
#10506 = DIRECTION('',(0.,0.,1.));
#10507 = DIRECTION('',(1.,0.,-0.));
#10508 = PCURVE('',#90,#10509);
#10509 = DEFINITIONAL_REPRESENTATION('',(#10510),#10518);
#10510 = ( BOUNDED_CURVE() B_SPLINE_CURVE(2,(#10511,#10512,#10513,#10514
    ,#10515,#10516,#10517),.UNSPECIFIED.,.T.,.F.) 
B_SPLINE_CURVE_WITH_KNOTS((1,2,2,2,2,1),(-2.094395102393,0.,
    2.094395102393,4.188790204786,6.28318530718,8.377580409573),
.UNSPECIFIED.) CURVE() GEOMETRIC_REPRESENTATION_ITEM() 
RATIONAL_B_SPLINE_CURVE((1.,0.5,1.,0.5,1.,0.5,1.)) REPRESENTATION_ITEM(
  '') );
#10511 = CARTESIAN_POINT('',(-58.,69.47));
#10512 = CARTESIAN_POINT('',(-58.,70.682435565298));
#10513 = CARTESIAN_POINT('',(-56.95,70.076217782649));
#10514 = CARTESIAN_POINT('',(-55.9,69.47));
#10515 = CARTESIAN_POINT('',(-56.95,68.863782217351));
#10516 = CARTESIAN_POINT('',(-58.,68.257564434702));
#10517 = CARTESIAN_POINT('',(-58.,69.47));
#10518 = ( GEOMETRIC_REPRESENTATION_CONTEXT(2) 
PARAMETRIC_REPRESENTATION_CONTEXT() REPRESENTATION_CONTEXT('2D SPACE',''
  ) );
#10519 = PCURVE('',#4588,#10520);
#10520 = DEFINITIONAL_REPRESENTATION('',(#10521),#10525);
#10521 = LINE('',#10522,#10523);
#10522 = CARTESIAN_POINT('',(0.,1.61));
#10523 = VECTOR('',#10524,1.);
#10524 = DIRECTION('',(1.,0.));
#10525 = ( GEOMETRIC_REPRESENTATION_CONTEXT(2) 
PARAMETRIC_REPRESENTATION_CONTEXT() REPRESENTATION_CONTEXT('2D SPACE',''
  ) );
#10526 = FACE_BOUND('',#10527,.F.);
#10527 = EDGE_LOOP('',(#10528));
#10528 = ORIENTED_EDGE('',*,*,#10529,.T.);
#10529 = EDGE_CURVE('',#10530,#10530,#10532,.T.);
#10530 = VERTEX_POINT('',#10531);
#10531 = CARTESIAN_POINT('',(250.42,-110.53,1.6));
#10532 = SURFACE_CURVE('',#10533,(#10538,#10549),.PCURVE_S1.);
#10533 = CIRCLE('',#10534,0.7);
#10534 = AXIS2_PLACEMENT_3D('',#10535,#10536,#10537);
#10535 = CARTESIAN_POINT('',(249.72,-110.53,1.6));
#10536 = DIRECTION('',(0.,0.,1.));
#10537 = DIRECTION('',(1.,0.,-0.));
#10538 = PCURVE('',#90,#10539);
#10539 = DEFINITIONAL_REPRESENTATION('',(#10540),#10548);
#10540 = ( BOUNDED_CURVE() B_SPLINE_CURVE(2,(#10541,#10542,#10543,#10544
    ,#10545,#10546,#10547),.UNSPECIFIED.,.T.,.F.) 
B_SPLINE_CURVE_WITH_KNOTS((1,2,2,2,2,1),(-2.094395102393,0.,
    2.094395102393,4.188790204786,6.28318530718,8.377580409573),
.UNSPECIFIED.) CURVE() GEOMETRIC_REPRESENTATION_ITEM() 
RATIONAL_B_SPLINE_CURVE((1.,0.5,1.,0.5,1.,0.5,1.)) REPRESENTATION_ITEM(
  '') );
#10541 = CARTESIAN_POINT('',(-52.92,69.47));
#10542 = CARTESIAN_POINT('',(-52.92,70.682435565298));
#10543 = CARTESIAN_POINT('',(-51.87,70.076217782649));
#10544 = CARTESIAN_POINT('',(-50.82,69.47));
#10545 = CARTESIAN_POINT('',(-51.87,68.863782217351));
#10546 = CARTESIAN_POINT('',(-52.92,68.257564434702));
#10547 = CARTESIAN_POINT('',(-52.92,69.47));
#10548 = ( GEOMETRIC_REPRESENTATION_CONTEXT(2) 
PARAMETRIC_REPRESENTATION_CONTEXT() REPRESENTATION_CONTEXT('2D SPACE',''
  ) );
#10549 = PCURVE('',#4623,#10550);
#10550 = DEFINITIONAL_REPRESENTATION('',(#10551),#10555);
#10551 = LINE('',#10552,#10553);
#10552 = CARTESIAN_POINT('',(0.,1.61));
#10553 = VECTOR('',#10554,1.);
#10554 = DIRECTION('',(1.,0.));
#10555 = ( GEOMETRIC_REPRESENTATION_CONTEXT(2) 
PARAMETRIC_REPRESENTATION_CONTEXT() REPRESENTATION_CONTEXT('2D SPACE',''
  ) );
#10556 = FACE_BOUND('',#10557,.F.);
#10557 = EDGE_LOOP('',(#10558));
#10558 = ORIENTED_EDGE('',*,*,#10559,.T.);
#10559 = EDGE_CURVE('',#10560,#10560,#10562,.T.);
#10560 = VERTEX_POINT('',#10561);
#10561 = CARTESIAN_POINT('',(238.45,-130.2,1.6));
#10562 = SURFACE_CURVE('',#10563,(#10568,#10579),.PCURVE_S1.);
#10563 = CIRCLE('',#10564,0.65);
#10564 = AXIS2_PLACEMENT_3D('',#10565,#10566,#10567);
#10565 = CARTESIAN_POINT('',(237.8,-130.2,1.6));
#10566 = DIRECTION('',(0.,0.,1.));
#10567 = DIRECTION('',(1.,0.,-0.));
#10568 = PCURVE('',#90,#10569);
#10569 = DEFINITIONAL_REPRESENTATION('',(#10570),#10578);
#10570 = ( BOUNDED_CURVE() B_SPLINE_CURVE(2,(#10571,#10572,#10573,#10574
    ,#10575,#10576,#10577),.UNSPECIFIED.,.T.,.F.) 
B_SPLINE_CURVE_WITH_KNOTS((1,2,2,2,2,1),(-2.094395102393,0.,
    2.094395102393,4.188790204786,6.28318530718,8.377580409573),
.UNSPECIFIED.) CURVE() GEOMETRIC_REPRESENTATION_ITEM() 
RATIONAL_B_SPLINE_CURVE((1.,0.5,1.,0.5,1.,0.5,1.)) REPRESENTATION_ITEM(
  '') );
#10571 = CARTESIAN_POINT('',(-40.95,49.8));
#10572 = CARTESIAN_POINT('',(-40.95,50.92583302492));
#10573 = CARTESIAN_POINT('',(-39.975,50.36291651246));
#10574 = CARTESIAN_POINT('',(-39.,49.8));
#10575 = CARTESIAN_POINT('',(-39.975,49.23708348754));
#10576 = CARTESIAN_POINT('',(-40.95,48.67416697508));
#10577 = CARTESIAN_POINT('',(-40.95,49.8));
#10578 = ( GEOMETRIC_REPRESENTATION_CONTEXT(2) 
PARAMETRIC_REPRESENTATION_CONTEXT() REPRESENTATION_CONTEXT('2D SPACE',''
  ) );
#10579 = PCURVE('',#4658,#10580);
#10580 = DEFINITIONAL_REPRESENTATION('',(#10581),#10585);
#10581 = LINE('',#10582,#10583);
#10582 = CARTESIAN_POINT('',(0.,1.61));
#10583 = VECTOR('',#10584,1.);
#10584 = DIRECTION('',(1.,0.));
#10585 = ( GEOMETRIC_REPRESENTATION_CONTEXT(2) 
PARAMETRIC_REPRESENTATION_CONTEXT() REPRESENTATION_CONTEXT('2D SPACE',''
  ) );
#10586 = FACE_BOUND('',#10587,.F.);
#10587 = EDGE_LOOP('',(#10588));
#10588 = ORIENTED_EDGE('',*,*,#10589,.T.);
#10589 = EDGE_CURVE('',#10590,#10590,#10592,.T.);
#10590 = VERTEX_POINT('',#10591);
#10591 = CARTESIAN_POINT('',(226.45,-130.2,1.6));
#10592 = SURFACE_CURVE('',#10593,(#10598,#10609),.PCURVE_S1.);
#10593 = CIRCLE('',#10594,0.65);
#10594 = AXIS2_PLACEMENT_3D('',#10595,#10596,#10597);
#10595 = CARTESIAN_POINT('',(225.8,-130.2,1.6));
#10596 = DIRECTION('',(0.,0.,1.));
#10597 = DIRECTION('',(1.,0.,-0.));
#10598 = PCURVE('',#90,#10599);
#10599 = DEFINITIONAL_REPRESENTATION('',(#10600),#10608);
#10600 = ( BOUNDED_CURVE() B_SPLINE_CURVE(2,(#10601,#10602,#10603,#10604
    ,#10605,#10606,#10607),.UNSPECIFIED.,.T.,.F.) 
B_SPLINE_CURVE_WITH_KNOTS((1,2,2,2,2,1),(-2.094395102393,0.,
    2.094395102393,4.188790204786,6.28318530718,8.377580409573),
.UNSPECIFIED.) CURVE() GEOMETRIC_REPRESENTATION_ITEM() 
RATIONAL_B_SPLINE_CURVE((1.,0.5,1.,0.5,1.,0.5,1.)) REPRESENTATION_ITEM(
  '') );
#10601 = CARTESIAN_POINT('',(-28.95,49.8));
#10602 = CARTESIAN_POINT('',(-28.95,50.92583302492));
#10603 = CARTESIAN_POINT('',(-27.975,50.36291651246));
#10604 = CARTESIAN_POINT('',(-27.,49.8));
#10605 = CARTESIAN_POINT('',(-27.975,49.23708348754));
#10606 = CARTESIAN_POINT('',(-28.95,48.67416697508));
#10607 = CARTESIAN_POINT('',(-28.95,49.8));
#10608 = ( GEOMETRIC_REPRESENTATION_CONTEXT(2) 
PARAMETRIC_REPRESENTATION_CONTEXT() REPRESENTATION_CONTEXT('2D SPACE',''
  ) );
#10609 = PCURVE('',#4693,#10610);
#10610 = DEFINITIONAL_REPRESENTATION('',(#10611),#10615);
#10611 = LINE('',#10612,#10613);
#10612 = CARTESIAN_POINT('',(0.,1.61));
#10613 = VECTOR('',#10614,1.);
#10614 = DIRECTION('',(1.,0.));
#10615 = ( GEOMETRIC_REPRESENTATION_CONTEXT(2) 
PARAMETRIC_REPRESENTATION_CONTEXT() REPRESENTATION_CONTEXT('2D SPACE',''
  ) );
#10616 = FACE_BOUND('',#10617,.F.);
#10617 = EDGE_LOOP('',(#10618));
#10618 = ORIENTED_EDGE('',*,*,#10619,.T.);
#10619 = EDGE_CURVE('',#10620,#10620,#10622,.T.);
#10620 = VERTEX_POINT('',#10621);
#10621 = CARTESIAN_POINT('',(215.45,-130.2,1.6));
#10622 = SURFACE_CURVE('',#10623,(#10628,#10639),.PCURVE_S1.);
#10623 = CIRCLE('',#10624,0.65);
#10624 = AXIS2_PLACEMENT_3D('',#10625,#10626,#10627);
#10625 = CARTESIAN_POINT('',(214.8,-130.2,1.6));
#10626 = DIRECTION('',(0.,0.,1.));
#10627 = DIRECTION('',(1.,0.,-0.));
#10628 = PCURVE('',#90,#10629);
#10629 = DEFINITIONAL_REPRESENTATION('',(#10630),#10638);
#10630 = ( BOUNDED_CURVE() B_SPLINE_CURVE(2,(#10631,#10632,#10633,#10634
    ,#10635,#10636,#10637),.UNSPECIFIED.,.T.,.F.) 
B_SPLINE_CURVE_WITH_KNOTS((1,2,2,2,2,1),(-2.094395102393,0.,
    2.094395102393,4.188790204786,6.28318530718,8.377580409573),
.UNSPECIFIED.) CURVE() GEOMETRIC_REPRESENTATION_ITEM() 
RATIONAL_B_SPLINE_CURVE((1.,0.5,1.,0.5,1.,0.5,1.)) REPRESENTATION_ITEM(
  '') );
#10631 = CARTESIAN_POINT('',(-17.95,49.8));
#10632 = CARTESIAN_POINT('',(-17.95,50.92583302492));
#10633 = CARTESIAN_POINT('',(-16.975,50.36291651246));
#10634 = CARTESIAN_POINT('',(-16.,49.8));
#10635 = CARTESIAN_POINT('',(-16.975,49.23708348754));
#10636 = CARTESIAN_POINT('',(-17.95,48.67416697508));
#10637 = CARTESIAN_POINT('',(-17.95,49.8));
#10638 = ( GEOMETRIC_REPRESENTATION_CONTEXT(2) 
PARAMETRIC_REPRESENTATION_CONTEXT() REPRESENTATION_CONTEXT('2D SPACE',''
  ) );
#10639 = PCURVE('',#4728,#10640);
#10640 = DEFINITIONAL_REPRESENTATION('',(#10641),#10645);
#10641 = LINE('',#10642,#10643);
#10642 = CARTESIAN_POINT('',(0.,1.61));
#10643 = VECTOR('',#10644,1.);
#10644 = DIRECTION('',(1.,0.));
#10645 = ( GEOMETRIC_REPRESENTATION_CONTEXT(2) 
PARAMETRIC_REPRESENTATION_CONTEXT() REPRESENTATION_CONTEXT('2D SPACE',''
  ) );
#10646 = FACE_BOUND('',#10647,.F.);
#10647 = EDGE_LOOP('',(#10648));
#10648 = ORIENTED_EDGE('',*,*,#10649,.T.);
#10649 = EDGE_CURVE('',#10650,#10650,#10652,.T.);
#10650 = VERTEX_POINT('',#10651);
#10651 = CARTESIAN_POINT('',(203.45,-130.2,1.6));
#10652 = SURFACE_CURVE('',#10653,(#10658,#10669),.PCURVE_S1.);
#10653 = CIRCLE('',#10654,0.65);
#10654 = AXIS2_PLACEMENT_3D('',#10655,#10656,#10657);
#10655 = CARTESIAN_POINT('',(202.8,-130.2,1.6));
#10656 = DIRECTION('',(0.,0.,1.));
#10657 = DIRECTION('',(1.,0.,-0.));
#10658 = PCURVE('',#90,#10659);
#10659 = DEFINITIONAL_REPRESENTATION('',(#10660),#10668);
#10660 = ( BOUNDED_CURVE() B_SPLINE_CURVE(2,(#10661,#10662,#10663,#10664
    ,#10665,#10666,#10667),.UNSPECIFIED.,.T.,.F.) 
B_SPLINE_CURVE_WITH_KNOTS((1,2,2,2,2,1),(-2.094395102393,0.,
    2.094395102393,4.188790204786,6.28318530718,8.377580409573),
.UNSPECIFIED.) CURVE() GEOMETRIC_REPRESENTATION_ITEM() 
RATIONAL_B_SPLINE_CURVE((1.,0.5,1.,0.5,1.,0.5,1.)) REPRESENTATION_ITEM(
  '') );
#10661 = CARTESIAN_POINT('',(-5.95,49.8));
#10662 = CARTESIAN_POINT('',(-5.95,50.92583302492));
#10663 = CARTESIAN_POINT('',(-4.975,50.36291651246));
#10664 = CARTESIAN_POINT('',(-4.,49.8));
#10665 = CARTESIAN_POINT('',(-4.975,49.23708348754));
#10666 = CARTESIAN_POINT('',(-5.95,48.67416697508));
#10667 = CARTESIAN_POINT('',(-5.95,49.8));
#10668 = ( GEOMETRIC_REPRESENTATION_CONTEXT(2) 
PARAMETRIC_REPRESENTATION_CONTEXT() REPRESENTATION_CONTEXT('2D SPACE',''
  ) );
#10669 = PCURVE('',#4763,#10670);
#10670 = DEFINITIONAL_REPRESENTATION('',(#10671),#10675);
#10671 = LINE('',#10672,#10673);
#10672 = CARTESIAN_POINT('',(0.,1.61));
#10673 = VECTOR('',#10674,1.);
#10674 = DIRECTION('',(1.,0.));
#10675 = ( GEOMETRIC_REPRESENTATION_CONTEXT(2) 
PARAMETRIC_REPRESENTATION_CONTEXT() REPRESENTATION_CONTEXT('2D SPACE',''
  ) );
#10676 = FACE_BOUND('',#10677,.F.);
#10677 = EDGE_LOOP('',(#10678));
#10678 = ORIENTED_EDGE('',*,*,#10679,.T.);
#10679 = EDGE_CURVE('',#10680,#10680,#10682,.T.);
#10680 = VERTEX_POINT('',#10681);
#10681 = CARTESIAN_POINT('',(238.45,-118.,1.6));
#10682 = SURFACE_CURVE('',#10683,(#10688,#10699),.PCURVE_S1.);
#10683 = CIRCLE('',#10684,0.65);
#10684 = AXIS2_PLACEMENT_3D('',#10685,#10686,#10687);
#10685 = CARTESIAN_POINT('',(237.8,-118.,1.6));
#10686 = DIRECTION('',(0.,0.,1.));
#10687 = DIRECTION('',(1.,0.,-0.));
#10688 = PCURVE('',#90,#10689);
#10689 = DEFINITIONAL_REPRESENTATION('',(#10690),#10698);
#10690 = ( BOUNDED_CURVE() B_SPLINE_CURVE(2,(#10691,#10692,#10693,#10694
    ,#10695,#10696,#10697),.UNSPECIFIED.,.T.,.F.) 
B_SPLINE_CURVE_WITH_KNOTS((1,2,2,2,2,1),(-2.094395102393,0.,
    2.094395102393,4.188790204786,6.28318530718,8.377580409573),
.UNSPECIFIED.) CURVE() GEOMETRIC_REPRESENTATION_ITEM() 
RATIONAL_B_SPLINE_CURVE((1.,0.5,1.,0.5,1.,0.5,1.)) REPRESENTATION_ITEM(
  '') );
#10691 = CARTESIAN_POINT('',(-40.95,62.));
#10692 = CARTESIAN_POINT('',(-40.95,63.12583302492));
#10693 = CARTESIAN_POINT('',(-39.975,62.56291651246));
#10694 = CARTESIAN_POINT('',(-39.,62.));
#10695 = CARTESIAN_POINT('',(-39.975,61.43708348754));
#10696 = CARTESIAN_POINT('',(-40.95,60.87416697508));
#10697 = CARTESIAN_POINT('',(-40.95,62.));
#10698 = ( GEOMETRIC_REPRESENTATION_CONTEXT(2) 
PARAMETRIC_REPRESENTATION_CONTEXT() REPRESENTATION_CONTEXT('2D SPACE',''
  ) );
#10699 = PCURVE('',#4798,#10700);
#10700 = DEFINITIONAL_REPRESENTATION('',(#10701),#10705);
#10701 = LINE('',#10702,#10703);
#10702 = CARTESIAN_POINT('',(0.,1.61));
#10703 = VECTOR('',#10704,1.);
#10704 = DIRECTION('',(1.,0.));
#10705 = ( GEOMETRIC_REPRESENTATION_CONTEXT(2) 
PARAMETRIC_REPRESENTATION_CONTEXT() REPRESENTATION_CONTEXT('2D SPACE',''
  ) );
#10706 = FACE_BOUND('',#10707,.F.);
#10707 = EDGE_LOOP('',(#10708));
#10708 = ORIENTED_EDGE('',*,*,#10709,.T.);
#10709 = EDGE_CURVE('',#10710,#10710,#10712,.T.);
#10710 = VERTEX_POINT('',#10711);
#10711 = CARTESIAN_POINT('',(226.45,-118.,1.6));
#10712 = SURFACE_CURVE('',#10713,(#10718,#10729),.PCURVE_S1.);
#10713 = CIRCLE('',#10714,0.65);
#10714 = AXIS2_PLACEMENT_3D('',#10715,#10716,#10717);
#10715 = CARTESIAN_POINT('',(225.8,-118.,1.6));
#10716 = DIRECTION('',(0.,0.,1.));
#10717 = DIRECTION('',(1.,0.,-0.));
#10718 = PCURVE('',#90,#10719);
#10719 = DEFINITIONAL_REPRESENTATION('',(#10720),#10728);
#10720 = ( BOUNDED_CURVE() B_SPLINE_CURVE(2,(#10721,#10722,#10723,#10724
    ,#10725,#10726,#10727),.UNSPECIFIED.,.T.,.F.) 
B_SPLINE_CURVE_WITH_KNOTS((1,2,2,2,2,1),(-2.094395102393,0.,
    2.094395102393,4.188790204786,6.28318530718,8.377580409573),
.UNSPECIFIED.) CURVE() GEOMETRIC_REPRESENTATION_ITEM() 
RATIONAL_B_SPLINE_CURVE((1.,0.5,1.,0.5,1.,0.5,1.)) REPRESENTATION_ITEM(
  '') );
#10721 = CARTESIAN_POINT('',(-28.95,62.));
#10722 = CARTESIAN_POINT('',(-28.95,63.12583302492));
#10723 = CARTESIAN_POINT('',(-27.975,62.56291651246));
#10724 = CARTESIAN_POINT('',(-27.,62.));
#10725 = CARTESIAN_POINT('',(-27.975,61.43708348754));
#10726 = CARTESIAN_POINT('',(-28.95,60.87416697508));
#10727 = CARTESIAN_POINT('',(-28.95,62.));
#10728 = ( GEOMETRIC_REPRESENTATION_CONTEXT(2) 
PARAMETRIC_REPRESENTATION_CONTEXT() REPRESENTATION_CONTEXT('2D SPACE',''
  ) );
#10729 = PCURVE('',#4833,#10730);
#10730 = DEFINITIONAL_REPRESENTATION('',(#10731),#10735);
#10731 = LINE('',#10732,#10733);
#10732 = CARTESIAN_POINT('',(0.,1.61));
#10733 = VECTOR('',#10734,1.);
#10734 = DIRECTION('',(1.,0.));
#10735 = ( GEOMETRIC_REPRESENTATION_CONTEXT(2) 
PARAMETRIC_REPRESENTATION_CONTEXT() REPRESENTATION_CONTEXT('2D SPACE',''
  ) );
#10736 = FACE_BOUND('',#10737,.F.);
#10737 = EDGE_LOOP('',(#10738));
#10738 = ORIENTED_EDGE('',*,*,#10739,.T.);
#10739 = EDGE_CURVE('',#10740,#10740,#10742,.T.);
#10740 = VERTEX_POINT('',#10741);
#10741 = CARTESIAN_POINT('',(232.45,-116.,1.6));
#10742 = SURFACE_CURVE('',#10743,(#10748,#10759),.PCURVE_S1.);
#10743 = CIRCLE('',#10744,0.65);
#10744 = AXIS2_PLACEMENT_3D('',#10745,#10746,#10747);
#10745 = CARTESIAN_POINT('',(231.8,-116.,1.6));
#10746 = DIRECTION('',(0.,0.,1.));
#10747 = DIRECTION('',(1.,0.,-0.));
#10748 = PCURVE('',#90,#10749);
#10749 = DEFINITIONAL_REPRESENTATION('',(#10750),#10758);
#10750 = ( BOUNDED_CURVE() B_SPLINE_CURVE(2,(#10751,#10752,#10753,#10754
    ,#10755,#10756,#10757),.UNSPECIFIED.,.T.,.F.) 
B_SPLINE_CURVE_WITH_KNOTS((1,2,2,2,2,1),(-2.094395102393,0.,
    2.094395102393,4.188790204786,6.28318530718,8.377580409573),
.UNSPECIFIED.) CURVE() GEOMETRIC_REPRESENTATION_ITEM() 
RATIONAL_B_SPLINE_CURVE((1.,0.5,1.,0.5,1.,0.5,1.)) REPRESENTATION_ITEM(
  '') );
#10751 = CARTESIAN_POINT('',(-34.95,64.));
#10752 = CARTESIAN_POINT('',(-34.95,65.12583302492));
#10753 = CARTESIAN_POINT('',(-33.975,64.56291651246));
#10754 = CARTESIAN_POINT('',(-33.,64.));
#10755 = CARTESIAN_POINT('',(-33.975,63.43708348754));
#10756 = CARTESIAN_POINT('',(-34.95,62.87416697508));
#10757 = CARTESIAN_POINT('',(-34.95,64.));
#10758 = ( GEOMETRIC_REPRESENTATION_CONTEXT(2) 
PARAMETRIC_REPRESENTATION_CONTEXT() REPRESENTATION_CONTEXT('2D SPACE',''
  ) );
#10759 = PCURVE('',#4868,#10760);
#10760 = DEFINITIONAL_REPRESENTATION('',(#10761),#10765);
#10761 = LINE('',#10762,#10763);
#10762 = CARTESIAN_POINT('',(0.,1.61));
#10763 = VECTOR('',#10764,1.);
#10764 = DIRECTION('',(1.,0.));
#10765 = ( GEOMETRIC_REPRESENTATION_CONTEXT(2) 
PARAMETRIC_REPRESENTATION_CONTEXT() REPRESENTATION_CONTEXT('2D SPACE',''
  ) );
#10766 = FACE_BOUND('',#10767,.F.);
#10767 = EDGE_LOOP('',(#10768));
#10768 = ORIENTED_EDGE('',*,*,#10769,.T.);
#10769 = EDGE_CURVE('',#10770,#10770,#10772,.T.);
#10770 = VERTEX_POINT('',#10771);
#10771 = CARTESIAN_POINT('',(237.58,-110.53,1.6));
#10772 = SURFACE_CURVE('',#10773,(#10778,#10789),.PCURVE_S1.);
#10773 = CIRCLE('',#10774,0.7);
#10774 = AXIS2_PLACEMENT_3D('',#10775,#10776,#10777);
#10775 = CARTESIAN_POINT('',(236.88,-110.53,1.6));
#10776 = DIRECTION('',(0.,0.,1.));
#10777 = DIRECTION('',(1.,0.,-0.));
#10778 = PCURVE('',#90,#10779);
#10779 = DEFINITIONAL_REPRESENTATION('',(#10780),#10788);
#10780 = ( BOUNDED_CURVE() B_SPLINE_CURVE(2,(#10781,#10782,#10783,#10784
    ,#10785,#10786,#10787),.UNSPECIFIED.,.T.,.F.) 
B_SPLINE_CURVE_WITH_KNOTS((1,2,2,2,2,1),(-2.094395102393,0.,
    2.094395102393,4.188790204786,6.28318530718,8.377580409573),
.UNSPECIFIED.) CURVE() GEOMETRIC_REPRESENTATION_ITEM() 
RATIONAL_B_SPLINE_CURVE((1.,0.5,1.,0.5,1.,0.5,1.)) REPRESENTATION_ITEM(
  '') );
#10781 = CARTESIAN_POINT('',(-40.08,69.47));
#10782 = CARTESIAN_POINT('',(-40.08,70.682435565298));
#10783 = CARTESIAN_POINT('',(-39.03,70.076217782649));
#10784 = CARTESIAN_POINT('',(-37.98,69.47));
#10785 = CARTESIAN_POINT('',(-39.03,68.863782217351));
#10786 = CARTESIAN_POINT('',(-40.08,68.257564434702));
#10787 = CARTESIAN_POINT('',(-40.08,69.47));
#10788 = ( GEOMETRIC_REPRESENTATION_CONTEXT(2) 
PARAMETRIC_REPRESENTATION_CONTEXT() REPRESENTATION_CONTEXT('2D SPACE',''
  ) );
#10789 = PCURVE('',#4903,#10790);
#10790 = DEFINITIONAL_REPRESENTATION('',(#10791),#10795);
#10791 = LINE('',#10792,#10793);
#10792 = CARTESIAN_POINT('',(0.,1.61));
#10793 = VECTOR('',#10794,1.);
#10794 = DIRECTION('',(1.,0.));
#10795 = ( GEOMETRIC_REPRESENTATION_CONTEXT(2) 
PARAMETRIC_REPRESENTATION_CONTEXT() REPRESENTATION_CONTEXT('2D SPACE',''
  ) );
#10796 = FACE_BOUND('',#10797,.F.);
#10797 = EDGE_LOOP('',(#10798));
#10798 = ORIENTED_EDGE('',*,*,#10799,.T.);
#10799 = EDGE_CURVE('',#10800,#10800,#10802,.T.);
#10800 = VERTEX_POINT('',#10801);
#10801 = CARTESIAN_POINT('',(232.5,-110.53,1.6));
#10802 = SURFACE_CURVE('',#10803,(#10808,#10819),.PCURVE_S1.);
#10803 = CIRCLE('',#10804,0.7);
#10804 = AXIS2_PLACEMENT_3D('',#10805,#10806,#10807);
#10805 = CARTESIAN_POINT('',(231.8,-110.53,1.6));
#10806 = DIRECTION('',(0.,0.,1.));
#10807 = DIRECTION('',(1.,0.,-0.));
#10808 = PCURVE('',#90,#10809);
#10809 = DEFINITIONAL_REPRESENTATION('',(#10810),#10818);
#10810 = ( BOUNDED_CURVE() B_SPLINE_CURVE(2,(#10811,#10812,#10813,#10814
    ,#10815,#10816,#10817),.UNSPECIFIED.,.T.,.F.) 
B_SPLINE_CURVE_WITH_KNOTS((1,2,2,2,2,1),(-2.094395102393,0.,
    2.094395102393,4.188790204786,6.28318530718,8.377580409573),
.UNSPECIFIED.) CURVE() GEOMETRIC_REPRESENTATION_ITEM() 
RATIONAL_B_SPLINE_CURVE((1.,0.5,1.,0.5,1.,0.5,1.)) REPRESENTATION_ITEM(
  '') );
#10811 = CARTESIAN_POINT('',(-35.,69.47));
#10812 = CARTESIAN_POINT('',(-35.,70.682435565298));
#10813 = CARTESIAN_POINT('',(-33.95,70.076217782649));
#10814 = CARTESIAN_POINT('',(-32.9,69.47));
#10815 = CARTESIAN_POINT('',(-33.95,68.863782217351));
#10816 = CARTESIAN_POINT('',(-35.,68.257564434702));
#10817 = CARTESIAN_POINT('',(-35.,69.47));
#10818 = ( GEOMETRIC_REPRESENTATION_CONTEXT(2) 
PARAMETRIC_REPRESENTATION_CONTEXT() REPRESENTATION_CONTEXT('2D SPACE',''
  ) );
#10819 = PCURVE('',#4938,#10820);
#10820 = DEFINITIONAL_REPRESENTATION('',(#10821),#10825);
#10821 = LINE('',#10822,#10823);
#10822 = CARTESIAN_POINT('',(0.,1.61));
#10823 = VECTOR('',#10824,1.);
#10824 = DIRECTION('',(1.,0.));
#10825 = ( GEOMETRIC_REPRESENTATION_CONTEXT(2) 
PARAMETRIC_REPRESENTATION_CONTEXT() REPRESENTATION_CONTEXT('2D SPACE',''
  ) );
#10826 = FACE_BOUND('',#10827,.F.);
#10827 = EDGE_LOOP('',(#10828));
#10828 = ORIENTED_EDGE('',*,*,#10829,.T.);
#10829 = EDGE_CURVE('',#10830,#10830,#10832,.T.);
#10830 = VERTEX_POINT('',#10831);
#10831 = CARTESIAN_POINT('',(227.42,-110.53,1.6));
#10832 = SURFACE_CURVE('',#10833,(#10838,#10849),.PCURVE_S1.);
#10833 = CIRCLE('',#10834,0.7);
#10834 = AXIS2_PLACEMENT_3D('',#10835,#10836,#10837);
#10835 = CARTESIAN_POINT('',(226.72,-110.53,1.6));
#10836 = DIRECTION('',(0.,0.,1.));
#10837 = DIRECTION('',(1.,0.,-0.));
#10838 = PCURVE('',#90,#10839);
#10839 = DEFINITIONAL_REPRESENTATION('',(#10840),#10848);
#10840 = ( BOUNDED_CURVE() B_SPLINE_CURVE(2,(#10841,#10842,#10843,#10844
    ,#10845,#10846,#10847),.UNSPECIFIED.,.T.,.F.) 
B_SPLINE_CURVE_WITH_KNOTS((1,2,2,2,2,1),(-2.094395102393,0.,
    2.094395102393,4.188790204786,6.28318530718,8.377580409573),
.UNSPECIFIED.) CURVE() GEOMETRIC_REPRESENTATION_ITEM() 
RATIONAL_B_SPLINE_CURVE((1.,0.5,1.,0.5,1.,0.5,1.)) REPRESENTATION_ITEM(
  '') );
#10841 = CARTESIAN_POINT('',(-29.92,69.47));
#10842 = CARTESIAN_POINT('',(-29.92,70.682435565298));
#10843 = CARTESIAN_POINT('',(-28.87,70.076217782649));
#10844 = CARTESIAN_POINT('',(-27.82,69.47));
#10845 = CARTESIAN_POINT('',(-28.87,68.863782217351));
#10846 = CARTESIAN_POINT('',(-29.92,68.257564434702));
#10847 = CARTESIAN_POINT('',(-29.92,69.47));
#10848 = ( GEOMETRIC_REPRESENTATION_CONTEXT(2) 
PARAMETRIC_REPRESENTATION_CONTEXT() REPRESENTATION_CONTEXT('2D SPACE',''
  ) );
#10849 = PCURVE('',#4973,#10850);
#10850 = DEFINITIONAL_REPRESENTATION('',(#10851),#10855);
#10851 = LINE('',#10852,#10853);
#10852 = CARTESIAN_POINT('',(0.,1.61));
#10853 = VECTOR('',#10854,1.);
#10854 = DIRECTION('',(1.,0.));
#10855 = ( GEOMETRIC_REPRESENTATION_CONTEXT(2) 
PARAMETRIC_REPRESENTATION_CONTEXT() REPRESENTATION_CONTEXT('2D SPACE',''
  ) );
#10856 = FACE_BOUND('',#10857,.F.);
#10857 = EDGE_LOOP('',(#10858));
#10858 = ORIENTED_EDGE('',*,*,#10859,.T.);
#10859 = EDGE_CURVE('',#10860,#10860,#10862,.T.);
#10860 = VERTEX_POINT('',#10861);
#10861 = CARTESIAN_POINT('',(215.45,-118.,1.6));
#10862 = SURFACE_CURVE('',#10863,(#10868,#10879),.PCURVE_S1.);
#10863 = CIRCLE('',#10864,0.65);
#10864 = AXIS2_PLACEMENT_3D('',#10865,#10866,#10867);
#10865 = CARTESIAN_POINT('',(214.8,-118.,1.6));
#10866 = DIRECTION('',(0.,0.,1.));
#10867 = DIRECTION('',(1.,0.,-0.));
#10868 = PCURVE('',#90,#10869);
#10869 = DEFINITIONAL_REPRESENTATION('',(#10870),#10878);
#10870 = ( BOUNDED_CURVE() B_SPLINE_CURVE(2,(#10871,#10872,#10873,#10874
    ,#10875,#10876,#10877),.UNSPECIFIED.,.T.,.F.) 
B_SPLINE_CURVE_WITH_KNOTS((1,2,2,2,2,1),(-2.094395102393,0.,
    2.094395102393,4.188790204786,6.28318530718,8.377580409573),
.UNSPECIFIED.) CURVE() GEOMETRIC_REPRESENTATION_ITEM() 
RATIONAL_B_SPLINE_CURVE((1.,0.5,1.,0.5,1.,0.5,1.)) REPRESENTATION_ITEM(
  '') );
#10871 = CARTESIAN_POINT('',(-17.95,62.));
#10872 = CARTESIAN_POINT('',(-17.95,63.12583302492));
#10873 = CARTESIAN_POINT('',(-16.975,62.56291651246));
#10874 = CARTESIAN_POINT('',(-16.,62.));
#10875 = CARTESIAN_POINT('',(-16.975,61.43708348754));
#10876 = CARTESIAN_POINT('',(-17.95,60.87416697508));
#10877 = CARTESIAN_POINT('',(-17.95,62.));
#10878 = ( GEOMETRIC_REPRESENTATION_CONTEXT(2) 
PARAMETRIC_REPRESENTATION_CONTEXT() REPRESENTATION_CONTEXT('2D SPACE',''
  ) );
#10879 = PCURVE('',#5008,#10880);
#10880 = DEFINITIONAL_REPRESENTATION('',(#10881),#10885);
#10881 = LINE('',#10882,#10883);
#10882 = CARTESIAN_POINT('',(0.,1.61));
#10883 = VECTOR('',#10884,1.);
#10884 = DIRECTION('',(1.,0.));
#10885 = ( GEOMETRIC_REPRESENTATION_CONTEXT(2) 
PARAMETRIC_REPRESENTATION_CONTEXT() REPRESENTATION_CONTEXT('2D SPACE',''
  ) );
#10886 = FACE_BOUND('',#10887,.F.);
#10887 = EDGE_LOOP('',(#10888));
#10888 = ORIENTED_EDGE('',*,*,#10889,.T.);
#10889 = EDGE_CURVE('',#10890,#10890,#10892,.T.);
#10890 = VERTEX_POINT('',#10891);
#10891 = CARTESIAN_POINT('',(203.45,-118.,1.6));
#10892 = SURFACE_CURVE('',#10893,(#10898,#10909),.PCURVE_S1.);
#10893 = CIRCLE('',#10894,0.65);
#10894 = AXIS2_PLACEMENT_3D('',#10895,#10896,#10897);
#10895 = CARTESIAN_POINT('',(202.8,-118.,1.6));
#10896 = DIRECTION('',(0.,0.,1.));
#10897 = DIRECTION('',(1.,0.,-0.));
#10898 = PCURVE('',#90,#10899);
#10899 = DEFINITIONAL_REPRESENTATION('',(#10900),#10908);
#10900 = ( BOUNDED_CURVE() B_SPLINE_CURVE(2,(#10901,#10902,#10903,#10904
    ,#10905,#10906,#10907),.UNSPECIFIED.,.T.,.F.) 
B_SPLINE_CURVE_WITH_KNOTS((1,2,2,2,2,1),(-2.094395102393,0.,
    2.094395102393,4.188790204786,6.28318530718,8.377580409573),
.UNSPECIFIED.) CURVE() GEOMETRIC_REPRESENTATION_ITEM() 
RATIONAL_B_SPLINE_CURVE((1.,0.5,1.,0.5,1.,0.5,1.)) REPRESENTATION_ITEM(
  '') );
#10901 = CARTESIAN_POINT('',(-5.95,62.));
#10902 = CARTESIAN_POINT('',(-5.95,63.12583302492));
#10903 = CARTESIAN_POINT('',(-4.975,62.56291651246));
#10904 = CARTESIAN_POINT('',(-4.,62.));
#10905 = CARTESIAN_POINT('',(-4.975,61.43708348754));
#10906 = CARTESIAN_POINT('',(-5.95,60.87416697508));
#10907 = CARTESIAN_POINT('',(-5.95,62.));
#10908 = ( GEOMETRIC_REPRESENTATION_CONTEXT(2) 
PARAMETRIC_REPRESENTATION_CONTEXT() REPRESENTATION_CONTEXT('2D SPACE',''
  ) );
#10909 = PCURVE('',#5043,#10910);
#10910 = DEFINITIONAL_REPRESENTATION('',(#10911),#10915);
#10911 = LINE('',#10912,#10913);
#10912 = CARTESIAN_POINT('',(0.,1.61));
#10913 = VECTOR('',#10914,1.);
#10914 = DIRECTION('',(1.,0.));
#10915 = ( GEOMETRIC_REPRESENTATION_CONTEXT(2) 
PARAMETRIC_REPRESENTATION_CONTEXT() REPRESENTATION_CONTEXT('2D SPACE',''
  ) );
#10916 = FACE_BOUND('',#10917,.F.);
#10917 = EDGE_LOOP('',(#10918));
#10918 = ORIENTED_EDGE('',*,*,#10919,.T.);
#10919 = EDGE_CURVE('',#10920,#10920,#10922,.T.);
#10920 = VERTEX_POINT('',#10921);
#10921 = CARTESIAN_POINT('',(209.45,-116.,1.6));
#10922 = SURFACE_CURVE('',#10923,(#10928,#10939),.PCURVE_S1.);
#10923 = CIRCLE('',#10924,0.65);
#10924 = AXIS2_PLACEMENT_3D('',#10925,#10926,#10927);
#10925 = CARTESIAN_POINT('',(208.8,-116.,1.6));
#10926 = DIRECTION('',(0.,0.,1.));
#10927 = DIRECTION('',(1.,0.,-0.));
#10928 = PCURVE('',#90,#10929);
#10929 = DEFINITIONAL_REPRESENTATION('',(#10930),#10938);
#10930 = ( BOUNDED_CURVE() B_SPLINE_CURVE(2,(#10931,#10932,#10933,#10934
    ,#10935,#10936,#10937),.UNSPECIFIED.,.T.,.F.) 
B_SPLINE_CURVE_WITH_KNOTS((1,2,2,2,2,1),(-2.094395102393,0.,
    2.094395102393,4.188790204786,6.28318530718,8.377580409573),
.UNSPECIFIED.) CURVE() GEOMETRIC_REPRESENTATION_ITEM() 
RATIONAL_B_SPLINE_CURVE((1.,0.5,1.,0.5,1.,0.5,1.)) REPRESENTATION_ITEM(
  '') );
#10931 = CARTESIAN_POINT('',(-11.95,64.));
#10932 = CARTESIAN_POINT('',(-11.95,65.12583302492));
#10933 = CARTESIAN_POINT('',(-10.975,64.56291651246));
#10934 = CARTESIAN_POINT('',(-10.,64.));
#10935 = CARTESIAN_POINT('',(-10.975,63.43708348754));
#10936 = CARTESIAN_POINT('',(-11.95,62.87416697508));
#10937 = CARTESIAN_POINT('',(-11.95,64.));
#10938 = ( GEOMETRIC_REPRESENTATION_CONTEXT(2) 
PARAMETRIC_REPRESENTATION_CONTEXT() REPRESENTATION_CONTEXT('2D SPACE',''
  ) );
#10939 = PCURVE('',#5078,#10940);
#10940 = DEFINITIONAL_REPRESENTATION('',(#10941),#10945);
#10941 = LINE('',#10942,#10943);
#10942 = CARTESIAN_POINT('',(0.,1.61));
#10943 = VECTOR('',#10944,1.);
#10944 = DIRECTION('',(1.,0.));
#10945 = ( GEOMETRIC_REPRESENTATION_CONTEXT(2) 
PARAMETRIC_REPRESENTATION_CONTEXT() REPRESENTATION_CONTEXT('2D SPACE',''
  ) );
#10946 = FACE_BOUND('',#10947,.F.);
#10947 = EDGE_LOOP('',(#10948));
#10948 = ORIENTED_EDGE('',*,*,#10949,.T.);
#10949 = EDGE_CURVE('',#10950,#10950,#10952,.T.);
#10950 = VERTEX_POINT('',#10951);
#10951 = CARTESIAN_POINT('',(214.58,-110.53,1.6));
#10952 = SURFACE_CURVE('',#10953,(#10958,#10969),.PCURVE_S1.);
#10953 = CIRCLE('',#10954,0.7);
#10954 = AXIS2_PLACEMENT_3D('',#10955,#10956,#10957);
#10955 = CARTESIAN_POINT('',(213.88,-110.53,1.6));
#10956 = DIRECTION('',(0.,0.,1.));
#10957 = DIRECTION('',(1.,0.,-0.));
#10958 = PCURVE('',#90,#10959);
#10959 = DEFINITIONAL_REPRESENTATION('',(#10960),#10968);
#10960 = ( BOUNDED_CURVE() B_SPLINE_CURVE(2,(#10961,#10962,#10963,#10964
    ,#10965,#10966,#10967),.UNSPECIFIED.,.T.,.F.) 
B_SPLINE_CURVE_WITH_KNOTS((1,2,2,2,2,1),(-2.094395102393,0.,
    2.094395102393,4.188790204786,6.28318530718,8.377580409573),
.UNSPECIFIED.) CURVE() GEOMETRIC_REPRESENTATION_ITEM() 
RATIONAL_B_SPLINE_CURVE((1.,0.5,1.,0.5,1.,0.5,1.)) REPRESENTATION_ITEM(
  '') );
#10961 = CARTESIAN_POINT('',(-17.08,69.47));
#10962 = CARTESIAN_POINT('',(-17.08,70.682435565298));
#10963 = CARTESIAN_POINT('',(-16.03,70.076217782649));
#10964 = CARTESIAN_POINT('',(-14.98,69.47));
#10965 = CARTESIAN_POINT('',(-16.03,68.863782217351));
#10966 = CARTESIAN_POINT('',(-17.08,68.257564434702));
#10967 = CARTESIAN_POINT('',(-17.08,69.47));
#10968 = ( GEOMETRIC_REPRESENTATION_CONTEXT(2) 
PARAMETRIC_REPRESENTATION_CONTEXT() REPRESENTATION_CONTEXT('2D SPACE',''
  ) );
#10969 = PCURVE('',#5113,#10970);
#10970 = DEFINITIONAL_REPRESENTATION('',(#10971),#10975);
#10971 = LINE('',#10972,#10973);
#10972 = CARTESIAN_POINT('',(0.,1.61));
#10973 = VECTOR('',#10974,1.);
#10974 = DIRECTION('',(1.,0.));
#10975 = ( GEOMETRIC_REPRESENTATION_CONTEXT(2) 
PARAMETRIC_REPRESENTATION_CONTEXT() REPRESENTATION_CONTEXT('2D SPACE',''
  ) );
#10976 = FACE_BOUND('',#10977,.F.);
#10977 = EDGE_LOOP('',(#10978));
#10978 = ORIENTED_EDGE('',*,*,#10979,.T.);
#10979 = EDGE_CURVE('',#10980,#10980,#10982,.T.);
#10980 = VERTEX_POINT('',#10981);
#10981 = CARTESIAN_POINT('',(209.5,-110.53,1.6));
#10982 = SURFACE_CURVE('',#10983,(#10988,#10999),.PCURVE_S1.);
#10983 = CIRCLE('',#10984,0.7);
#10984 = AXIS2_PLACEMENT_3D('',#10985,#10986,#10987);
#10985 = CARTESIAN_POINT('',(208.8,-110.53,1.6));
#10986 = DIRECTION('',(0.,0.,1.));
#10987 = DIRECTION('',(1.,0.,-0.));
#10988 = PCURVE('',#90,#10989);
#10989 = DEFINITIONAL_REPRESENTATION('',(#10990),#10998);
#10990 = ( BOUNDED_CURVE() B_SPLINE_CURVE(2,(#10991,#10992,#10993,#10994
    ,#10995,#10996,#10997),.UNSPECIFIED.,.T.,.F.) 
B_SPLINE_CURVE_WITH_KNOTS((1,2,2,2,2,1),(-2.094395102393,0.,
    2.094395102393,4.188790204786,6.28318530718,8.377580409573),
.UNSPECIFIED.) CURVE() GEOMETRIC_REPRESENTATION_ITEM() 
RATIONAL_B_SPLINE_CURVE((1.,0.5,1.,0.5,1.,0.5,1.)) REPRESENTATION_ITEM(
  '') );
#10991 = CARTESIAN_POINT('',(-12.,69.47));
#10992 = CARTESIAN_POINT('',(-12.,70.682435565298));
#10993 = CARTESIAN_POINT('',(-10.95,70.076217782649));
#10994 = CARTESIAN_POINT('',(-9.9,69.47));
#10995 = CARTESIAN_POINT('',(-10.95,68.863782217351));
#10996 = CARTESIAN_POINT('',(-12.,68.257564434702));
#10997 = CARTESIAN_POINT('',(-12.,69.47));
#10998 = ( GEOMETRIC_REPRESENTATION_CONTEXT(2) 
PARAMETRIC_REPRESENTATION_CONTEXT() REPRESENTATION_CONTEXT('2D SPACE',''
  ) );
#10999 = PCURVE('',#5148,#11000);
#11000 = DEFINITIONAL_REPRESENTATION('',(#11001),#11005);
#11001 = LINE('',#11002,#11003);
#11002 = CARTESIAN_POINT('',(0.,1.61));
#11003 = VECTOR('',#11004,1.);
#11004 = DIRECTION('',(1.,0.));
#11005 = ( GEOMETRIC_REPRESENTATION_CONTEXT(2) 
PARAMETRIC_REPRESENTATION_CONTEXT() REPRESENTATION_CONTEXT('2D SPACE',''
  ) );
#11006 = FACE_BOUND('',#11007,.F.);
#11007 = EDGE_LOOP('',(#11008));
#11008 = ORIENTED_EDGE('',*,*,#11009,.T.);
#11009 = EDGE_CURVE('',#11010,#11010,#11012,.T.);
#11010 = VERTEX_POINT('',#11011);
#11011 = CARTESIAN_POINT('',(204.42,-110.53,1.6));
#11012 = SURFACE_CURVE('',#11013,(#11018,#11029),.PCURVE_S1.);
#11013 = CIRCLE('',#11014,0.7);
#11014 = AXIS2_PLACEMENT_3D('',#11015,#11016,#11017);
#11015 = CARTESIAN_POINT('',(203.72,-110.53,1.6));
#11016 = DIRECTION('',(0.,0.,1.));
#11017 = DIRECTION('',(1.,0.,-0.));
#11018 = PCURVE('',#90,#11019);
#11019 = DEFINITIONAL_REPRESENTATION('',(#11020),#11028);
#11020 = ( BOUNDED_CURVE() B_SPLINE_CURVE(2,(#11021,#11022,#11023,#11024
    ,#11025,#11026,#11027),.UNSPECIFIED.,.T.,.F.) 
B_SPLINE_CURVE_WITH_KNOTS((1,2,2,2,2,1),(-2.094395102393,0.,
    2.094395102393,4.188790204786,6.28318530718,8.377580409573),
.UNSPECIFIED.) CURVE() GEOMETRIC_REPRESENTATION_ITEM() 
RATIONAL_B_SPLINE_CURVE((1.,0.5,1.,0.5,1.,0.5,1.)) REPRESENTATION_ITEM(
  '') );
#11021 = CARTESIAN_POINT('',(-6.92,69.47));
#11022 = CARTESIAN_POINT('',(-6.92,70.682435565298));
#11023 = CARTESIAN_POINT('',(-5.87,70.076217782649));
#11024 = CARTESIAN_POINT('',(-4.82,69.47));
#11025 = CARTESIAN_POINT('',(-5.87,68.863782217351));
#11026 = CARTESIAN_POINT('',(-6.92,68.257564434702));
#11027 = CARTESIAN_POINT('',(-6.92,69.47));
#11028 = ( GEOMETRIC_REPRESENTATION_CONTEXT(2) 
PARAMETRIC_REPRESENTATION_CONTEXT() REPRESENTATION_CONTEXT('2D SPACE',''
  ) );
#11029 = PCURVE('',#5183,#11030);
#11030 = DEFINITIONAL_REPRESENTATION('',(#11031),#11035);
#11031 = LINE('',#11032,#11033);
#11032 = CARTESIAN_POINT('',(0.,1.61));
#11033 = VECTOR('',#11034,1.);
#11034 = DIRECTION('',(1.,0.));
#11035 = ( GEOMETRIC_REPRESENTATION_CONTEXT(2) 
PARAMETRIC_REPRESENTATION_CONTEXT() REPRESENTATION_CONTEXT('2D SPACE',''
  ) );
#11036 = FACE_BOUND('',#11037,.F.);
#11037 = EDGE_LOOP('',(#11038));
#11038 = ORIENTED_EDGE('',*,*,#11039,.T.);
#11039 = EDGE_CURVE('',#11040,#11040,#11042,.T.);
#11040 = VERTEX_POINT('',#11041);
#11041 = CARTESIAN_POINT('',(150.65,-176.,1.6));
#11042 = SURFACE_CURVE('',#11043,(#11048,#11059),.PCURVE_S1.);
#11043 = CIRCLE('',#11044,0.65);
#11044 = AXIS2_PLACEMENT_3D('',#11045,#11046,#11047);
#11045 = CARTESIAN_POINT('',(150.,-176.,1.6));
#11046 = DIRECTION('',(0.,0.,1.));
#11047 = DIRECTION('',(1.,0.,-0.));
#11048 = PCURVE('',#90,#11049);
#11049 = DEFINITIONAL_REPRESENTATION('',(#11050),#11058);
#11050 = ( BOUNDED_CURVE() B_SPLINE_CURVE(2,(#11051,#11052,#11053,#11054
    ,#11055,#11056,#11057),.UNSPECIFIED.,.T.,.F.) 
B_SPLINE_CURVE_WITH_KNOTS((1,2,2,2,2,1),(-2.094395102393,0.,
    2.094395102393,4.188790204786,6.28318530718,8.377580409573),
.UNSPECIFIED.) CURVE() GEOMETRIC_REPRESENTATION_ITEM() 
RATIONAL_B_SPLINE_CURVE((1.,0.5,1.,0.5,1.,0.5,1.)) REPRESENTATION_ITEM(
  '') );
#11051 = CARTESIAN_POINT('',(46.85,4.));
#11052 = CARTESIAN_POINT('',(46.85,5.12583302492));
#11053 = CARTESIAN_POINT('',(47.825,4.56291651246));
#11054 = CARTESIAN_POINT('',(48.8,4.));
#11055 = CARTESIAN_POINT('',(47.825,3.43708348754));
#11056 = CARTESIAN_POINT('',(46.85,2.87416697508));
#11057 = CARTESIAN_POINT('',(46.85,4.));
#11058 = ( GEOMETRIC_REPRESENTATION_CONTEXT(2) 
PARAMETRIC_REPRESENTATION_CONTEXT() REPRESENTATION_CONTEXT('2D SPACE',''
  ) );
#11059 = PCURVE('',#5218,#11060);
#11060 = DEFINITIONAL_REPRESENTATION('',(#11061),#11065);
#11061 = LINE('',#11062,#11063);
#11062 = CARTESIAN_POINT('',(0.,1.61));
#11063 = VECTOR('',#11064,1.);
#11064 = DIRECTION('',(1.,0.));
#11065 = ( GEOMETRIC_REPRESENTATION_CONTEXT(2) 
PARAMETRIC_REPRESENTATION_CONTEXT() REPRESENTATION_CONTEXT('2D SPACE',''
  ) );
#11066 = FACE_BOUND('',#11067,.F.);
#11067 = EDGE_LOOP('',(#11068));
#11068 = ORIENTED_EDGE('',*,*,#11069,.T.);
#11069 = EDGE_CURVE('',#11070,#11070,#11072,.T.);
#11070 = VERTEX_POINT('',#11071);
#11071 = CARTESIAN_POINT('',(164.85,-170.,1.6));
#11072 = SURFACE_CURVE('',#11073,(#11078,#11089),.PCURVE_S1.);
#11073 = CIRCLE('',#11074,0.65);
#11074 = AXIS2_PLACEMENT_3D('',#11075,#11076,#11077);
#11075 = CARTESIAN_POINT('',(164.2,-170.,1.6));
#11076 = DIRECTION('',(0.,0.,1.));
#11077 = DIRECTION('',(1.,0.,-0.));
#11078 = PCURVE('',#90,#11079);
#11079 = DEFINITIONAL_REPRESENTATION('',(#11080),#11088);
#11080 = ( BOUNDED_CURVE() B_SPLINE_CURVE(2,(#11081,#11082,#11083,#11084
    ,#11085,#11086,#11087),.UNSPECIFIED.,.T.,.F.) 
B_SPLINE_CURVE_WITH_KNOTS((1,2,2,2,2,1),(-2.094395102393,0.,
    2.094395102393,4.188790204786,6.28318530718,8.377580409573),
.UNSPECIFIED.) CURVE() GEOMETRIC_REPRESENTATION_ITEM() 
RATIONAL_B_SPLINE_CURVE((1.,0.5,1.,0.5,1.,0.5,1.)) REPRESENTATION_ITEM(
  '') );
#11081 = CARTESIAN_POINT('',(32.65,10.));
#11082 = CARTESIAN_POINT('',(32.65,11.12583302492));
#11083 = CARTESIAN_POINT('',(33.625,10.56291651246));
#11084 = CARTESIAN_POINT('',(34.6,10.));
#11085 = CARTESIAN_POINT('',(33.625,9.43708348754));
#11086 = CARTESIAN_POINT('',(32.65,8.87416697508));
#11087 = CARTESIAN_POINT('',(32.65,10.));
#11088 = ( GEOMETRIC_REPRESENTATION_CONTEXT(2) 
PARAMETRIC_REPRESENTATION_CONTEXT() REPRESENTATION_CONTEXT('2D SPACE',''
  ) );
#11089 = PCURVE('',#5253,#11090);
#11090 = DEFINITIONAL_REPRESENTATION('',(#11091),#11095);
#11091 = LINE('',#11092,#11093);
#11092 = CARTESIAN_POINT('',(0.,1.61));
#11093 = VECTOR('',#11094,1.);
#11094 = DIRECTION('',(1.,0.));
#11095 = ( GEOMETRIC_REPRESENTATION_CONTEXT(2) 
PARAMETRIC_REPRESENTATION_CONTEXT() REPRESENTATION_CONTEXT('2D SPACE',''
  ) );
#11096 = FACE_BOUND('',#11097,.F.);
#11097 = EDGE_LOOP('',(#11098));
#11098 = ORIENTED_EDGE('',*,*,#11099,.T.);
#11099 = EDGE_CURVE('',#11100,#11100,#11102,.T.);
#11100 = VERTEX_POINT('',#11101);
#11101 = CARTESIAN_POINT('',(164.85,-163.,1.6));
#11102 = SURFACE_CURVE('',#11103,(#11108,#11119),.PCURVE_S1.);
#11103 = CIRCLE('',#11104,0.65);
#11104 = AXIS2_PLACEMENT_3D('',#11105,#11106,#11107);
#11105 = CARTESIAN_POINT('',(164.2,-163.,1.6));
#11106 = DIRECTION('',(0.,0.,1.));
#11107 = DIRECTION('',(1.,0.,-0.));
#11108 = PCURVE('',#90,#11109);
#11109 = DEFINITIONAL_REPRESENTATION('',(#11110),#11118);
#11110 = ( BOUNDED_CURVE() B_SPLINE_CURVE(2,(#11111,#11112,#11113,#11114
    ,#11115,#11116,#11117),.UNSPECIFIED.,.T.,.F.) 
B_SPLINE_CURVE_WITH_KNOTS((1,2,2,2,2,1),(-2.094395102393,0.,
    2.094395102393,4.188790204786,6.28318530718,8.377580409573),
.UNSPECIFIED.) CURVE() GEOMETRIC_REPRESENTATION_ITEM() 
RATIONAL_B_SPLINE_CURVE((1.,0.5,1.,0.5,1.,0.5,1.)) REPRESENTATION_ITEM(
  '') );
#11111 = CARTESIAN_POINT('',(32.65,17.));
#11112 = CARTESIAN_POINT('',(32.65,18.12583302492));
#11113 = CARTESIAN_POINT('',(33.625,17.56291651246));
#11114 = CARTESIAN_POINT('',(34.6,17.));
#11115 = CARTESIAN_POINT('',(33.625,16.43708348754));
#11116 = CARTESIAN_POINT('',(32.65,15.87416697508));
#11117 = CARTESIAN_POINT('',(32.65,17.));
#11118 = ( GEOMETRIC_REPRESENTATION_CONTEXT(2) 
PARAMETRIC_REPRESENTATION_CONTEXT() REPRESENTATION_CONTEXT('2D SPACE',''
  ) );
#11119 = PCURVE('',#5288,#11120);
#11120 = DEFINITIONAL_REPRESENTATION('',(#11121),#11125);
#11121 = LINE('',#11122,#11123);
#11122 = CARTESIAN_POINT('',(0.,1.61));
#11123 = VECTOR('',#11124,1.);
#11124 = DIRECTION('',(1.,0.));
#11125 = ( GEOMETRIC_REPRESENTATION_CONTEXT(2) 
PARAMETRIC_REPRESENTATION_CONTEXT() REPRESENTATION_CONTEXT('2D SPACE',''
  ) );
#11126 = FACE_BOUND('',#11127,.F.);
#11127 = EDGE_LOOP('',(#11128));
#11128 = ORIENTED_EDGE('',*,*,#11129,.T.);
#11129 = EDGE_CURVE('',#11130,#11130,#11132,.T.);
#11130 = VERTEX_POINT('',#11131);
#11131 = CARTESIAN_POINT('',(152.65,-170.,1.6));
#11132 = SURFACE_CURVE('',#11133,(#11138,#11149),.PCURVE_S1.);
#11133 = CIRCLE('',#11134,0.65);
#11134 = AXIS2_PLACEMENT_3D('',#11135,#11136,#11137);
#11135 = CARTESIAN_POINT('',(152.,-170.,1.6));
#11136 = DIRECTION('',(0.,0.,1.));
#11137 = DIRECTION('',(1.,0.,-0.));
#11138 = PCURVE('',#90,#11139);
#11139 = DEFINITIONAL_REPRESENTATION('',(#11140),#11148);
#11140 = ( BOUNDED_CURVE() B_SPLINE_CURVE(2,(#11141,#11142,#11143,#11144
    ,#11145,#11146,#11147),.UNSPECIFIED.,.T.,.F.) 
B_SPLINE_CURVE_WITH_KNOTS((1,2,2,2,2,1),(-2.094395102393,0.,
    2.094395102393,4.188790204786,6.28318530718,8.377580409573),
.UNSPECIFIED.) CURVE() GEOMETRIC_REPRESENTATION_ITEM() 
RATIONAL_B_SPLINE_CURVE((1.,0.5,1.,0.5,1.,0.5,1.)) REPRESENTATION_ITEM(
  '') );
#11141 = CARTESIAN_POINT('',(44.85,10.));
#11142 = CARTESIAN_POINT('',(44.85,11.12583302492));
#11143 = CARTESIAN_POINT('',(45.825,10.56291651246));
#11144 = CARTESIAN_POINT('',(46.8,10.));
#11145 = CARTESIAN_POINT('',(45.825,9.43708348754));
#11146 = CARTESIAN_POINT('',(44.85,8.87416697508));
#11147 = CARTESIAN_POINT('',(44.85,10.));
#11148 = ( GEOMETRIC_REPRESENTATION_CONTEXT(2) 
PARAMETRIC_REPRESENTATION_CONTEXT() REPRESENTATION_CONTEXT('2D SPACE',''
  ) );
#11149 = PCURVE('',#5323,#11150);
#11150 = DEFINITIONAL_REPRESENTATION('',(#11151),#11155);
#11151 = LINE('',#11152,#11153);
#11152 = CARTESIAN_POINT('',(0.,1.61));
#11153 = VECTOR('',#11154,1.);
#11154 = DIRECTION('',(1.,0.));
#11155 = ( GEOMETRIC_REPRESENTATION_CONTEXT(2) 
PARAMETRIC_REPRESENTATION_CONTEXT() REPRESENTATION_CONTEXT('2D SPACE',''
  ) );
#11156 = FACE_BOUND('',#11157,.F.);
#11157 = EDGE_LOOP('',(#11158));
#11158 = ORIENTED_EDGE('',*,*,#11159,.T.);
#11159 = EDGE_CURVE('',#11160,#11160,#11162,.T.);
#11160 = VERTEX_POINT('',#11161);
#11161 = CARTESIAN_POINT('',(152.65,-163.,1.6));
#11162 = SURFACE_CURVE('',#11163,(#11168,#11179),.PCURVE_S1.);
#11163 = CIRCLE('',#11164,0.65);
#11164 = AXIS2_PLACEMENT_3D('',#11165,#11166,#11167);
#11165 = CARTESIAN_POINT('',(152.,-163.,1.6));
#11166 = DIRECTION('',(0.,0.,1.));
#11167 = DIRECTION('',(1.,0.,-0.));
#11168 = PCURVE('',#90,#11169);
#11169 = DEFINITIONAL_REPRESENTATION('',(#11170),#11178);
#11170 = ( BOUNDED_CURVE() B_SPLINE_CURVE(2,(#11171,#11172,#11173,#11174
    ,#11175,#11176,#11177),.UNSPECIFIED.,.T.,.F.) 
B_SPLINE_CURVE_WITH_KNOTS((1,2,2,2,2,1),(-2.094395102393,0.,
    2.094395102393,4.188790204786,6.28318530718,8.377580409573),
.UNSPECIFIED.) CURVE() GEOMETRIC_REPRESENTATION_ITEM() 
RATIONAL_B_SPLINE_CURVE((1.,0.5,1.,0.5,1.,0.5,1.)) REPRESENTATION_ITEM(
  '') );
#11171 = CARTESIAN_POINT('',(44.85,17.));
#11172 = CARTESIAN_POINT('',(44.85,18.12583302492));
#11173 = CARTESIAN_POINT('',(45.825,17.56291651246));
#11174 = CARTESIAN_POINT('',(46.8,17.));
#11175 = CARTESIAN_POINT('',(45.825,16.43708348754));
#11176 = CARTESIAN_POINT('',(44.85,15.87416697508));
#11177 = CARTESIAN_POINT('',(44.85,17.));
#11178 = ( GEOMETRIC_REPRESENTATION_CONTEXT(2) 
PARAMETRIC_REPRESENTATION_CONTEXT() REPRESENTATION_CONTEXT('2D SPACE',''
  ) );
#11179 = PCURVE('',#5358,#11180);
#11180 = DEFINITIONAL_REPRESENTATION('',(#11181),#11185);
#11181 = LINE('',#11182,#11183);
#11182 = CARTESIAN_POINT('',(0.,1.61));
#11183 = VECTOR('',#11184,1.);
#11184 = DIRECTION('',(1.,0.));
#11185 = ( GEOMETRIC_REPRESENTATION_CONTEXT(2) 
PARAMETRIC_REPRESENTATION_CONTEXT() REPRESENTATION_CONTEXT('2D SPACE',''
  ) );
#11186 = FACE_BOUND('',#11187,.F.);
#11187 = EDGE_LOOP('',(#11188));
#11188 = ORIENTED_EDGE('',*,*,#11189,.T.);
#11189 = EDGE_CURVE('',#11190,#11190,#11192,.T.);
#11190 = VERTEX_POINT('',#11191);
#11191 = CARTESIAN_POINT('',(164.85,-151.,1.6));
#11192 = SURFACE_CURVE('',#11193,(#11198,#11209),.PCURVE_S1.);
#11193 = CIRCLE('',#11194,0.65);
#11194 = AXIS2_PLACEMENT_3D('',#11195,#11196,#11197);
#11195 = CARTESIAN_POINT('',(164.2,-151.,1.6));
#11196 = DIRECTION('',(0.,0.,1.));
#11197 = DIRECTION('',(1.,0.,-0.));
#11198 = PCURVE('',#90,#11199);
#11199 = DEFINITIONAL_REPRESENTATION('',(#11200),#11208);
#11200 = ( BOUNDED_CURVE() B_SPLINE_CURVE(2,(#11201,#11202,#11203,#11204
    ,#11205,#11206,#11207),.UNSPECIFIED.,.T.,.F.) 
B_SPLINE_CURVE_WITH_KNOTS((1,2,2,2,2,1),(-2.094395102393,0.,
    2.094395102393,4.188790204786,6.28318530718,8.377580409573),
.UNSPECIFIED.) CURVE() GEOMETRIC_REPRESENTATION_ITEM() 
RATIONAL_B_SPLINE_CURVE((1.,0.5,1.,0.5,1.,0.5,1.)) REPRESENTATION_ITEM(
  '') );
#11201 = CARTESIAN_POINT('',(32.65,29.));
#11202 = CARTESIAN_POINT('',(32.65,30.12583302492));
#11203 = CARTESIAN_POINT('',(33.625,29.56291651246));
#11204 = CARTESIAN_POINT('',(34.6,29.));
#11205 = CARTESIAN_POINT('',(33.625,28.43708348754));
#11206 = CARTESIAN_POINT('',(32.65,27.87416697508));
#11207 = CARTESIAN_POINT('',(32.65,29.));
#11208 = ( GEOMETRIC_REPRESENTATION_CONTEXT(2) 
PARAMETRIC_REPRESENTATION_CONTEXT() REPRESENTATION_CONTEXT('2D SPACE',''
  ) );
#11209 = PCURVE('',#5393,#11210);
#11210 = DEFINITIONAL_REPRESENTATION('',(#11211),#11215);
#11211 = LINE('',#11212,#11213);
#11212 = CARTESIAN_POINT('',(0.,1.61));
#11213 = VECTOR('',#11214,1.);
#11214 = DIRECTION('',(1.,0.));
#11215 = ( GEOMETRIC_REPRESENTATION_CONTEXT(2) 
PARAMETRIC_REPRESENTATION_CONTEXT() REPRESENTATION_CONTEXT('2D SPACE',''
  ) );
#11216 = FACE_BOUND('',#11217,.F.);
#11217 = EDGE_LOOP('',(#11218));
#11218 = ORIENTED_EDGE('',*,*,#11219,.T.);
#11219 = EDGE_CURVE('',#11220,#11220,#11222,.T.);
#11220 = VERTEX_POINT('',#11221);
#11221 = CARTESIAN_POINT('',(150.65,-157.,1.6));
#11222 = SURFACE_CURVE('',#11223,(#11228,#11239),.PCURVE_S1.);
#11223 = CIRCLE('',#11224,0.65);
#11224 = AXIS2_PLACEMENT_3D('',#11225,#11226,#11227);
#11225 = CARTESIAN_POINT('',(150.,-157.,1.6));
#11226 = DIRECTION('',(0.,0.,1.));
#11227 = DIRECTION('',(1.,0.,-0.));
#11228 = PCURVE('',#90,#11229);
#11229 = DEFINITIONAL_REPRESENTATION('',(#11230),#11238);
#11230 = ( BOUNDED_CURVE() B_SPLINE_CURVE(2,(#11231,#11232,#11233,#11234
    ,#11235,#11236,#11237),.UNSPECIFIED.,.T.,.F.) 
B_SPLINE_CURVE_WITH_KNOTS((1,2,2,2,2,1),(-2.094395102393,0.,
    2.094395102393,4.188790204786,6.28318530718,8.377580409573),
.UNSPECIFIED.) CURVE() GEOMETRIC_REPRESENTATION_ITEM() 
RATIONAL_B_SPLINE_CURVE((1.,0.5,1.,0.5,1.,0.5,1.)) REPRESENTATION_ITEM(
  '') );
#11231 = CARTESIAN_POINT('',(46.85,23.));
#11232 = CARTESIAN_POINT('',(46.85,24.12583302492));
#11233 = CARTESIAN_POINT('',(47.825,23.56291651246));
#11234 = CARTESIAN_POINT('',(48.8,23.));
#11235 = CARTESIAN_POINT('',(47.825,22.43708348754));
#11236 = CARTESIAN_POINT('',(46.85,21.87416697508));
#11237 = CARTESIAN_POINT('',(46.85,23.));
#11238 = ( GEOMETRIC_REPRESENTATION_CONTEXT(2) 
PARAMETRIC_REPRESENTATION_CONTEXT() REPRESENTATION_CONTEXT('2D SPACE',''
  ) );
#11239 = PCURVE('',#5428,#11240);
#11240 = DEFINITIONAL_REPRESENTATION('',(#11241),#11245);
#11241 = LINE('',#11242,#11243);
#11242 = CARTESIAN_POINT('',(0.,1.61));
#11243 = VECTOR('',#11244,1.);
#11244 = DIRECTION('',(1.,0.));
#11245 = ( GEOMETRIC_REPRESENTATION_CONTEXT(2) 
PARAMETRIC_REPRESENTATION_CONTEXT() REPRESENTATION_CONTEXT('2D SPACE',''
  ) );
#11246 = FACE_BOUND('',#11247,.F.);
#11247 = EDGE_LOOP('',(#11248));
#11248 = ORIENTED_EDGE('',*,*,#11249,.T.);
#11249 = EDGE_CURVE('',#11250,#11250,#11252,.T.);
#11250 = VERTEX_POINT('',#11251);
#11251 = CARTESIAN_POINT('',(152.65,-151.,1.6));
#11252 = SURFACE_CURVE('',#11253,(#11258,#11269),.PCURVE_S1.);
#11253 = CIRCLE('',#11254,0.65);
#11254 = AXIS2_PLACEMENT_3D('',#11255,#11256,#11257);
#11255 = CARTESIAN_POINT('',(152.,-151.,1.6));
#11256 = DIRECTION('',(0.,0.,1.));
#11257 = DIRECTION('',(1.,0.,-0.));
#11258 = PCURVE('',#90,#11259);
#11259 = DEFINITIONAL_REPRESENTATION('',(#11260),#11268);
#11260 = ( BOUNDED_CURVE() B_SPLINE_CURVE(2,(#11261,#11262,#11263,#11264
    ,#11265,#11266,#11267),.UNSPECIFIED.,.T.,.F.) 
B_SPLINE_CURVE_WITH_KNOTS((1,2,2,2,2,1),(-2.094395102393,0.,
    2.094395102393,4.188790204786,6.28318530718,8.377580409573),
.UNSPECIFIED.) CURVE() GEOMETRIC_REPRESENTATION_ITEM() 
RATIONAL_B_SPLINE_CURVE((1.,0.5,1.,0.5,1.,0.5,1.)) REPRESENTATION_ITEM(
  '') );
#11261 = CARTESIAN_POINT('',(44.85,29.));
#11262 = CARTESIAN_POINT('',(44.85,30.12583302492));
#11263 = CARTESIAN_POINT('',(45.825,29.56291651246));
#11264 = CARTESIAN_POINT('',(46.8,29.));
#11265 = CARTESIAN_POINT('',(45.825,28.43708348754));
#11266 = CARTESIAN_POINT('',(44.85,27.87416697508));
#11267 = CARTESIAN_POINT('',(44.85,29.));
#11268 = ( GEOMETRIC_REPRESENTATION_CONTEXT(2) 
PARAMETRIC_REPRESENTATION_CONTEXT() REPRESENTATION_CONTEXT('2D SPACE',''
  ) );
#11269 = PCURVE('',#5463,#11270);
#11270 = DEFINITIONAL_REPRESENTATION('',(#11271),#11275);
#11271 = LINE('',#11272,#11273);
#11272 = CARTESIAN_POINT('',(0.,1.61));
#11273 = VECTOR('',#11274,1.);
#11274 = DIRECTION('',(1.,0.));
#11275 = ( GEOMETRIC_REPRESENTATION_CONTEXT(2) 
PARAMETRIC_REPRESENTATION_CONTEXT() REPRESENTATION_CONTEXT('2D SPACE',''
  ) );
#11276 = FACE_BOUND('',#11277,.F.);
#11277 = EDGE_LOOP('',(#11278));
#11278 = ORIENTED_EDGE('',*,*,#11279,.T.);
#11279 = EDGE_CURVE('',#11280,#11280,#11282,.T.);
#11280 = VERTEX_POINT('',#11281);
#11281 = CARTESIAN_POINT('',(109.13,-169.5,1.6));
#11282 = SURFACE_CURVE('',#11283,(#11288,#11299),.PCURVE_S1.);
#11283 = CIRCLE('',#11284,0.6);
#11284 = AXIS2_PLACEMENT_3D('',#11285,#11286,#11287);
#11285 = CARTESIAN_POINT('',(108.53,-169.5,1.6));
#11286 = DIRECTION('',(0.,0.,1.));
#11287 = DIRECTION('',(1.,0.,-0.));
#11288 = PCURVE('',#90,#11289);
#11289 = DEFINITIONAL_REPRESENTATION('',(#11290),#11298);
#11290 = ( BOUNDED_CURVE() B_SPLINE_CURVE(2,(#11291,#11292,#11293,#11294
    ,#11295,#11296,#11297),.UNSPECIFIED.,.T.,.F.) 
B_SPLINE_CURVE_WITH_KNOTS((1,2,2,2,2,1),(-2.094395102393,0.,
    2.094395102393,4.188790204786,6.28318530718,8.377580409573),
.UNSPECIFIED.) CURVE() GEOMETRIC_REPRESENTATION_ITEM() 
RATIONAL_B_SPLINE_CURVE((1.,0.5,1.,0.5,1.,0.5,1.)) REPRESENTATION_ITEM(
  '') );
#11291 = CARTESIAN_POINT('',(88.37,10.5));
#11292 = CARTESIAN_POINT('',(88.37,11.539230484541));
#11293 = CARTESIAN_POINT('',(89.27,11.019615242271));
#11294 = CARTESIAN_POINT('',(90.17,10.5));
#11295 = CARTESIAN_POINT('',(89.27,9.980384757729));
#11296 = CARTESIAN_POINT('',(88.37,9.460769515459));
#11297 = CARTESIAN_POINT('',(88.37,10.5));
#11298 = ( GEOMETRIC_REPRESENTATION_CONTEXT(2) 
PARAMETRIC_REPRESENTATION_CONTEXT() REPRESENTATION_CONTEXT('2D SPACE',''
  ) );
#11299 = PCURVE('',#5498,#11300);
#11300 = DEFINITIONAL_REPRESENTATION('',(#11301),#11305);
#11301 = LINE('',#11302,#11303);
#11302 = CARTESIAN_POINT('',(0.,1.61));
#11303 = VECTOR('',#11304,1.);
#11304 = DIRECTION('',(1.,0.));
#11305 = ( GEOMETRIC_REPRESENTATION_CONTEXT(2) 
PARAMETRIC_REPRESENTATION_CONTEXT() REPRESENTATION_CONTEXT('2D SPACE',''
  ) );
#11306 = FACE_BOUND('',#11307,.F.);
#11307 = EDGE_LOOP('',(#11308));
#11308 = ORIENTED_EDGE('',*,*,#11309,.T.);
#11309 = EDGE_CURVE('',#11310,#11310,#11312,.T.);
#11310 = VERTEX_POINT('',#11311);
#11311 = CARTESIAN_POINT('',(109.13,-166.,1.6));
#11312 = SURFACE_CURVE('',#11313,(#11318,#11329),.PCURVE_S1.);
#11313 = CIRCLE('',#11314,0.6);
#11314 = AXIS2_PLACEMENT_3D('',#11315,#11316,#11317);
#11315 = CARTESIAN_POINT('',(108.53,-166.,1.6));
#11316 = DIRECTION('',(0.,0.,1.));
#11317 = DIRECTION('',(1.,0.,-0.));
#11318 = PCURVE('',#90,#11319);
#11319 = DEFINITIONAL_REPRESENTATION('',(#11320),#11328);
#11320 = ( BOUNDED_CURVE() B_SPLINE_CURVE(2,(#11321,#11322,#11323,#11324
    ,#11325,#11326,#11327),.UNSPECIFIED.,.T.,.F.) 
B_SPLINE_CURVE_WITH_KNOTS((1,2,2,2,2,1),(-2.094395102393,0.,
    2.094395102393,4.188790204786,6.28318530718,8.377580409573),
.UNSPECIFIED.) CURVE() GEOMETRIC_REPRESENTATION_ITEM() 
RATIONAL_B_SPLINE_CURVE((1.,0.5,1.,0.5,1.,0.5,1.)) REPRESENTATION_ITEM(
  '') );
#11321 = CARTESIAN_POINT('',(88.37,14.));
#11322 = CARTESIAN_POINT('',(88.37,15.039230484541));
#11323 = CARTESIAN_POINT('',(89.27,14.519615242271));
#11324 = CARTESIAN_POINT('',(90.17,14.));
#11325 = CARTESIAN_POINT('',(89.27,13.480384757729));
#11326 = CARTESIAN_POINT('',(88.37,12.960769515459));
#11327 = CARTESIAN_POINT('',(88.37,14.));
#11328 = ( GEOMETRIC_REPRESENTATION_CONTEXT(2) 
PARAMETRIC_REPRESENTATION_CONTEXT() REPRESENTATION_CONTEXT('2D SPACE',''
  ) );
#11329 = PCURVE('',#5533,#11330);
#11330 = DEFINITIONAL_REPRESENTATION('',(#11331),#11335);
#11331 = LINE('',#11332,#11333);
#11332 = CARTESIAN_POINT('',(0.,1.61));
#11333 = VECTOR('',#11334,1.);
#11334 = DIRECTION('',(1.,0.));
#11335 = ( GEOMETRIC_REPRESENTATION_CONTEXT(2) 
PARAMETRIC_REPRESENTATION_CONTEXT() REPRESENTATION_CONTEXT('2D SPACE',''
  ) );
#11336 = FACE_BOUND('',#11337,.F.);
#11337 = EDGE_LOOP('',(#11338));
#11338 = ORIENTED_EDGE('',*,*,#11339,.T.);
#11339 = EDGE_CURVE('',#11340,#11340,#11342,.T.);
#11340 = VERTEX_POINT('',#11341);
#11341 = CARTESIAN_POINT('',(111.23,-155.08,1.6));
#11342 = SURFACE_CURVE('',#11343,(#11348,#11359),.PCURVE_S1.);
#11343 = CIRCLE('',#11344,0.7);
#11344 = AXIS2_PLACEMENT_3D('',#11345,#11346,#11347);
#11345 = CARTESIAN_POINT('',(110.53,-155.08,1.6));
#11346 = DIRECTION('',(0.,0.,1.));
#11347 = DIRECTION('',(1.,0.,-0.));
#11348 = PCURVE('',#90,#11349);
#11349 = DEFINITIONAL_REPRESENTATION('',(#11350),#11358);
#11350 = ( BOUNDED_CURVE() B_SPLINE_CURVE(2,(#11351,#11352,#11353,#11354
    ,#11355,#11356,#11357),.UNSPECIFIED.,.T.,.F.) 
B_SPLINE_CURVE_WITH_KNOTS((1,2,2,2,2,1),(-2.094395102393,0.,
    2.094395102393,4.188790204786,6.28318530718,8.377580409573),
.UNSPECIFIED.) CURVE() GEOMETRIC_REPRESENTATION_ITEM() 
RATIONAL_B_SPLINE_CURVE((1.,0.5,1.,0.5,1.,0.5,1.)) REPRESENTATION_ITEM(
  '') );
#11351 = CARTESIAN_POINT('',(86.27,24.92));
#11352 = CARTESIAN_POINT('',(86.27,26.132435565298));
#11353 = CARTESIAN_POINT('',(87.32,25.526217782649));
#11354 = CARTESIAN_POINT('',(88.37,24.92));
#11355 = CARTESIAN_POINT('',(87.32,24.313782217351));
#11356 = CARTESIAN_POINT('',(86.27,23.707564434702));
#11357 = CARTESIAN_POINT('',(86.27,24.92));
#11358 = ( GEOMETRIC_REPRESENTATION_CONTEXT(2) 
PARAMETRIC_REPRESENTATION_CONTEXT() REPRESENTATION_CONTEXT('2D SPACE',''
  ) );
#11359 = PCURVE('',#5568,#11360);
#11360 = DEFINITIONAL_REPRESENTATION('',(#11361),#11365);
#11361 = LINE('',#11362,#11363);
#11362 = CARTESIAN_POINT('',(0.,1.61));
#11363 = VECTOR('',#11364,1.);
#11364 = DIRECTION('',(1.,0.));
#11365 = ( GEOMETRIC_REPRESENTATION_CONTEXT(2) 
PARAMETRIC_REPRESENTATION_CONTEXT() REPRESENTATION_CONTEXT('2D SPACE',''
  ) );
#11366 = FACE_BOUND('',#11367,.F.);
#11367 = EDGE_LOOP('',(#11368));
#11368 = ORIENTED_EDGE('',*,*,#11369,.T.);
#11369 = EDGE_CURVE('',#11370,#11370,#11372,.T.);
#11370 = VERTEX_POINT('',#11371);
#11371 = CARTESIAN_POINT('',(121.565,-149.285,1.6));
#11372 = SURFACE_CURVE('',#11373,(#11378,#11389),.PCURVE_S1.);
#11373 = CIRCLE('',#11374,0.5);
#11374 = AXIS2_PLACEMENT_3D('',#11375,#11376,#11377);
#11375 = CARTESIAN_POINT('',(121.065,-149.285,1.6));
#11376 = DIRECTION('',(0.,0.,1.));
#11377 = DIRECTION('',(1.,0.,-0.));
#11378 = PCURVE('',#90,#11379);
#11379 = DEFINITIONAL_REPRESENTATION('',(#11380),#11388);
#11380 = ( BOUNDED_CURVE() B_SPLINE_CURVE(2,(#11381,#11382,#11383,#11384
    ,#11385,#11386,#11387),.UNSPECIFIED.,.T.,.F.) 
B_SPLINE_CURVE_WITH_KNOTS((1,2,2,2,2,1),(-2.094395102393,0.,
    2.094395102393,4.188790204786,6.28318530718,8.377580409573),
.UNSPECIFIED.) CURVE() GEOMETRIC_REPRESENTATION_ITEM() 
RATIONAL_B_SPLINE_CURVE((1.,0.5,1.,0.5,1.,0.5,1.)) REPRESENTATION_ITEM(
  '') );
#11381 = CARTESIAN_POINT('',(75.935,30.715));
#11382 = CARTESIAN_POINT('',(75.935,31.581025403784));
#11383 = CARTESIAN_POINT('',(76.685,31.148012701892));
#11384 = CARTESIAN_POINT('',(77.435,30.715));
#11385 = CARTESIAN_POINT('',(76.685,30.281987298108));
#11386 = CARTESIAN_POINT('',(75.935,29.848974596216));
#11387 = CARTESIAN_POINT('',(75.935,30.715));
#11388 = ( GEOMETRIC_REPRESENTATION_CONTEXT(2) 
PARAMETRIC_REPRESENTATION_CONTEXT() REPRESENTATION_CONTEXT('2D SPACE',''
  ) );
#11389 = PCURVE('',#5603,#11390);
#11390 = DEFINITIONAL_REPRESENTATION('',(#11391),#11395);
#11391 = LINE('',#11392,#11393);
#11392 = CARTESIAN_POINT('',(0.,1.61));
#11393 = VECTOR('',#11394,1.);
#11394 = DIRECTION('',(1.,0.));
#11395 = ( GEOMETRIC_REPRESENTATION_CONTEXT(2) 
PARAMETRIC_REPRESENTATION_CONTEXT() REPRESENTATION_CONTEXT('2D SPACE',''
  ) );
#11396 = FACE_BOUND('',#11397,.F.);
#11397 = EDGE_LOOP('',(#11398));
#11398 = ORIENTED_EDGE('',*,*,#11399,.T.);
#11399 = EDGE_CURVE('',#11400,#11400,#11402,.T.);
#11400 = VERTEX_POINT('',#11401);
#11401 = CARTESIAN_POINT('',(116.485,-149.275,1.6));
#11402 = SURFACE_CURVE('',#11403,(#11408,#11419),.PCURVE_S1.);
#11403 = CIRCLE('',#11404,0.5);
#11404 = AXIS2_PLACEMENT_3D('',#11405,#11406,#11407);
#11405 = CARTESIAN_POINT('',(115.985,-149.275,1.6));
#11406 = DIRECTION('',(0.,0.,1.));
#11407 = DIRECTION('',(1.,0.,-0.));
#11408 = PCURVE('',#90,#11409);
#11409 = DEFINITIONAL_REPRESENTATION('',(#11410),#11418);
#11410 = ( BOUNDED_CURVE() B_SPLINE_CURVE(2,(#11411,#11412,#11413,#11414
    ,#11415,#11416,#11417),.UNSPECIFIED.,.T.,.F.) 
B_SPLINE_CURVE_WITH_KNOTS((1,2,2,2,2,1),(-2.094395102393,0.,
    2.094395102393,4.188790204786,6.28318530718,8.377580409573),
.UNSPECIFIED.) CURVE() GEOMETRIC_REPRESENTATION_ITEM() 
RATIONAL_B_SPLINE_CURVE((1.,0.5,1.,0.5,1.,0.5,1.)) REPRESENTATION_ITEM(
  '') );
#11411 = CARTESIAN_POINT('',(81.015,30.725));
#11412 = CARTESIAN_POINT('',(81.015,31.591025403784));
#11413 = CARTESIAN_POINT('',(81.765,31.158012701892));
#11414 = CARTESIAN_POINT('',(82.515,30.725));
#11415 = CARTESIAN_POINT('',(81.765,30.291987298108));
#11416 = CARTESIAN_POINT('',(81.015,29.858974596216));
#11417 = CARTESIAN_POINT('',(81.015,30.725));
#11418 = ( GEOMETRIC_REPRESENTATION_CONTEXT(2) 
PARAMETRIC_REPRESENTATION_CONTEXT() REPRESENTATION_CONTEXT('2D SPACE',''
  ) );
#11419 = PCURVE('',#5638,#11420);
#11420 = DEFINITIONAL_REPRESENTATION('',(#11421),#11425);
#11421 = LINE('',#11422,#11423);
#11422 = CARTESIAN_POINT('',(0.,1.61));
#11423 = VECTOR('',#11424,1.);
#11424 = DIRECTION('',(1.,0.));
#11425 = ( GEOMETRIC_REPRESENTATION_CONTEXT(2) 
PARAMETRIC_REPRESENTATION_CONTEXT() REPRESENTATION_CONTEXT('2D SPACE',''
  ) );
#11426 = FACE_BOUND('',#11427,.F.);
#11427 = EDGE_LOOP('',(#11428));
#11428 = ORIENTED_EDGE('',*,*,#11429,.T.);
#11429 = EDGE_CURVE('',#11430,#11430,#11432,.T.);
#11430 = VERTEX_POINT('',#11431);
#11431 = CARTESIAN_POINT('',(111.23,-150.,1.6));
#11432 = SURFACE_CURVE('',#11433,(#11438,#11449),.PCURVE_S1.);
#11433 = CIRCLE('',#11434,0.7);
#11434 = AXIS2_PLACEMENT_3D('',#11435,#11436,#11437);
#11435 = CARTESIAN_POINT('',(110.53,-150.,1.6));
#11436 = DIRECTION('',(0.,0.,1.));
#11437 = DIRECTION('',(1.,0.,-0.));
#11438 = PCURVE('',#90,#11439);
#11439 = DEFINITIONAL_REPRESENTATION('',(#11440),#11448);
#11440 = ( BOUNDED_CURVE() B_SPLINE_CURVE(2,(#11441,#11442,#11443,#11444
    ,#11445,#11446,#11447),.UNSPECIFIED.,.T.,.F.) 
B_SPLINE_CURVE_WITH_KNOTS((1,2,2,2,2,1),(-2.094395102393,0.,
    2.094395102393,4.188790204786,6.28318530718,8.377580409573),
.UNSPECIFIED.) CURVE() GEOMETRIC_REPRESENTATION_ITEM() 
RATIONAL_B_SPLINE_CURVE((1.,0.5,1.,0.5,1.,0.5,1.)) REPRESENTATION_ITEM(
  '') );
#11441 = CARTESIAN_POINT('',(86.27,30.));
#11442 = CARTESIAN_POINT('',(86.27,31.212435565298));
#11443 = CARTESIAN_POINT('',(87.32,30.606217782649));
#11444 = CARTESIAN_POINT('',(88.37,30.));
#11445 = CARTESIAN_POINT('',(87.32,29.393782217351));
#11446 = CARTESIAN_POINT('',(86.27,28.787564434702));
#11447 = CARTESIAN_POINT('',(86.27,30.));
#11448 = ( GEOMETRIC_REPRESENTATION_CONTEXT(2) 
PARAMETRIC_REPRESENTATION_CONTEXT() REPRESENTATION_CONTEXT('2D SPACE',''
  ) );
#11449 = PCURVE('',#5673,#11450);
#11450 = DEFINITIONAL_REPRESENTATION('',(#11451),#11455);
#11451 = LINE('',#11452,#11453);
#11452 = CARTESIAN_POINT('',(0.,1.61));
#11453 = VECTOR('',#11454,1.);
#11454 = DIRECTION('',(1.,0.));
#11455 = ( GEOMETRIC_REPRESENTATION_CONTEXT(2) 
PARAMETRIC_REPRESENTATION_CONTEXT() REPRESENTATION_CONTEXT('2D SPACE',''
  ) );
#11456 = FACE_BOUND('',#11457,.F.);
#11457 = EDGE_LOOP('',(#11458));
#11458 = ORIENTED_EDGE('',*,*,#11459,.T.);
#11459 = EDGE_CURVE('',#11460,#11460,#11462,.T.);
#11460 = VERTEX_POINT('',#11461);
#11461 = CARTESIAN_POINT('',(192.45,-130.2,1.6));
#11462 = SURFACE_CURVE('',#11463,(#11468,#11479),.PCURVE_S1.);
#11463 = CIRCLE('',#11464,0.65);
#11464 = AXIS2_PLACEMENT_3D('',#11465,#11466,#11467);
#11465 = CARTESIAN_POINT('',(191.8,-130.2,1.6));
#11466 = DIRECTION('',(0.,0.,1.));
#11467 = DIRECTION('',(1.,0.,-0.));
#11468 = PCURVE('',#90,#11469);
#11469 = DEFINITIONAL_REPRESENTATION('',(#11470),#11478);
#11470 = ( BOUNDED_CURVE() B_SPLINE_CURVE(2,(#11471,#11472,#11473,#11474
    ,#11475,#11476,#11477),.UNSPECIFIED.,.T.,.F.) 
B_SPLINE_CURVE_WITH_KNOTS((1,2,2,2,2,1),(-2.094395102393,0.,
    2.094395102393,4.188790204786,6.28318530718,8.377580409573),
.UNSPECIFIED.) CURVE() GEOMETRIC_REPRESENTATION_ITEM() 
RATIONAL_B_SPLINE_CURVE((1.,0.5,1.,0.5,1.,0.5,1.)) REPRESENTATION_ITEM(
  '') );
#11471 = CARTESIAN_POINT('',(5.05,49.8));
#11472 = CARTESIAN_POINT('',(5.05,50.92583302492));
#11473 = CARTESIAN_POINT('',(6.025,50.36291651246));
#11474 = CARTESIAN_POINT('',(7.,49.8));
#11475 = CARTESIAN_POINT('',(6.025,49.23708348754));
#11476 = CARTESIAN_POINT('',(5.05,48.67416697508));
#11477 = CARTESIAN_POINT('',(5.05,49.8));
#11478 = ( GEOMETRIC_REPRESENTATION_CONTEXT(2) 
PARAMETRIC_REPRESENTATION_CONTEXT() REPRESENTATION_CONTEXT('2D SPACE',''
  ) );
#11479 = PCURVE('',#5708,#11480);
#11480 = DEFINITIONAL_REPRESENTATION('',(#11481),#11485);
#11481 = LINE('',#11482,#11483);
#11482 = CARTESIAN_POINT('',(0.,1.61));
#11483 = VECTOR('',#11484,1.);
#11484 = DIRECTION('',(1.,0.));
#11485 = ( GEOMETRIC_REPRESENTATION_CONTEXT(2) 
PARAMETRIC_REPRESENTATION_CONTEXT() REPRESENTATION_CONTEXT('2D SPACE',''
  ) );
#11486 = FACE_BOUND('',#11487,.F.);
#11487 = EDGE_LOOP('',(#11488));
#11488 = ORIENTED_EDGE('',*,*,#11489,.T.);
#11489 = EDGE_CURVE('',#11490,#11490,#11492,.T.);
#11490 = VERTEX_POINT('',#11491);
#11491 = CARTESIAN_POINT('',(180.45,-130.2,1.6));
#11492 = SURFACE_CURVE('',#11493,(#11498,#11509),.PCURVE_S1.);
#11493 = CIRCLE('',#11494,0.65);
#11494 = AXIS2_PLACEMENT_3D('',#11495,#11496,#11497);
#11495 = CARTESIAN_POINT('',(179.8,-130.2,1.6));
#11496 = DIRECTION('',(0.,0.,1.));
#11497 = DIRECTION('',(1.,0.,-0.));
#11498 = PCURVE('',#90,#11499);
#11499 = DEFINITIONAL_REPRESENTATION('',(#11500),#11508);
#11500 = ( BOUNDED_CURVE() B_SPLINE_CURVE(2,(#11501,#11502,#11503,#11504
    ,#11505,#11506,#11507),.UNSPECIFIED.,.T.,.F.) 
B_SPLINE_CURVE_WITH_KNOTS((1,2,2,2,2,1),(-2.094395102393,0.,
    2.094395102393,4.188790204786,6.28318530718,8.377580409573),
.UNSPECIFIED.) CURVE() GEOMETRIC_REPRESENTATION_ITEM() 
RATIONAL_B_SPLINE_CURVE((1.,0.5,1.,0.5,1.,0.5,1.)) REPRESENTATION_ITEM(
  '') );
#11501 = CARTESIAN_POINT('',(17.05,49.8));
#11502 = CARTESIAN_POINT('',(17.05,50.92583302492));
#11503 = CARTESIAN_POINT('',(18.025,50.36291651246));
#11504 = CARTESIAN_POINT('',(19.,49.8));
#11505 = CARTESIAN_POINT('',(18.025,49.23708348754));
#11506 = CARTESIAN_POINT('',(17.05,48.67416697508));
#11507 = CARTESIAN_POINT('',(17.05,49.8));
#11508 = ( GEOMETRIC_REPRESENTATION_CONTEXT(2) 
PARAMETRIC_REPRESENTATION_CONTEXT() REPRESENTATION_CONTEXT('2D SPACE',''
  ) );
#11509 = PCURVE('',#5743,#11510);
#11510 = DEFINITIONAL_REPRESENTATION('',(#11511),#11515);
#11511 = LINE('',#11512,#11513);
#11512 = CARTESIAN_POINT('',(0.,1.61));
#11513 = VECTOR('',#11514,1.);
#11514 = DIRECTION('',(1.,0.));
#11515 = ( GEOMETRIC_REPRESENTATION_CONTEXT(2) 
PARAMETRIC_REPRESENTATION_CONTEXT() REPRESENTATION_CONTEXT('2D SPACE',''
  ) );
#11516 = FACE_BOUND('',#11517,.F.);
#11517 = EDGE_LOOP('',(#11518));
#11518 = ORIENTED_EDGE('',*,*,#11519,.T.);
#11519 = EDGE_CURVE('',#11520,#11520,#11522,.T.);
#11520 = VERTEX_POINT('',#11521);
#11521 = CARTESIAN_POINT('',(169.45,-130.2,1.6));
#11522 = SURFACE_CURVE('',#11523,(#11528,#11539),.PCURVE_S1.);
#11523 = CIRCLE('',#11524,0.65);
#11524 = AXIS2_PLACEMENT_3D('',#11525,#11526,#11527);
#11525 = CARTESIAN_POINT('',(168.8,-130.2,1.6));
#11526 = DIRECTION('',(0.,0.,1.));
#11527 = DIRECTION('',(1.,0.,-0.));
#11528 = PCURVE('',#90,#11529);
#11529 = DEFINITIONAL_REPRESENTATION('',(#11530),#11538);
#11530 = ( BOUNDED_CURVE() B_SPLINE_CURVE(2,(#11531,#11532,#11533,#11534
    ,#11535,#11536,#11537),.UNSPECIFIED.,.T.,.F.) 
B_SPLINE_CURVE_WITH_KNOTS((1,2,2,2,2,1),(-2.094395102393,0.,
    2.094395102393,4.188790204786,6.28318530718,8.377580409573),
.UNSPECIFIED.) CURVE() GEOMETRIC_REPRESENTATION_ITEM() 
RATIONAL_B_SPLINE_CURVE((1.,0.5,1.,0.5,1.,0.5,1.)) REPRESENTATION_ITEM(
  '') );
#11531 = CARTESIAN_POINT('',(28.05,49.8));
#11532 = CARTESIAN_POINT('',(28.05,50.92583302492));
#11533 = CARTESIAN_POINT('',(29.025,50.36291651246));
#11534 = CARTESIAN_POINT('',(30.,49.8));
#11535 = CARTESIAN_POINT('',(29.025,49.23708348754));
#11536 = CARTESIAN_POINT('',(28.05,48.67416697508));
#11537 = CARTESIAN_POINT('',(28.05,49.8));
#11538 = ( GEOMETRIC_REPRESENTATION_CONTEXT(2) 
PARAMETRIC_REPRESENTATION_CONTEXT() REPRESENTATION_CONTEXT('2D SPACE',''
  ) );
#11539 = PCURVE('',#5778,#11540);
#11540 = DEFINITIONAL_REPRESENTATION('',(#11541),#11545);
#11541 = LINE('',#11542,#11543);
#11542 = CARTESIAN_POINT('',(0.,1.61));
#11543 = VECTOR('',#11544,1.);
#11544 = DIRECTION('',(1.,0.));
#11545 = ( GEOMETRIC_REPRESENTATION_CONTEXT(2) 
PARAMETRIC_REPRESENTATION_CONTEXT() REPRESENTATION_CONTEXT('2D SPACE',''
  ) );
#11546 = FACE_BOUND('',#11547,.F.);
#11547 = EDGE_LOOP('',(#11548));
#11548 = ORIENTED_EDGE('',*,*,#11549,.T.);
#11549 = EDGE_CURVE('',#11550,#11550,#11552,.T.);
#11550 = VERTEX_POINT('',#11551);
#11551 = CARTESIAN_POINT('',(157.45,-130.2,1.6));
#11552 = SURFACE_CURVE('',#11553,(#11558,#11569),.PCURVE_S1.);
#11553 = CIRCLE('',#11554,0.65);
#11554 = AXIS2_PLACEMENT_3D('',#11555,#11556,#11557);
#11555 = CARTESIAN_POINT('',(156.8,-130.2,1.6));
#11556 = DIRECTION('',(0.,0.,1.));
#11557 = DIRECTION('',(1.,0.,-0.));
#11558 = PCURVE('',#90,#11559);
#11559 = DEFINITIONAL_REPRESENTATION('',(#11560),#11568);
#11560 = ( BOUNDED_CURVE() B_SPLINE_CURVE(2,(#11561,#11562,#11563,#11564
    ,#11565,#11566,#11567),.UNSPECIFIED.,.T.,.F.) 
B_SPLINE_CURVE_WITH_KNOTS((1,2,2,2,2,1),(-2.094395102393,0.,
    2.094395102393,4.188790204786,6.28318530718,8.377580409573),
.UNSPECIFIED.) CURVE() GEOMETRIC_REPRESENTATION_ITEM() 
RATIONAL_B_SPLINE_CURVE((1.,0.5,1.,0.5,1.,0.5,1.)) REPRESENTATION_ITEM(
  '') );
#11561 = CARTESIAN_POINT('',(40.05,49.8));
#11562 = CARTESIAN_POINT('',(40.05,50.92583302492));
#11563 = CARTESIAN_POINT('',(41.025,50.36291651246));
#11564 = CARTESIAN_POINT('',(42.,49.8));
#11565 = CARTESIAN_POINT('',(41.025,49.23708348754));
#11566 = CARTESIAN_POINT('',(40.05,48.67416697508));
#11567 = CARTESIAN_POINT('',(40.05,49.8));
#11568 = ( GEOMETRIC_REPRESENTATION_CONTEXT(2) 
PARAMETRIC_REPRESENTATION_CONTEXT() REPRESENTATION_CONTEXT('2D SPACE',''
  ) );
#11569 = PCURVE('',#5813,#11570);
#11570 = DEFINITIONAL_REPRESENTATION('',(#11571),#11575);
#11571 = LINE('',#11572,#11573);
#11572 = CARTESIAN_POINT('',(0.,1.61));
#11573 = VECTOR('',#11574,1.);
#11574 = DIRECTION('',(1.,0.));
#11575 = ( GEOMETRIC_REPRESENTATION_CONTEXT(2) 
PARAMETRIC_REPRESENTATION_CONTEXT() REPRESENTATION_CONTEXT('2D SPACE',''
  ) );
#11576 = FACE_BOUND('',#11577,.F.);
#11577 = EDGE_LOOP('',(#11578));
#11578 = ORIENTED_EDGE('',*,*,#11579,.T.);
#11579 = EDGE_CURVE('',#11580,#11580,#11582,.T.);
#11580 = VERTEX_POINT('',#11581);
#11581 = CARTESIAN_POINT('',(192.45,-118.,1.6));
#11582 = SURFACE_CURVE('',#11583,(#11588,#11599),.PCURVE_S1.);
#11583 = CIRCLE('',#11584,0.65);
#11584 = AXIS2_PLACEMENT_3D('',#11585,#11586,#11587);
#11585 = CARTESIAN_POINT('',(191.8,-118.,1.6));
#11586 = DIRECTION('',(0.,0.,1.));
#11587 = DIRECTION('',(1.,0.,-0.));
#11588 = PCURVE('',#90,#11589);
#11589 = DEFINITIONAL_REPRESENTATION('',(#11590),#11598);
#11590 = ( BOUNDED_CURVE() B_SPLINE_CURVE(2,(#11591,#11592,#11593,#11594
    ,#11595,#11596,#11597),.UNSPECIFIED.,.T.,.F.) 
B_SPLINE_CURVE_WITH_KNOTS((1,2,2,2,2,1),(-2.094395102393,0.,
    2.094395102393,4.188790204786,6.28318530718,8.377580409573),
.UNSPECIFIED.) CURVE() GEOMETRIC_REPRESENTATION_ITEM() 
RATIONAL_B_SPLINE_CURVE((1.,0.5,1.,0.5,1.,0.5,1.)) REPRESENTATION_ITEM(
  '') );
#11591 = CARTESIAN_POINT('',(5.05,62.));
#11592 = CARTESIAN_POINT('',(5.05,63.12583302492));
#11593 = CARTESIAN_POINT('',(6.025,62.56291651246));
#11594 = CARTESIAN_POINT('',(7.,62.));
#11595 = CARTESIAN_POINT('',(6.025,61.43708348754));
#11596 = CARTESIAN_POINT('',(5.05,60.87416697508));
#11597 = CARTESIAN_POINT('',(5.05,62.));
#11598 = ( GEOMETRIC_REPRESENTATION_CONTEXT(2) 
PARAMETRIC_REPRESENTATION_CONTEXT() REPRESENTATION_CONTEXT('2D SPACE',''
  ) );
#11599 = PCURVE('',#5848,#11600);
#11600 = DEFINITIONAL_REPRESENTATION('',(#11601),#11605);
#11601 = LINE('',#11602,#11603);
#11602 = CARTESIAN_POINT('',(0.,1.61));
#11603 = VECTOR('',#11604,1.);
#11604 = DIRECTION('',(1.,0.));
#11605 = ( GEOMETRIC_REPRESENTATION_CONTEXT(2) 
PARAMETRIC_REPRESENTATION_CONTEXT() REPRESENTATION_CONTEXT('2D SPACE',''
  ) );
#11606 = FACE_BOUND('',#11607,.F.);
#11607 = EDGE_LOOP('',(#11608));
#11608 = ORIENTED_EDGE('',*,*,#11609,.T.);
#11609 = EDGE_CURVE('',#11610,#11610,#11612,.T.);
#11610 = VERTEX_POINT('',#11611);
#11611 = CARTESIAN_POINT('',(186.45,-116.,1.6));
#11612 = SURFACE_CURVE('',#11613,(#11618,#11629),.PCURVE_S1.);
#11613 = CIRCLE('',#11614,0.65);
#11614 = AXIS2_PLACEMENT_3D('',#11615,#11616,#11617);
#11615 = CARTESIAN_POINT('',(185.8,-116.,1.6));
#11616 = DIRECTION('',(0.,0.,1.));
#11617 = DIRECTION('',(1.,0.,-0.));
#11618 = PCURVE('',#90,#11619);
#11619 = DEFINITIONAL_REPRESENTATION('',(#11620),#11628);
#11620 = ( BOUNDED_CURVE() B_SPLINE_CURVE(2,(#11621,#11622,#11623,#11624
    ,#11625,#11626,#11627),.UNSPECIFIED.,.T.,.F.) 
B_SPLINE_CURVE_WITH_KNOTS((1,2,2,2,2,1),(-2.094395102393,0.,
    2.094395102393,4.188790204786,6.28318530718,8.377580409573),
.UNSPECIFIED.) CURVE() GEOMETRIC_REPRESENTATION_ITEM() 
RATIONAL_B_SPLINE_CURVE((1.,0.5,1.,0.5,1.,0.5,1.)) REPRESENTATION_ITEM(
  '') );
#11621 = CARTESIAN_POINT('',(11.05,64.));
#11622 = CARTESIAN_POINT('',(11.05,65.12583302492));
#11623 = CARTESIAN_POINT('',(12.025,64.56291651246));
#11624 = CARTESIAN_POINT('',(13.,64.));
#11625 = CARTESIAN_POINT('',(12.025,63.43708348754));
#11626 = CARTESIAN_POINT('',(11.05,62.87416697508));
#11627 = CARTESIAN_POINT('',(11.05,64.));
#11628 = ( GEOMETRIC_REPRESENTATION_CONTEXT(2) 
PARAMETRIC_REPRESENTATION_CONTEXT() REPRESENTATION_CONTEXT('2D SPACE',''
  ) );
#11629 = PCURVE('',#5883,#11630);
#11630 = DEFINITIONAL_REPRESENTATION('',(#11631),#11635);
#11631 = LINE('',#11632,#11633);
#11632 = CARTESIAN_POINT('',(0.,1.61));
#11633 = VECTOR('',#11634,1.);
#11634 = DIRECTION('',(1.,0.));
#11635 = ( GEOMETRIC_REPRESENTATION_CONTEXT(2) 
PARAMETRIC_REPRESENTATION_CONTEXT() REPRESENTATION_CONTEXT('2D SPACE',''
  ) );
#11636 = FACE_BOUND('',#11637,.F.);
#11637 = EDGE_LOOP('',(#11638));
#11638 = ORIENTED_EDGE('',*,*,#11639,.T.);
#11639 = EDGE_CURVE('',#11640,#11640,#11642,.T.);
#11640 = VERTEX_POINT('',#11641);
#11641 = CARTESIAN_POINT('',(180.45,-118.,1.6));
#11642 = SURFACE_CURVE('',#11643,(#11648,#11659),.PCURVE_S1.);
#11643 = CIRCLE('',#11644,0.65);
#11644 = AXIS2_PLACEMENT_3D('',#11645,#11646,#11647);
#11645 = CARTESIAN_POINT('',(179.8,-118.,1.6));
#11646 = DIRECTION('',(0.,0.,1.));
#11647 = DIRECTION('',(1.,0.,-0.));
#11648 = PCURVE('',#90,#11649);
#11649 = DEFINITIONAL_REPRESENTATION('',(#11650),#11658);
#11650 = ( BOUNDED_CURVE() B_SPLINE_CURVE(2,(#11651,#11652,#11653,#11654
    ,#11655,#11656,#11657),.UNSPECIFIED.,.T.,.F.) 
B_SPLINE_CURVE_WITH_KNOTS((1,2,2,2,2,1),(-2.094395102393,0.,
    2.094395102393,4.188790204786,6.28318530718,8.377580409573),
.UNSPECIFIED.) CURVE() GEOMETRIC_REPRESENTATION_ITEM() 
RATIONAL_B_SPLINE_CURVE((1.,0.5,1.,0.5,1.,0.5,1.)) REPRESENTATION_ITEM(
  '') );
#11651 = CARTESIAN_POINT('',(17.05,62.));
#11652 = CARTESIAN_POINT('',(17.05,63.12583302492));
#11653 = CARTESIAN_POINT('',(18.025,62.56291651246));
#11654 = CARTESIAN_POINT('',(19.,62.));
#11655 = CARTESIAN_POINT('',(18.025,61.43708348754));
#11656 = CARTESIAN_POINT('',(17.05,60.87416697508));
#11657 = CARTESIAN_POINT('',(17.05,62.));
#11658 = ( GEOMETRIC_REPRESENTATION_CONTEXT(2) 
PARAMETRIC_REPRESENTATION_CONTEXT() REPRESENTATION_CONTEXT('2D SPACE',''
  ) );
#11659 = PCURVE('',#5918,#11660);
#11660 = DEFINITIONAL_REPRESENTATION('',(#11661),#11665);
#11661 = LINE('',#11662,#11663);
#11662 = CARTESIAN_POINT('',(0.,1.61));
#11663 = VECTOR('',#11664,1.);
#11664 = DIRECTION('',(1.,0.));
#11665 = ( GEOMETRIC_REPRESENTATION_CONTEXT(2) 
PARAMETRIC_REPRESENTATION_CONTEXT() REPRESENTATION_CONTEXT('2D SPACE',''
  ) );
#11666 = FACE_BOUND('',#11667,.F.);
#11667 = EDGE_LOOP('',(#11668));
#11668 = ORIENTED_EDGE('',*,*,#11669,.T.);
#11669 = EDGE_CURVE('',#11670,#11670,#11672,.T.);
#11670 = VERTEX_POINT('',#11671);
#11671 = CARTESIAN_POINT('',(191.58,-110.53,1.6));
#11672 = SURFACE_CURVE('',#11673,(#11678,#11689),.PCURVE_S1.);
#11673 = CIRCLE('',#11674,0.7);
#11674 = AXIS2_PLACEMENT_3D('',#11675,#11676,#11677);
#11675 = CARTESIAN_POINT('',(190.88,-110.53,1.6));
#11676 = DIRECTION('',(0.,0.,1.));
#11677 = DIRECTION('',(1.,0.,-0.));
#11678 = PCURVE('',#90,#11679);
#11679 = DEFINITIONAL_REPRESENTATION('',(#11680),#11688);
#11680 = ( BOUNDED_CURVE() B_SPLINE_CURVE(2,(#11681,#11682,#11683,#11684
    ,#11685,#11686,#11687),.UNSPECIFIED.,.T.,.F.) 
B_SPLINE_CURVE_WITH_KNOTS((1,2,2,2,2,1),(-2.094395102393,0.,
    2.094395102393,4.188790204786,6.28318530718,8.377580409573),
.UNSPECIFIED.) CURVE() GEOMETRIC_REPRESENTATION_ITEM() 
RATIONAL_B_SPLINE_CURVE((1.,0.5,1.,0.5,1.,0.5,1.)) REPRESENTATION_ITEM(
  '') );
#11681 = CARTESIAN_POINT('',(5.92,69.47));
#11682 = CARTESIAN_POINT('',(5.92,70.682435565298));
#11683 = CARTESIAN_POINT('',(6.97,70.076217782649));
#11684 = CARTESIAN_POINT('',(8.02,69.47));
#11685 = CARTESIAN_POINT('',(6.97,68.863782217351));
#11686 = CARTESIAN_POINT('',(5.92,68.257564434702));
#11687 = CARTESIAN_POINT('',(5.92,69.47));
#11688 = ( GEOMETRIC_REPRESENTATION_CONTEXT(2) 
PARAMETRIC_REPRESENTATION_CONTEXT() REPRESENTATION_CONTEXT('2D SPACE',''
  ) );
#11689 = PCURVE('',#5953,#11690);
#11690 = DEFINITIONAL_REPRESENTATION('',(#11691),#11695);
#11691 = LINE('',#11692,#11693);
#11692 = CARTESIAN_POINT('',(0.,1.61));
#11693 = VECTOR('',#11694,1.);
#11694 = DIRECTION('',(1.,0.));
#11695 = ( GEOMETRIC_REPRESENTATION_CONTEXT(2) 
PARAMETRIC_REPRESENTATION_CONTEXT() REPRESENTATION_CONTEXT('2D SPACE',''
  ) );
#11696 = FACE_BOUND('',#11697,.F.);
#11697 = EDGE_LOOP('',(#11698));
#11698 = ORIENTED_EDGE('',*,*,#11699,.T.);
#11699 = EDGE_CURVE('',#11700,#11700,#11702,.T.);
#11700 = VERTEX_POINT('',#11701);
#11701 = CARTESIAN_POINT('',(186.5,-110.53,1.6));
#11702 = SURFACE_CURVE('',#11703,(#11708,#11719),.PCURVE_S1.);
#11703 = CIRCLE('',#11704,0.7);
#11704 = AXIS2_PLACEMENT_3D('',#11705,#11706,#11707);
#11705 = CARTESIAN_POINT('',(185.8,-110.53,1.6));
#11706 = DIRECTION('',(0.,0.,1.));
#11707 = DIRECTION('',(1.,0.,-0.));
#11708 = PCURVE('',#90,#11709);
#11709 = DEFINITIONAL_REPRESENTATION('',(#11710),#11718);
#11710 = ( BOUNDED_CURVE() B_SPLINE_CURVE(2,(#11711,#11712,#11713,#11714
    ,#11715,#11716,#11717),.UNSPECIFIED.,.T.,.F.) 
B_SPLINE_CURVE_WITH_KNOTS((1,2,2,2,2,1),(-2.094395102393,0.,
    2.094395102393,4.188790204786,6.28318530718,8.377580409573),
.UNSPECIFIED.) CURVE() GEOMETRIC_REPRESENTATION_ITEM() 
RATIONAL_B_SPLINE_CURVE((1.,0.5,1.,0.5,1.,0.5,1.)) REPRESENTATION_ITEM(
  '') );
#11711 = CARTESIAN_POINT('',(11.,69.47));
#11712 = CARTESIAN_POINT('',(11.,70.682435565298));
#11713 = CARTESIAN_POINT('',(12.05,70.076217782649));
#11714 = CARTESIAN_POINT('',(13.1,69.47));
#11715 = CARTESIAN_POINT('',(12.05,68.863782217351));
#11716 = CARTESIAN_POINT('',(11.,68.257564434702));
#11717 = CARTESIAN_POINT('',(11.,69.47));
#11718 = ( GEOMETRIC_REPRESENTATION_CONTEXT(2) 
PARAMETRIC_REPRESENTATION_CONTEXT() REPRESENTATION_CONTEXT('2D SPACE',''
  ) );
#11719 = PCURVE('',#5988,#11720);
#11720 = DEFINITIONAL_REPRESENTATION('',(#11721),#11725);
#11721 = LINE('',#11722,#11723);
#11722 = CARTESIAN_POINT('',(0.,1.61));
#11723 = VECTOR('',#11724,1.);
#11724 = DIRECTION('',(1.,0.));
#11725 = ( GEOMETRIC_REPRESENTATION_CONTEXT(2) 
PARAMETRIC_REPRESENTATION_CONTEXT() REPRESENTATION_CONTEXT('2D SPACE',''
  ) );
#11726 = FACE_BOUND('',#11727,.F.);
#11727 = EDGE_LOOP('',(#11728));
#11728 = ORIENTED_EDGE('',*,*,#11729,.T.);
#11729 = EDGE_CURVE('',#11730,#11730,#11732,.T.);
#11730 = VERTEX_POINT('',#11731);
#11731 = CARTESIAN_POINT('',(181.42,-110.53,1.6));
#11732 = SURFACE_CURVE('',#11733,(#11738,#11749),.PCURVE_S1.);
#11733 = CIRCLE('',#11734,0.7);
#11734 = AXIS2_PLACEMENT_3D('',#11735,#11736,#11737);
#11735 = CARTESIAN_POINT('',(180.72,-110.53,1.6));
#11736 = DIRECTION('',(0.,0.,1.));
#11737 = DIRECTION('',(1.,0.,-0.));
#11738 = PCURVE('',#90,#11739);
#11739 = DEFINITIONAL_REPRESENTATION('',(#11740),#11748);
#11740 = ( BOUNDED_CURVE() B_SPLINE_CURVE(2,(#11741,#11742,#11743,#11744
    ,#11745,#11746,#11747),.UNSPECIFIED.,.T.,.F.) 
B_SPLINE_CURVE_WITH_KNOTS((1,2,2,2,2,1),(-2.094395102393,0.,
    2.094395102393,4.188790204786,6.28318530718,8.377580409573),
.UNSPECIFIED.) CURVE() GEOMETRIC_REPRESENTATION_ITEM() 
RATIONAL_B_SPLINE_CURVE((1.,0.5,1.,0.5,1.,0.5,1.)) REPRESENTATION_ITEM(
  '') );
#11741 = CARTESIAN_POINT('',(16.08,69.47));
#11742 = CARTESIAN_POINT('',(16.08,70.682435565298));
#11743 = CARTESIAN_POINT('',(17.13,70.076217782649));
#11744 = CARTESIAN_POINT('',(18.18,69.47));
#11745 = CARTESIAN_POINT('',(17.13,68.863782217351));
#11746 = CARTESIAN_POINT('',(16.08,68.257564434702));
#11747 = CARTESIAN_POINT('',(16.08,69.47));
#11748 = ( GEOMETRIC_REPRESENTATION_CONTEXT(2) 
PARAMETRIC_REPRESENTATION_CONTEXT() REPRESENTATION_CONTEXT('2D SPACE',''
  ) );
#11749 = PCURVE('',#6023,#11750);
#11750 = DEFINITIONAL_REPRESENTATION('',(#11751),#11755);
#11751 = LINE('',#11752,#11753);
#11752 = CARTESIAN_POINT('',(0.,1.61));
#11753 = VECTOR('',#11754,1.);
#11754 = DIRECTION('',(1.,0.));
#11755 = ( GEOMETRIC_REPRESENTATION_CONTEXT(2) 
PARAMETRIC_REPRESENTATION_CONTEXT() REPRESENTATION_CONTEXT('2D SPACE',''
  ) );
#11756 = FACE_BOUND('',#11757,.F.);
#11757 = EDGE_LOOP('',(#11758));
#11758 = ORIENTED_EDGE('',*,*,#11759,.T.);
#11759 = EDGE_CURVE('',#11760,#11760,#11762,.T.);
#11760 = VERTEX_POINT('',#11761);
#11761 = CARTESIAN_POINT('',(169.45,-118.,1.6));
#11762 = SURFACE_CURVE('',#11763,(#11768,#11779),.PCURVE_S1.);
#11763 = CIRCLE('',#11764,0.65);
#11764 = AXIS2_PLACEMENT_3D('',#11765,#11766,#11767);
#11765 = CARTESIAN_POINT('',(168.8,-118.,1.6));
#11766 = DIRECTION('',(0.,0.,1.));
#11767 = DIRECTION('',(1.,0.,-0.));
#11768 = PCURVE('',#90,#11769);
#11769 = DEFINITIONAL_REPRESENTATION('',(#11770),#11778);
#11770 = ( BOUNDED_CURVE() B_SPLINE_CURVE(2,(#11771,#11772,#11773,#11774
    ,#11775,#11776,#11777),.UNSPECIFIED.,.T.,.F.) 
B_SPLINE_CURVE_WITH_KNOTS((1,2,2,2,2,1),(-2.094395102393,0.,
    2.094395102393,4.188790204786,6.28318530718,8.377580409573),
.UNSPECIFIED.) CURVE() GEOMETRIC_REPRESENTATION_ITEM() 
RATIONAL_B_SPLINE_CURVE((1.,0.5,1.,0.5,1.,0.5,1.)) REPRESENTATION_ITEM(
  '') );
#11771 = CARTESIAN_POINT('',(28.05,62.));
#11772 = CARTESIAN_POINT('',(28.05,63.12583302492));
#11773 = CARTESIAN_POINT('',(29.025,62.56291651246));
#11774 = CARTESIAN_POINT('',(30.,62.));
#11775 = CARTESIAN_POINT('',(29.025,61.43708348754));
#11776 = CARTESIAN_POINT('',(28.05,60.87416697508));
#11777 = CARTESIAN_POINT('',(28.05,62.));
#11778 = ( GEOMETRIC_REPRESENTATION_CONTEXT(2) 
PARAMETRIC_REPRESENTATION_CONTEXT() REPRESENTATION_CONTEXT('2D SPACE',''
  ) );
#11779 = PCURVE('',#6058,#11780);
#11780 = DEFINITIONAL_REPRESENTATION('',(#11781),#11785);
#11781 = LINE('',#11782,#11783);
#11782 = CARTESIAN_POINT('',(0.,1.61));
#11783 = VECTOR('',#11784,1.);
#11784 = DIRECTION('',(1.,0.));
#11785 = ( GEOMETRIC_REPRESENTATION_CONTEXT(2) 
PARAMETRIC_REPRESENTATION_CONTEXT() REPRESENTATION_CONTEXT('2D SPACE',''
  ) );
#11786 = FACE_BOUND('',#11787,.F.);
#11787 = EDGE_LOOP('',(#11788));
#11788 = ORIENTED_EDGE('',*,*,#11789,.T.);
#11789 = EDGE_CURVE('',#11790,#11790,#11792,.T.);
#11790 = VERTEX_POINT('',#11791);
#11791 = CARTESIAN_POINT('',(163.45,-116.,1.6));
#11792 = SURFACE_CURVE('',#11793,(#11798,#11809),.PCURVE_S1.);
#11793 = CIRCLE('',#11794,0.65);
#11794 = AXIS2_PLACEMENT_3D('',#11795,#11796,#11797);
#11795 = CARTESIAN_POINT('',(162.8,-116.,1.6));
#11796 = DIRECTION('',(0.,0.,1.));
#11797 = DIRECTION('',(1.,0.,-0.));
#11798 = PCURVE('',#90,#11799);
#11799 = DEFINITIONAL_REPRESENTATION('',(#11800),#11808);
#11800 = ( BOUNDED_CURVE() B_SPLINE_CURVE(2,(#11801,#11802,#11803,#11804
    ,#11805,#11806,#11807),.UNSPECIFIED.,.T.,.F.) 
B_SPLINE_CURVE_WITH_KNOTS((1,2,2,2,2,1),(-2.094395102393,0.,
    2.094395102393,4.188790204786,6.28318530718,8.377580409573),
.UNSPECIFIED.) CURVE() GEOMETRIC_REPRESENTATION_ITEM() 
RATIONAL_B_SPLINE_CURVE((1.,0.5,1.,0.5,1.,0.5,1.)) REPRESENTATION_ITEM(
  '') );
#11801 = CARTESIAN_POINT('',(34.05,64.));
#11802 = CARTESIAN_POINT('',(34.05,65.12583302492));
#11803 = CARTESIAN_POINT('',(35.025,64.56291651246));
#11804 = CARTESIAN_POINT('',(36.,64.));
#11805 = CARTESIAN_POINT('',(35.025,63.43708348754));
#11806 = CARTESIAN_POINT('',(34.05,62.87416697508));
#11807 = CARTESIAN_POINT('',(34.05,64.));
#11808 = ( GEOMETRIC_REPRESENTATION_CONTEXT(2) 
PARAMETRIC_REPRESENTATION_CONTEXT() REPRESENTATION_CONTEXT('2D SPACE',''
  ) );
#11809 = PCURVE('',#6093,#11810);
#11810 = DEFINITIONAL_REPRESENTATION('',(#11811),#11815);
#11811 = LINE('',#11812,#11813);
#11812 = CARTESIAN_POINT('',(0.,1.61));
#11813 = VECTOR('',#11814,1.);
#11814 = DIRECTION('',(1.,0.));
#11815 = ( GEOMETRIC_REPRESENTATION_CONTEXT(2) 
PARAMETRIC_REPRESENTATION_CONTEXT() REPRESENTATION_CONTEXT('2D SPACE',''
  ) );
#11816 = FACE_BOUND('',#11817,.F.);
#11817 = EDGE_LOOP('',(#11818));
#11818 = ORIENTED_EDGE('',*,*,#11819,.T.);
#11819 = EDGE_CURVE('',#11820,#11820,#11822,.T.);
#11820 = VERTEX_POINT('',#11821);
#11821 = CARTESIAN_POINT('',(157.45,-118.,1.6));
#11822 = SURFACE_CURVE('',#11823,(#11828,#11839),.PCURVE_S1.);
#11823 = CIRCLE('',#11824,0.65);
#11824 = AXIS2_PLACEMENT_3D('',#11825,#11826,#11827);
#11825 = CARTESIAN_POINT('',(156.8,-118.,1.6));
#11826 = DIRECTION('',(0.,0.,1.));
#11827 = DIRECTION('',(1.,0.,-0.));
#11828 = PCURVE('',#90,#11829);
#11829 = DEFINITIONAL_REPRESENTATION('',(#11830),#11838);
#11830 = ( BOUNDED_CURVE() B_SPLINE_CURVE(2,(#11831,#11832,#11833,#11834
    ,#11835,#11836,#11837),.UNSPECIFIED.,.T.,.F.) 
B_SPLINE_CURVE_WITH_KNOTS((1,2,2,2,2,1),(-2.094395102393,0.,
    2.094395102393,4.188790204786,6.28318530718,8.377580409573),
.UNSPECIFIED.) CURVE() GEOMETRIC_REPRESENTATION_ITEM() 
RATIONAL_B_SPLINE_CURVE((1.,0.5,1.,0.5,1.,0.5,1.)) REPRESENTATION_ITEM(
  '') );
#11831 = CARTESIAN_POINT('',(40.05,62.));
#11832 = CARTESIAN_POINT('',(40.05,63.12583302492));
#11833 = CARTESIAN_POINT('',(41.025,62.56291651246));
#11834 = CARTESIAN_POINT('',(42.,62.));
#11835 = CARTESIAN_POINT('',(41.025,61.43708348754));
#11836 = CARTESIAN_POINT('',(40.05,60.87416697508));
#11837 = CARTESIAN_POINT('',(40.05,62.));
#11838 = ( GEOMETRIC_REPRESENTATION_CONTEXT(2) 
PARAMETRIC_REPRESENTATION_CONTEXT() REPRESENTATION_CONTEXT('2D SPACE',''
  ) );
#11839 = PCURVE('',#6128,#11840);
#11840 = DEFINITIONAL_REPRESENTATION('',(#11841),#11845);
#11841 = LINE('',#11842,#11843);
#11842 = CARTESIAN_POINT('',(0.,1.61));
#11843 = VECTOR('',#11844,1.);
#11844 = DIRECTION('',(1.,0.));
#11845 = ( GEOMETRIC_REPRESENTATION_CONTEXT(2) 
PARAMETRIC_REPRESENTATION_CONTEXT() REPRESENTATION_CONTEXT('2D SPACE',''
  ) );
#11846 = FACE_BOUND('',#11847,.F.);
#11847 = EDGE_LOOP('',(#11848));
#11848 = ORIENTED_EDGE('',*,*,#11849,.T.);
#11849 = EDGE_CURVE('',#11850,#11850,#11852,.T.);
#11850 = VERTEX_POINT('',#11851);
#11851 = CARTESIAN_POINT('',(168.58,-110.53,1.6));
#11852 = SURFACE_CURVE('',#11853,(#11858,#11869),.PCURVE_S1.);
#11853 = CIRCLE('',#11854,0.7);
#11854 = AXIS2_PLACEMENT_3D('',#11855,#11856,#11857);
#11855 = CARTESIAN_POINT('',(167.88,-110.53,1.6));
#11856 = DIRECTION('',(0.,0.,1.));
#11857 = DIRECTION('',(1.,0.,-0.));
#11858 = PCURVE('',#90,#11859);
#11859 = DEFINITIONAL_REPRESENTATION('',(#11860),#11868);
#11860 = ( BOUNDED_CURVE() B_SPLINE_CURVE(2,(#11861,#11862,#11863,#11864
    ,#11865,#11866,#11867),.UNSPECIFIED.,.T.,.F.) 
B_SPLINE_CURVE_WITH_KNOTS((1,2,2,2,2,1),(-2.094395102393,0.,
    2.094395102393,4.188790204786,6.28318530718,8.377580409573),
.UNSPECIFIED.) CURVE() GEOMETRIC_REPRESENTATION_ITEM() 
RATIONAL_B_SPLINE_CURVE((1.,0.5,1.,0.5,1.,0.5,1.)) REPRESENTATION_ITEM(
  '') );
#11861 = CARTESIAN_POINT('',(28.92,69.47));
#11862 = CARTESIAN_POINT('',(28.92,70.682435565298));
#11863 = CARTESIAN_POINT('',(29.97,70.076217782649));
#11864 = CARTESIAN_POINT('',(31.02,69.47));
#11865 = CARTESIAN_POINT('',(29.97,68.863782217351));
#11866 = CARTESIAN_POINT('',(28.92,68.257564434702));
#11867 = CARTESIAN_POINT('',(28.92,69.47));
#11868 = ( GEOMETRIC_REPRESENTATION_CONTEXT(2) 
PARAMETRIC_REPRESENTATION_CONTEXT() REPRESENTATION_CONTEXT('2D SPACE',''
  ) );
#11869 = PCURVE('',#6163,#11870);
#11870 = DEFINITIONAL_REPRESENTATION('',(#11871),#11875);
#11871 = LINE('',#11872,#11873);
#11872 = CARTESIAN_POINT('',(0.,1.61));
#11873 = VECTOR('',#11874,1.);
#11874 = DIRECTION('',(1.,0.));
#11875 = ( GEOMETRIC_REPRESENTATION_CONTEXT(2) 
PARAMETRIC_REPRESENTATION_CONTEXT() REPRESENTATION_CONTEXT('2D SPACE',''
  ) );
#11876 = FACE_BOUND('',#11877,.F.);
#11877 = EDGE_LOOP('',(#11878));
#11878 = ORIENTED_EDGE('',*,*,#11879,.T.);
#11879 = EDGE_CURVE('',#11880,#11880,#11882,.T.);
#11880 = VERTEX_POINT('',#11881);
#11881 = CARTESIAN_POINT('',(163.5,-110.53,1.6));
#11882 = SURFACE_CURVE('',#11883,(#11888,#11899),.PCURVE_S1.);
#11883 = CIRCLE('',#11884,0.7);
#11884 = AXIS2_PLACEMENT_3D('',#11885,#11886,#11887);
#11885 = CARTESIAN_POINT('',(162.8,-110.53,1.6));
#11886 = DIRECTION('',(0.,0.,1.));
#11887 = DIRECTION('',(1.,0.,-0.));
#11888 = PCURVE('',#90,#11889);
#11889 = DEFINITIONAL_REPRESENTATION('',(#11890),#11898);
#11890 = ( BOUNDED_CURVE() B_SPLINE_CURVE(2,(#11891,#11892,#11893,#11894
    ,#11895,#11896,#11897),.UNSPECIFIED.,.T.,.F.) 
B_SPLINE_CURVE_WITH_KNOTS((1,2,2,2,2,1),(-2.094395102393,0.,
    2.094395102393,4.188790204786,6.28318530718,8.377580409573),
.UNSPECIFIED.) CURVE() GEOMETRIC_REPRESENTATION_ITEM() 
RATIONAL_B_SPLINE_CURVE((1.,0.5,1.,0.5,1.,0.5,1.)) REPRESENTATION_ITEM(
  '') );
#11891 = CARTESIAN_POINT('',(34.,69.47));
#11892 = CARTESIAN_POINT('',(34.,70.682435565298));
#11893 = CARTESIAN_POINT('',(35.05,70.076217782649));
#11894 = CARTESIAN_POINT('',(36.1,69.47));
#11895 = CARTESIAN_POINT('',(35.05,68.863782217351));
#11896 = CARTESIAN_POINT('',(34.,68.257564434702));
#11897 = CARTESIAN_POINT('',(34.,69.47));
#11898 = ( GEOMETRIC_REPRESENTATION_CONTEXT(2) 
PARAMETRIC_REPRESENTATION_CONTEXT() REPRESENTATION_CONTEXT('2D SPACE',''
  ) );
#11899 = PCURVE('',#6198,#11900);
#11900 = DEFINITIONAL_REPRESENTATION('',(#11901),#11905);
#11901 = LINE('',#11902,#11903);
#11902 = CARTESIAN_POINT('',(0.,1.61));
#11903 = VECTOR('',#11904,1.);
#11904 = DIRECTION('',(1.,0.));
#11905 = ( GEOMETRIC_REPRESENTATION_CONTEXT(2) 
PARAMETRIC_REPRESENTATION_CONTEXT() REPRESENTATION_CONTEXT('2D SPACE',''
  ) );
#11906 = FACE_BOUND('',#11907,.F.);
#11907 = EDGE_LOOP('',(#11908));
#11908 = ORIENTED_EDGE('',*,*,#11909,.T.);
#11909 = EDGE_CURVE('',#11910,#11910,#11912,.T.);
#11910 = VERTEX_POINT('',#11911);
#11911 = CARTESIAN_POINT('',(158.42,-110.53,1.6));
#11912 = SURFACE_CURVE('',#11913,(#11918,#11929),.PCURVE_S1.);
#11913 = CIRCLE('',#11914,0.7);
#11914 = AXIS2_PLACEMENT_3D('',#11915,#11916,#11917);
#11915 = CARTESIAN_POINT('',(157.72,-110.53,1.6));
#11916 = DIRECTION('',(0.,0.,1.));
#11917 = DIRECTION('',(1.,0.,-0.));
#11918 = PCURVE('',#90,#11919);
#11919 = DEFINITIONAL_REPRESENTATION('',(#11920),#11928);
#11920 = ( BOUNDED_CURVE() B_SPLINE_CURVE(2,(#11921,#11922,#11923,#11924
    ,#11925,#11926,#11927),.UNSPECIFIED.,.T.,.F.) 
B_SPLINE_CURVE_WITH_KNOTS((1,2,2,2,2,1),(-2.094395102393,0.,
    2.094395102393,4.188790204786,6.28318530718,8.377580409573),
.UNSPECIFIED.) CURVE() GEOMETRIC_REPRESENTATION_ITEM() 
RATIONAL_B_SPLINE_CURVE((1.,0.5,1.,0.5,1.,0.5,1.)) REPRESENTATION_ITEM(
  '') );
#11921 = CARTESIAN_POINT('',(39.08,69.47));
#11922 = CARTESIAN_POINT('',(39.08,70.682435565298));
#11923 = CARTESIAN_POINT('',(40.13,70.076217782649));
#11924 = CARTESIAN_POINT('',(41.18,69.47));
#11925 = CARTESIAN_POINT('',(40.13,68.863782217351));
#11926 = CARTESIAN_POINT('',(39.08,68.257564434702));
#11927 = CARTESIAN_POINT('',(39.08,69.47));
#11928 = ( GEOMETRIC_REPRESENTATION_CONTEXT(2) 
PARAMETRIC_REPRESENTATION_CONTEXT() REPRESENTATION_CONTEXT('2D SPACE',''
  ) );
#11929 = PCURVE('',#6233,#11930);
#11930 = DEFINITIONAL_REPRESENTATION('',(#11931),#11935);
#11931 = LINE('',#11932,#11933);
#11932 = CARTESIAN_POINT('',(0.,1.61));
#11933 = VECTOR('',#11934,1.);
#11934 = DIRECTION('',(1.,0.));
#11935 = ( GEOMETRIC_REPRESENTATION_CONTEXT(2) 
PARAMETRIC_REPRESENTATION_CONTEXT() REPRESENTATION_CONTEXT('2D SPACE',''
  ) );
#11936 = FACE_BOUND('',#11937,.F.);
#11937 = EDGE_LOOP('',(#11938));
#11938 = ORIENTED_EDGE('',*,*,#11939,.T.);
#11939 = EDGE_CURVE('',#11940,#11940,#11942,.T.);
#11940 = VERTEX_POINT('',#11941);
#11941 = CARTESIAN_POINT('',(146.45,-130.2,1.6));
#11942 = SURFACE_CURVE('',#11943,(#11948,#11959),.PCURVE_S1.);
#11943 = CIRCLE('',#11944,0.65);
#11944 = AXIS2_PLACEMENT_3D('',#11945,#11946,#11947);
#11945 = CARTESIAN_POINT('',(145.8,-130.2,1.6));
#11946 = DIRECTION('',(0.,0.,1.));
#11947 = DIRECTION('',(1.,0.,-0.));
#11948 = PCURVE('',#90,#11949);
#11949 = DEFINITIONAL_REPRESENTATION('',(#11950),#11958);
#11950 = ( BOUNDED_CURVE() B_SPLINE_CURVE(2,(#11951,#11952,#11953,#11954
    ,#11955,#11956,#11957),.UNSPECIFIED.,.T.,.F.) 
B_SPLINE_CURVE_WITH_KNOTS((1,2,2,2,2,1),(-2.094395102393,0.,
    2.094395102393,4.188790204786,6.28318530718,8.377580409573),
.UNSPECIFIED.) CURVE() GEOMETRIC_REPRESENTATION_ITEM() 
RATIONAL_B_SPLINE_CURVE((1.,0.5,1.,0.5,1.,0.5,1.)) REPRESENTATION_ITEM(
  '') );
#11951 = CARTESIAN_POINT('',(51.05,49.8));
#11952 = CARTESIAN_POINT('',(51.05,50.92583302492));
#11953 = CARTESIAN_POINT('',(52.025,50.36291651246));
#11954 = CARTESIAN_POINT('',(53.,49.8));
#11955 = CARTESIAN_POINT('',(52.025,49.23708348754));
#11956 = CARTESIAN_POINT('',(51.05,48.67416697508));
#11957 = CARTESIAN_POINT('',(51.05,49.8));
#11958 = ( GEOMETRIC_REPRESENTATION_CONTEXT(2) 
PARAMETRIC_REPRESENTATION_CONTEXT() REPRESENTATION_CONTEXT('2D SPACE',''
  ) );
#11959 = PCURVE('',#6268,#11960);
#11960 = DEFINITIONAL_REPRESENTATION('',(#11961),#11965);
#11961 = LINE('',#11962,#11963);
#11962 = CARTESIAN_POINT('',(0.,1.61));
#11963 = VECTOR('',#11964,1.);
#11964 = DIRECTION('',(1.,0.));
#11965 = ( GEOMETRIC_REPRESENTATION_CONTEXT(2) 
PARAMETRIC_REPRESENTATION_CONTEXT() REPRESENTATION_CONTEXT('2D SPACE',''
  ) );
#11966 = FACE_BOUND('',#11967,.F.);
#11967 = EDGE_LOOP('',(#11968));
#11968 = ORIENTED_EDGE('',*,*,#11969,.T.);
#11969 = EDGE_CURVE('',#11970,#11970,#11972,.T.);
#11970 = VERTEX_POINT('',#11971);
#11971 = CARTESIAN_POINT('',(134.45,-130.2,1.6));
#11972 = SURFACE_CURVE('',#11973,(#11978,#11989),.PCURVE_S1.);
#11973 = CIRCLE('',#11974,0.65);
#11974 = AXIS2_PLACEMENT_3D('',#11975,#11976,#11977);
#11975 = CARTESIAN_POINT('',(133.8,-130.2,1.6));
#11976 = DIRECTION('',(0.,0.,1.));
#11977 = DIRECTION('',(1.,0.,-0.));
#11978 = PCURVE('',#90,#11979);
#11979 = DEFINITIONAL_REPRESENTATION('',(#11980),#11988);
#11980 = ( BOUNDED_CURVE() B_SPLINE_CURVE(2,(#11981,#11982,#11983,#11984
    ,#11985,#11986,#11987),.UNSPECIFIED.,.T.,.F.) 
B_SPLINE_CURVE_WITH_KNOTS((1,2,2,2,2,1),(-2.094395102393,0.,
    2.094395102393,4.188790204786,6.28318530718,8.377580409573),
.UNSPECIFIED.) CURVE() GEOMETRIC_REPRESENTATION_ITEM() 
RATIONAL_B_SPLINE_CURVE((1.,0.5,1.,0.5,1.,0.5,1.)) REPRESENTATION_ITEM(
  '') );
#11981 = CARTESIAN_POINT('',(63.05,49.8));
#11982 = CARTESIAN_POINT('',(63.05,50.92583302492));
#11983 = CARTESIAN_POINT('',(64.025,50.36291651246));
#11984 = CARTESIAN_POINT('',(65.,49.8));
#11985 = CARTESIAN_POINT('',(64.025,49.23708348754));
#11986 = CARTESIAN_POINT('',(63.05,48.67416697508));
#11987 = CARTESIAN_POINT('',(63.05,49.8));
#11988 = ( GEOMETRIC_REPRESENTATION_CONTEXT(2) 
PARAMETRIC_REPRESENTATION_CONTEXT() REPRESENTATION_CONTEXT('2D SPACE',''
  ) );
#11989 = PCURVE('',#6303,#11990);
#11990 = DEFINITIONAL_REPRESENTATION('',(#11991),#11995);
#11991 = LINE('',#11992,#11993);
#11992 = CARTESIAN_POINT('',(0.,1.61));
#11993 = VECTOR('',#11994,1.);
#11994 = DIRECTION('',(1.,0.));
#11995 = ( GEOMETRIC_REPRESENTATION_CONTEXT(2) 
PARAMETRIC_REPRESENTATION_CONTEXT() REPRESENTATION_CONTEXT('2D SPACE',''
  ) );
#11996 = FACE_BOUND('',#11997,.F.);
#11997 = EDGE_LOOP('',(#11998));
#11998 = ORIENTED_EDGE('',*,*,#11999,.T.);
#11999 = EDGE_CURVE('',#12000,#12000,#12002,.T.);
#12000 = VERTEX_POINT('',#12001);
#12001 = CARTESIAN_POINT('',(123.45,-130.2,1.6));
#12002 = SURFACE_CURVE('',#12003,(#12008,#12019),.PCURVE_S1.);
#12003 = CIRCLE('',#12004,0.65);
#12004 = AXIS2_PLACEMENT_3D('',#12005,#12006,#12007);
#12005 = CARTESIAN_POINT('',(122.8,-130.2,1.6));
#12006 = DIRECTION('',(0.,0.,1.));
#12007 = DIRECTION('',(1.,0.,-0.));
#12008 = PCURVE('',#90,#12009);
#12009 = DEFINITIONAL_REPRESENTATION('',(#12010),#12018);
#12010 = ( BOUNDED_CURVE() B_SPLINE_CURVE(2,(#12011,#12012,#12013,#12014
    ,#12015,#12016,#12017),.UNSPECIFIED.,.T.,.F.) 
B_SPLINE_CURVE_WITH_KNOTS((1,2,2,2,2,1),(-2.094395102393,0.,
    2.094395102393,4.188790204786,6.28318530718,8.377580409573),
.UNSPECIFIED.) CURVE() GEOMETRIC_REPRESENTATION_ITEM() 
RATIONAL_B_SPLINE_CURVE((1.,0.5,1.,0.5,1.,0.5,1.)) REPRESENTATION_ITEM(
  '') );
#12011 = CARTESIAN_POINT('',(74.05,49.8));
#12012 = CARTESIAN_POINT('',(74.05,50.92583302492));
#12013 = CARTESIAN_POINT('',(75.025,50.36291651246));
#12014 = CARTESIAN_POINT('',(76.,49.8));
#12015 = CARTESIAN_POINT('',(75.025,49.23708348754));
#12016 = CARTESIAN_POINT('',(74.05,48.67416697508));
#12017 = CARTESIAN_POINT('',(74.05,49.8));
#12018 = ( GEOMETRIC_REPRESENTATION_CONTEXT(2) 
PARAMETRIC_REPRESENTATION_CONTEXT() REPRESENTATION_CONTEXT('2D SPACE',''
  ) );
#12019 = PCURVE('',#6338,#12020);
#12020 = DEFINITIONAL_REPRESENTATION('',(#12021),#12025);
#12021 = LINE('',#12022,#12023);
#12022 = CARTESIAN_POINT('',(0.,1.61));
#12023 = VECTOR('',#12024,1.);
#12024 = DIRECTION('',(1.,0.));
#12025 = ( GEOMETRIC_REPRESENTATION_CONTEXT(2) 
PARAMETRIC_REPRESENTATION_CONTEXT() REPRESENTATION_CONTEXT('2D SPACE',''
  ) );
#12026 = FACE_BOUND('',#12027,.F.);
#12027 = EDGE_LOOP('',(#12028));
#12028 = ORIENTED_EDGE('',*,*,#12029,.T.);
#12029 = EDGE_CURVE('',#12030,#12030,#12032,.T.);
#12030 = VERTEX_POINT('',#12031);
#12031 = CARTESIAN_POINT('',(111.45,-130.2,1.6));
#12032 = SURFACE_CURVE('',#12033,(#12038,#12049),.PCURVE_S1.);
#12033 = CIRCLE('',#12034,0.65);
#12034 = AXIS2_PLACEMENT_3D('',#12035,#12036,#12037);
#12035 = CARTESIAN_POINT('',(110.8,-130.2,1.6));
#12036 = DIRECTION('',(0.,0.,1.));
#12037 = DIRECTION('',(1.,0.,-0.));
#12038 = PCURVE('',#90,#12039);
#12039 = DEFINITIONAL_REPRESENTATION('',(#12040),#12048);
#12040 = ( BOUNDED_CURVE() B_SPLINE_CURVE(2,(#12041,#12042,#12043,#12044
    ,#12045,#12046,#12047),.UNSPECIFIED.,.T.,.F.) 
B_SPLINE_CURVE_WITH_KNOTS((1,2,2,2,2,1),(-2.094395102393,0.,
    2.094395102393,4.188790204786,6.28318530718,8.377580409573),
.UNSPECIFIED.) CURVE() GEOMETRIC_REPRESENTATION_ITEM() 
RATIONAL_B_SPLINE_CURVE((1.,0.5,1.,0.5,1.,0.5,1.)) REPRESENTATION_ITEM(
  '') );
#12041 = CARTESIAN_POINT('',(86.05,49.8));
#12042 = CARTESIAN_POINT('',(86.05,50.92583302492));
#12043 = CARTESIAN_POINT('',(87.025,50.36291651246));
#12044 = CARTESIAN_POINT('',(88.,49.8));
#12045 = CARTESIAN_POINT('',(87.025,49.23708348754));
#12046 = CARTESIAN_POINT('',(86.05,48.67416697508));
#12047 = CARTESIAN_POINT('',(86.05,49.8));
#12048 = ( GEOMETRIC_REPRESENTATION_CONTEXT(2) 
PARAMETRIC_REPRESENTATION_CONTEXT() REPRESENTATION_CONTEXT('2D SPACE',''
  ) );
#12049 = PCURVE('',#6373,#12050);
#12050 = DEFINITIONAL_REPRESENTATION('',(#12051),#12055);
#12051 = LINE('',#12052,#12053);
#12052 = CARTESIAN_POINT('',(0.,1.61));
#12053 = VECTOR('',#12054,1.);
#12054 = DIRECTION('',(1.,0.));
#12055 = ( GEOMETRIC_REPRESENTATION_CONTEXT(2) 
PARAMETRIC_REPRESENTATION_CONTEXT() REPRESENTATION_CONTEXT('2D SPACE',''
  ) );
#12056 = FACE_BOUND('',#12057,.F.);
#12057 = EDGE_LOOP('',(#12058));
#12058 = ORIENTED_EDGE('',*,*,#12059,.T.);
#12059 = EDGE_CURVE('',#12060,#12060,#12062,.T.);
#12060 = VERTEX_POINT('',#12061);
#12061 = CARTESIAN_POINT('',(146.45,-118.,1.6));
#12062 = SURFACE_CURVE('',#12063,(#12068,#12079),.PCURVE_S1.);
#12063 = CIRCLE('',#12064,0.65);
#12064 = AXIS2_PLACEMENT_3D('',#12065,#12066,#12067);
#12065 = CARTESIAN_POINT('',(145.8,-118.,1.6));
#12066 = DIRECTION('',(0.,0.,1.));
#12067 = DIRECTION('',(1.,0.,-0.));
#12068 = PCURVE('',#90,#12069);
#12069 = DEFINITIONAL_REPRESENTATION('',(#12070),#12078);
#12070 = ( BOUNDED_CURVE() B_SPLINE_CURVE(2,(#12071,#12072,#12073,#12074
    ,#12075,#12076,#12077),.UNSPECIFIED.,.T.,.F.) 
B_SPLINE_CURVE_WITH_KNOTS((1,2,2,2,2,1),(-2.094395102393,0.,
    2.094395102393,4.188790204786,6.28318530718,8.377580409573),
.UNSPECIFIED.) CURVE() GEOMETRIC_REPRESENTATION_ITEM() 
RATIONAL_B_SPLINE_CURVE((1.,0.5,1.,0.5,1.,0.5,1.)) REPRESENTATION_ITEM(
  '') );
#12071 = CARTESIAN_POINT('',(51.05,62.));
#12072 = CARTESIAN_POINT('',(51.05,63.12583302492));
#12073 = CARTESIAN_POINT('',(52.025,62.56291651246));
#12074 = CARTESIAN_POINT('',(53.,62.));
#12075 = CARTESIAN_POINT('',(52.025,61.43708348754));
#12076 = CARTESIAN_POINT('',(51.05,60.87416697508));
#12077 = CARTESIAN_POINT('',(51.05,62.));
#12078 = ( GEOMETRIC_REPRESENTATION_CONTEXT(2) 
PARAMETRIC_REPRESENTATION_CONTEXT() REPRESENTATION_CONTEXT('2D SPACE',''
  ) );
#12079 = PCURVE('',#6408,#12080);
#12080 = DEFINITIONAL_REPRESENTATION('',(#12081),#12085);
#12081 = LINE('',#12082,#12083);
#12082 = CARTESIAN_POINT('',(0.,1.61));
#12083 = VECTOR('',#12084,1.);
#12084 = DIRECTION('',(1.,0.));
#12085 = ( GEOMETRIC_REPRESENTATION_CONTEXT(2) 
PARAMETRIC_REPRESENTATION_CONTEXT() REPRESENTATION_CONTEXT('2D SPACE',''
  ) );
#12086 = FACE_BOUND('',#12087,.F.);
#12087 = EDGE_LOOP('',(#12088));
#12088 = ORIENTED_EDGE('',*,*,#12089,.T.);
#12089 = EDGE_CURVE('',#12090,#12090,#12092,.T.);
#12090 = VERTEX_POINT('',#12091);
#12091 = CARTESIAN_POINT('',(140.45,-116.,1.6));
#12092 = SURFACE_CURVE('',#12093,(#12098,#12109),.PCURVE_S1.);
#12093 = CIRCLE('',#12094,0.65);
#12094 = AXIS2_PLACEMENT_3D('',#12095,#12096,#12097);
#12095 = CARTESIAN_POINT('',(139.8,-116.,1.6));
#12096 = DIRECTION('',(0.,0.,1.));
#12097 = DIRECTION('',(1.,0.,-0.));
#12098 = PCURVE('',#90,#12099);
#12099 = DEFINITIONAL_REPRESENTATION('',(#12100),#12108);
#12100 = ( BOUNDED_CURVE() B_SPLINE_CURVE(2,(#12101,#12102,#12103,#12104
    ,#12105,#12106,#12107),.UNSPECIFIED.,.T.,.F.) 
B_SPLINE_CURVE_WITH_KNOTS((1,2,2,2,2,1),(-2.094395102393,0.,
    2.094395102393,4.188790204786,6.28318530718,8.377580409573),
.UNSPECIFIED.) CURVE() GEOMETRIC_REPRESENTATION_ITEM() 
RATIONAL_B_SPLINE_CURVE((1.,0.5,1.,0.5,1.,0.5,1.)) REPRESENTATION_ITEM(
  '') );
#12101 = CARTESIAN_POINT('',(57.05,64.));
#12102 = CARTESIAN_POINT('',(57.05,65.12583302492));
#12103 = CARTESIAN_POINT('',(58.025,64.56291651246));
#12104 = CARTESIAN_POINT('',(59.,64.));
#12105 = CARTESIAN_POINT('',(58.025,63.43708348754));
#12106 = CARTESIAN_POINT('',(57.05,62.87416697508));
#12107 = CARTESIAN_POINT('',(57.05,64.));
#12108 = ( GEOMETRIC_REPRESENTATION_CONTEXT(2) 
PARAMETRIC_REPRESENTATION_CONTEXT() REPRESENTATION_CONTEXT('2D SPACE',''
  ) );
#12109 = PCURVE('',#6443,#12110);
#12110 = DEFINITIONAL_REPRESENTATION('',(#12111),#12115);
#12111 = LINE('',#12112,#12113);
#12112 = CARTESIAN_POINT('',(0.,1.61));
#12113 = VECTOR('',#12114,1.);
#12114 = DIRECTION('',(1.,0.));
#12115 = ( GEOMETRIC_REPRESENTATION_CONTEXT(2) 
PARAMETRIC_REPRESENTATION_CONTEXT() REPRESENTATION_CONTEXT('2D SPACE',''
  ) );
#12116 = FACE_BOUND('',#12117,.F.);
#12117 = EDGE_LOOP('',(#12118));
#12118 = ORIENTED_EDGE('',*,*,#12119,.T.);
#12119 = EDGE_CURVE('',#12120,#12120,#12122,.T.);
#12120 = VERTEX_POINT('',#12121);
#12121 = CARTESIAN_POINT('',(134.45,-118.,1.6));
#12122 = SURFACE_CURVE('',#12123,(#12128,#12139),.PCURVE_S1.);
#12123 = CIRCLE('',#12124,0.65);
#12124 = AXIS2_PLACEMENT_3D('',#12125,#12126,#12127);
#12125 = CARTESIAN_POINT('',(133.8,-118.,1.6));
#12126 = DIRECTION('',(0.,0.,1.));
#12127 = DIRECTION('',(1.,0.,-0.));
#12128 = PCURVE('',#90,#12129);
#12129 = DEFINITIONAL_REPRESENTATION('',(#12130),#12138);
#12130 = ( BOUNDED_CURVE() B_SPLINE_CURVE(2,(#12131,#12132,#12133,#12134
    ,#12135,#12136,#12137),.UNSPECIFIED.,.T.,.F.) 
B_SPLINE_CURVE_WITH_KNOTS((1,2,2,2,2,1),(-2.094395102393,0.,
    2.094395102393,4.188790204786,6.28318530718,8.377580409573),
.UNSPECIFIED.) CURVE() GEOMETRIC_REPRESENTATION_ITEM() 
RATIONAL_B_SPLINE_CURVE((1.,0.5,1.,0.5,1.,0.5,1.)) REPRESENTATION_ITEM(
  '') );
#12131 = CARTESIAN_POINT('',(63.05,62.));
#12132 = CARTESIAN_POINT('',(63.05,63.12583302492));
#12133 = CARTESIAN_POINT('',(64.025,62.56291651246));
#12134 = CARTESIAN_POINT('',(65.,62.));
#12135 = CARTESIAN_POINT('',(64.025,61.43708348754));
#12136 = CARTESIAN_POINT('',(63.05,60.87416697508));
#12137 = CARTESIAN_POINT('',(63.05,62.));
#12138 = ( GEOMETRIC_REPRESENTATION_CONTEXT(2) 
PARAMETRIC_REPRESENTATION_CONTEXT() REPRESENTATION_CONTEXT('2D SPACE',''
  ) );
#12139 = PCURVE('',#6478,#12140);
#12140 = DEFINITIONAL_REPRESENTATION('',(#12141),#12145);
#12141 = LINE('',#12142,#12143);
#12142 = CARTESIAN_POINT('',(0.,1.61));
#12143 = VECTOR('',#12144,1.);
#12144 = DIRECTION('',(1.,0.));
#12145 = ( GEOMETRIC_REPRESENTATION_CONTEXT(2) 
PARAMETRIC_REPRESENTATION_CONTEXT() REPRESENTATION_CONTEXT('2D SPACE',''
  ) );
#12146 = FACE_BOUND('',#12147,.F.);
#12147 = EDGE_LOOP('',(#12148));
#12148 = ORIENTED_EDGE('',*,*,#12149,.T.);
#12149 = EDGE_CURVE('',#12150,#12150,#12152,.T.);
#12150 = VERTEX_POINT('',#12151);
#12151 = CARTESIAN_POINT('',(145.58,-110.53,1.6));
#12152 = SURFACE_CURVE('',#12153,(#12158,#12169),.PCURVE_S1.);
#12153 = CIRCLE('',#12154,0.7);
#12154 = AXIS2_PLACEMENT_3D('',#12155,#12156,#12157);
#12155 = CARTESIAN_POINT('',(144.88,-110.53,1.6));
#12156 = DIRECTION('',(0.,0.,1.));
#12157 = DIRECTION('',(1.,0.,-0.));
#12158 = PCURVE('',#90,#12159);
#12159 = DEFINITIONAL_REPRESENTATION('',(#12160),#12168);
#12160 = ( BOUNDED_CURVE() B_SPLINE_CURVE(2,(#12161,#12162,#12163,#12164
    ,#12165,#12166,#12167),.UNSPECIFIED.,.T.,.F.) 
B_SPLINE_CURVE_WITH_KNOTS((1,2,2,2,2,1),(-2.094395102393,0.,
    2.094395102393,4.188790204786,6.28318530718,8.377580409573),
.UNSPECIFIED.) CURVE() GEOMETRIC_REPRESENTATION_ITEM() 
RATIONAL_B_SPLINE_CURVE((1.,0.5,1.,0.5,1.,0.5,1.)) REPRESENTATION_ITEM(
  '') );
#12161 = CARTESIAN_POINT('',(51.92,69.47));
#12162 = CARTESIAN_POINT('',(51.92,70.682435565298));
#12163 = CARTESIAN_POINT('',(52.97,70.076217782649));
#12164 = CARTESIAN_POINT('',(54.02,69.47));
#12165 = CARTESIAN_POINT('',(52.97,68.863782217351));
#12166 = CARTESIAN_POINT('',(51.92,68.257564434702));
#12167 = CARTESIAN_POINT('',(51.92,69.47));
#12168 = ( GEOMETRIC_REPRESENTATION_CONTEXT(2) 
PARAMETRIC_REPRESENTATION_CONTEXT() REPRESENTATION_CONTEXT('2D SPACE',''
  ) );
#12169 = PCURVE('',#6513,#12170);
#12170 = DEFINITIONAL_REPRESENTATION('',(#12171),#12175);
#12171 = LINE('',#12172,#12173);
#12172 = CARTESIAN_POINT('',(0.,1.61));
#12173 = VECTOR('',#12174,1.);
#12174 = DIRECTION('',(1.,0.));
#12175 = ( GEOMETRIC_REPRESENTATION_CONTEXT(2) 
PARAMETRIC_REPRESENTATION_CONTEXT() REPRESENTATION_CONTEXT('2D SPACE',''
  ) );
#12176 = FACE_BOUND('',#12177,.F.);
#12177 = EDGE_LOOP('',(#12178));
#12178 = ORIENTED_EDGE('',*,*,#12179,.T.);
#12179 = EDGE_CURVE('',#12180,#12180,#12182,.T.);
#12180 = VERTEX_POINT('',#12181);
#12181 = CARTESIAN_POINT('',(140.5,-110.53,1.6));
#12182 = SURFACE_CURVE('',#12183,(#12188,#12199),.PCURVE_S1.);
#12183 = CIRCLE('',#12184,0.7);
#12184 = AXIS2_PLACEMENT_3D('',#12185,#12186,#12187);
#12185 = CARTESIAN_POINT('',(139.8,-110.53,1.6));
#12186 = DIRECTION('',(0.,0.,1.));
#12187 = DIRECTION('',(1.,0.,-0.));
#12188 = PCURVE('',#90,#12189);
#12189 = DEFINITIONAL_REPRESENTATION('',(#12190),#12198);
#12190 = ( BOUNDED_CURVE() B_SPLINE_CURVE(2,(#12191,#12192,#12193,#12194
    ,#12195,#12196,#12197),.UNSPECIFIED.,.T.,.F.) 
B_SPLINE_CURVE_WITH_KNOTS((1,2,2,2,2,1),(-2.094395102393,0.,
    2.094395102393,4.188790204786,6.28318530718,8.377580409573),
.UNSPECIFIED.) CURVE() GEOMETRIC_REPRESENTATION_ITEM() 
RATIONAL_B_SPLINE_CURVE((1.,0.5,1.,0.5,1.,0.5,1.)) REPRESENTATION_ITEM(
  '') );
#12191 = CARTESIAN_POINT('',(57.,69.47));
#12192 = CARTESIAN_POINT('',(57.,70.682435565298));
#12193 = CARTESIAN_POINT('',(58.05,70.076217782649));
#12194 = CARTESIAN_POINT('',(59.1,69.47));
#12195 = CARTESIAN_POINT('',(58.05,68.863782217351));
#12196 = CARTESIAN_POINT('',(57.,68.257564434702));
#12197 = CARTESIAN_POINT('',(57.,69.47));
#12198 = ( GEOMETRIC_REPRESENTATION_CONTEXT(2) 
PARAMETRIC_REPRESENTATION_CONTEXT() REPRESENTATION_CONTEXT('2D SPACE',''
  ) );
#12199 = PCURVE('',#6548,#12200);
#12200 = DEFINITIONAL_REPRESENTATION('',(#12201),#12205);
#12201 = LINE('',#12202,#12203);
#12202 = CARTESIAN_POINT('',(0.,1.61));
#12203 = VECTOR('',#12204,1.);
#12204 = DIRECTION('',(1.,0.));
#12205 = ( GEOMETRIC_REPRESENTATION_CONTEXT(2) 
PARAMETRIC_REPRESENTATION_CONTEXT() REPRESENTATION_CONTEXT('2D SPACE',''
  ) );
#12206 = FACE_BOUND('',#12207,.F.);
#12207 = EDGE_LOOP('',(#12208));
#12208 = ORIENTED_EDGE('',*,*,#12209,.T.);
#12209 = EDGE_CURVE('',#12210,#12210,#12212,.T.);
#12210 = VERTEX_POINT('',#12211);
#12211 = CARTESIAN_POINT('',(135.42,-110.53,1.6));
#12212 = SURFACE_CURVE('',#12213,(#12218,#12229),.PCURVE_S1.);
#12213 = CIRCLE('',#12214,0.7);
#12214 = AXIS2_PLACEMENT_3D('',#12215,#12216,#12217);
#12215 = CARTESIAN_POINT('',(134.72,-110.53,1.6));
#12216 = DIRECTION('',(0.,0.,1.));
#12217 = DIRECTION('',(1.,0.,-0.));
#12218 = PCURVE('',#90,#12219);
#12219 = DEFINITIONAL_REPRESENTATION('',(#12220),#12228);
#12220 = ( BOUNDED_CURVE() B_SPLINE_CURVE(2,(#12221,#12222,#12223,#12224
    ,#12225,#12226,#12227),.UNSPECIFIED.,.T.,.F.) 
B_SPLINE_CURVE_WITH_KNOTS((1,2,2,2,2,1),(-2.094395102393,0.,
    2.094395102393,4.188790204786,6.28318530718,8.377580409573),
.UNSPECIFIED.) CURVE() GEOMETRIC_REPRESENTATION_ITEM() 
RATIONAL_B_SPLINE_CURVE((1.,0.5,1.,0.5,1.,0.5,1.)) REPRESENTATION_ITEM(
  '') );
#12221 = CARTESIAN_POINT('',(62.08,69.47));
#12222 = CARTESIAN_POINT('',(62.08,70.682435565298));
#12223 = CARTESIAN_POINT('',(63.13,70.076217782649));
#12224 = CARTESIAN_POINT('',(64.18,69.47));
#12225 = CARTESIAN_POINT('',(63.13,68.863782217351));
#12226 = CARTESIAN_POINT('',(62.08,68.257564434702));
#12227 = CARTESIAN_POINT('',(62.08,69.47));
#12228 = ( GEOMETRIC_REPRESENTATION_CONTEXT(2) 
PARAMETRIC_REPRESENTATION_CONTEXT() REPRESENTATION_CONTEXT('2D SPACE',''
  ) );
#12229 = PCURVE('',#6583,#12230);
#12230 = DEFINITIONAL_REPRESENTATION('',(#12231),#12235);
#12231 = LINE('',#12232,#12233);
#12232 = CARTESIAN_POINT('',(0.,1.61));
#12233 = VECTOR('',#12234,1.);
#12234 = DIRECTION('',(1.,0.));
#12235 = ( GEOMETRIC_REPRESENTATION_CONTEXT(2) 
PARAMETRIC_REPRESENTATION_CONTEXT() REPRESENTATION_CONTEXT('2D SPACE',''
  ) );
#12236 = FACE_BOUND('',#12237,.F.);
#12237 = EDGE_LOOP('',(#12238));
#12238 = ORIENTED_EDGE('',*,*,#12239,.T.);
#12239 = EDGE_CURVE('',#12240,#12240,#12242,.T.);
#12240 = VERTEX_POINT('',#12241);
#12241 = CARTESIAN_POINT('',(123.45,-118.,1.6));
#12242 = SURFACE_CURVE('',#12243,(#12248,#12259),.PCURVE_S1.);
#12243 = CIRCLE('',#12244,0.65);
#12244 = AXIS2_PLACEMENT_3D('',#12245,#12246,#12247);
#12245 = CARTESIAN_POINT('',(122.8,-118.,1.6));
#12246 = DIRECTION('',(0.,0.,1.));
#12247 = DIRECTION('',(1.,0.,-0.));
#12248 = PCURVE('',#90,#12249);
#12249 = DEFINITIONAL_REPRESENTATION('',(#12250),#12258);
#12250 = ( BOUNDED_CURVE() B_SPLINE_CURVE(2,(#12251,#12252,#12253,#12254
    ,#12255,#12256,#12257),.UNSPECIFIED.,.T.,.F.) 
B_SPLINE_CURVE_WITH_KNOTS((1,2,2,2,2,1),(-2.094395102393,0.,
    2.094395102393,4.188790204786,6.28318530718,8.377580409573),
.UNSPECIFIED.) CURVE() GEOMETRIC_REPRESENTATION_ITEM() 
RATIONAL_B_SPLINE_CURVE((1.,0.5,1.,0.5,1.,0.5,1.)) REPRESENTATION_ITEM(
  '') );
#12251 = CARTESIAN_POINT('',(74.05,62.));
#12252 = CARTESIAN_POINT('',(74.05,63.12583302492));
#12253 = CARTESIAN_POINT('',(75.025,62.56291651246));
#12254 = CARTESIAN_POINT('',(76.,62.));
#12255 = CARTESIAN_POINT('',(75.025,61.43708348754));
#12256 = CARTESIAN_POINT('',(74.05,60.87416697508));
#12257 = CARTESIAN_POINT('',(74.05,62.));
#12258 = ( GEOMETRIC_REPRESENTATION_CONTEXT(2) 
PARAMETRIC_REPRESENTATION_CONTEXT() REPRESENTATION_CONTEXT('2D SPACE',''
  ) );
#12259 = PCURVE('',#6618,#12260);
#12260 = DEFINITIONAL_REPRESENTATION('',(#12261),#12265);
#12261 = LINE('',#12262,#12263);
#12262 = CARTESIAN_POINT('',(0.,1.61));
#12263 = VECTOR('',#12264,1.);
#12264 = DIRECTION('',(1.,0.));
#12265 = ( GEOMETRIC_REPRESENTATION_CONTEXT(2) 
PARAMETRIC_REPRESENTATION_CONTEXT() REPRESENTATION_CONTEXT('2D SPACE',''
  ) );
#12266 = FACE_BOUND('',#12267,.F.);
#12267 = EDGE_LOOP('',(#12268));
#12268 = ORIENTED_EDGE('',*,*,#12269,.T.);
#12269 = EDGE_CURVE('',#12270,#12270,#12272,.T.);
#12270 = VERTEX_POINT('',#12271);
#12271 = CARTESIAN_POINT('',(117.45,-116.,1.6));
#12272 = SURFACE_CURVE('',#12273,(#12278,#12289),.PCURVE_S1.);
#12273 = CIRCLE('',#12274,0.65);
#12274 = AXIS2_PLACEMENT_3D('',#12275,#12276,#12277);
#12275 = CARTESIAN_POINT('',(116.8,-116.,1.6));
#12276 = DIRECTION('',(0.,0.,1.));
#12277 = DIRECTION('',(1.,0.,-0.));
#12278 = PCURVE('',#90,#12279);
#12279 = DEFINITIONAL_REPRESENTATION('',(#12280),#12288);
#12280 = ( BOUNDED_CURVE() B_SPLINE_CURVE(2,(#12281,#12282,#12283,#12284
    ,#12285,#12286,#12287),.UNSPECIFIED.,.T.,.F.) 
B_SPLINE_CURVE_WITH_KNOTS((1,2,2,2,2,1),(-2.094395102393,0.,
    2.094395102393,4.188790204786,6.28318530718,8.377580409573),
.UNSPECIFIED.) CURVE() GEOMETRIC_REPRESENTATION_ITEM() 
RATIONAL_B_SPLINE_CURVE((1.,0.5,1.,0.5,1.,0.5,1.)) REPRESENTATION_ITEM(
  '') );
#12281 = CARTESIAN_POINT('',(80.05,64.));
#12282 = CARTESIAN_POINT('',(80.05,65.12583302492));
#12283 = CARTESIAN_POINT('',(81.025,64.56291651246));
#12284 = CARTESIAN_POINT('',(82.,64.));
#12285 = CARTESIAN_POINT('',(81.025,63.43708348754));
#12286 = CARTESIAN_POINT('',(80.05,62.87416697508));
#12287 = CARTESIAN_POINT('',(80.05,64.));
#12288 = ( GEOMETRIC_REPRESENTATION_CONTEXT(2) 
PARAMETRIC_REPRESENTATION_CONTEXT() REPRESENTATION_CONTEXT('2D SPACE',''
  ) );
#12289 = PCURVE('',#6653,#12290);
#12290 = DEFINITIONAL_REPRESENTATION('',(#12291),#12295);
#12291 = LINE('',#12292,#12293);
#12292 = CARTESIAN_POINT('',(0.,1.61));
#12293 = VECTOR('',#12294,1.);
#12294 = DIRECTION('',(1.,0.));
#12295 = ( GEOMETRIC_REPRESENTATION_CONTEXT(2) 
PARAMETRIC_REPRESENTATION_CONTEXT() REPRESENTATION_CONTEXT('2D SPACE',''
  ) );
#12296 = FACE_BOUND('',#12297,.F.);
#12297 = EDGE_LOOP('',(#12298));
#12298 = ORIENTED_EDGE('',*,*,#12299,.T.);
#12299 = EDGE_CURVE('',#12300,#12300,#12302,.T.);
#12300 = VERTEX_POINT('',#12301);
#12301 = CARTESIAN_POINT('',(111.45,-118.,1.6));
#12302 = SURFACE_CURVE('',#12303,(#12308,#12319),.PCURVE_S1.);
#12303 = CIRCLE('',#12304,0.65);
#12304 = AXIS2_PLACEMENT_3D('',#12305,#12306,#12307);
#12305 = CARTESIAN_POINT('',(110.8,-118.,1.6));
#12306 = DIRECTION('',(0.,0.,1.));
#12307 = DIRECTION('',(1.,0.,-0.));
#12308 = PCURVE('',#90,#12309);
#12309 = DEFINITIONAL_REPRESENTATION('',(#12310),#12318);
#12310 = ( BOUNDED_CURVE() B_SPLINE_CURVE(2,(#12311,#12312,#12313,#12314
    ,#12315,#12316,#12317),.UNSPECIFIED.,.T.,.F.) 
B_SPLINE_CURVE_WITH_KNOTS((1,2,2,2,2,1),(-2.094395102393,0.,
    2.094395102393,4.188790204786,6.28318530718,8.377580409573),
.UNSPECIFIED.) CURVE() GEOMETRIC_REPRESENTATION_ITEM() 
RATIONAL_B_SPLINE_CURVE((1.,0.5,1.,0.5,1.,0.5,1.)) REPRESENTATION_ITEM(
  '') );
#12311 = CARTESIAN_POINT('',(86.05,62.));
#12312 = CARTESIAN_POINT('',(86.05,63.12583302492));
#12313 = CARTESIAN_POINT('',(87.025,62.56291651246));
#12314 = CARTESIAN_POINT('',(88.,62.));
#12315 = CARTESIAN_POINT('',(87.025,61.43708348754));
#12316 = CARTESIAN_POINT('',(86.05,60.87416697508));
#12317 = CARTESIAN_POINT('',(86.05,62.));
#12318 = ( GEOMETRIC_REPRESENTATION_CONTEXT(2) 
PARAMETRIC_REPRESENTATION_CONTEXT() REPRESENTATION_CONTEXT('2D SPACE',''
  ) );
#12319 = PCURVE('',#6688,#12320);
#12320 = DEFINITIONAL_REPRESENTATION('',(#12321),#12325);
#12321 = LINE('',#12322,#12323);
#12322 = CARTESIAN_POINT('',(0.,1.61));
#12323 = VECTOR('',#12324,1.);
#12324 = DIRECTION('',(1.,0.));
#12325 = ( GEOMETRIC_REPRESENTATION_CONTEXT(2) 
PARAMETRIC_REPRESENTATION_CONTEXT() REPRESENTATION_CONTEXT('2D SPACE',''
  ) );
#12326 = FACE_BOUND('',#12327,.F.);
#12327 = EDGE_LOOP('',(#12328));
#12328 = ORIENTED_EDGE('',*,*,#12329,.T.);
#12329 = EDGE_CURVE('',#12330,#12330,#12332,.T.);
#12330 = VERTEX_POINT('',#12331);
#12331 = CARTESIAN_POINT('',(122.58,-110.53,1.6));
#12332 = SURFACE_CURVE('',#12333,(#12338,#12349),.PCURVE_S1.);
#12333 = CIRCLE('',#12334,0.7);
#12334 = AXIS2_PLACEMENT_3D('',#12335,#12336,#12337);
#12335 = CARTESIAN_POINT('',(121.88,-110.53,1.6));
#12336 = DIRECTION('',(0.,0.,1.));
#12337 = DIRECTION('',(1.,0.,-0.));
#12338 = PCURVE('',#90,#12339);
#12339 = DEFINITIONAL_REPRESENTATION('',(#12340),#12348);
#12340 = ( BOUNDED_CURVE() B_SPLINE_CURVE(2,(#12341,#12342,#12343,#12344
    ,#12345,#12346,#12347),.UNSPECIFIED.,.T.,.F.) 
B_SPLINE_CURVE_WITH_KNOTS((1,2,2,2,2,1),(-2.094395102393,0.,
    2.094395102393,4.188790204786,6.28318530718,8.377580409573),
.UNSPECIFIED.) CURVE() GEOMETRIC_REPRESENTATION_ITEM() 
RATIONAL_B_SPLINE_CURVE((1.,0.5,1.,0.5,1.,0.5,1.)) REPRESENTATION_ITEM(
  '') );
#12341 = CARTESIAN_POINT('',(74.92,69.47));
#12342 = CARTESIAN_POINT('',(74.92,70.682435565298));
#12343 = CARTESIAN_POINT('',(75.97,70.076217782649));
#12344 = CARTESIAN_POINT('',(77.02,69.47));
#12345 = CARTESIAN_POINT('',(75.97,68.863782217351));
#12346 = CARTESIAN_POINT('',(74.92,68.257564434702));
#12347 = CARTESIAN_POINT('',(74.92,69.47));
#12348 = ( GEOMETRIC_REPRESENTATION_CONTEXT(2) 
PARAMETRIC_REPRESENTATION_CONTEXT() REPRESENTATION_CONTEXT('2D SPACE',''
  ) );
#12349 = PCURVE('',#6723,#12350);
#12350 = DEFINITIONAL_REPRESENTATION('',(#12351),#12355);
#12351 = LINE('',#12352,#12353);
#12352 = CARTESIAN_POINT('',(0.,1.61));
#12353 = VECTOR('',#12354,1.);
#12354 = DIRECTION('',(1.,0.));
#12355 = ( GEOMETRIC_REPRESENTATION_CONTEXT(2) 
PARAMETRIC_REPRESENTATION_CONTEXT() REPRESENTATION_CONTEXT('2D SPACE',''
  ) );
#12356 = FACE_BOUND('',#12357,.F.);
#12357 = EDGE_LOOP('',(#12358));
#12358 = ORIENTED_EDGE('',*,*,#12359,.T.);
#12359 = EDGE_CURVE('',#12360,#12360,#12362,.T.);
#12360 = VERTEX_POINT('',#12361);
#12361 = CARTESIAN_POINT('',(117.5,-110.53,1.6));
#12362 = SURFACE_CURVE('',#12363,(#12368,#12379),.PCURVE_S1.);
#12363 = CIRCLE('',#12364,0.7);
#12364 = AXIS2_PLACEMENT_3D('',#12365,#12366,#12367);
#12365 = CARTESIAN_POINT('',(116.8,-110.53,1.6));
#12366 = DIRECTION('',(0.,0.,1.));
#12367 = DIRECTION('',(1.,0.,-0.));
#12368 = PCURVE('',#90,#12369);
#12369 = DEFINITIONAL_REPRESENTATION('',(#12370),#12378);
#12370 = ( BOUNDED_CURVE() B_SPLINE_CURVE(2,(#12371,#12372,#12373,#12374
    ,#12375,#12376,#12377),.UNSPECIFIED.,.T.,.F.) 
B_SPLINE_CURVE_WITH_KNOTS((1,2,2,2,2,1),(-2.094395102393,0.,
    2.094395102393,4.188790204786,6.28318530718,8.377580409573),
.UNSPECIFIED.) CURVE() GEOMETRIC_REPRESENTATION_ITEM() 
RATIONAL_B_SPLINE_CURVE((1.,0.5,1.,0.5,1.,0.5,1.)) REPRESENTATION_ITEM(
  '') );
#12371 = CARTESIAN_POINT('',(80.,69.47));
#12372 = CARTESIAN_POINT('',(80.,70.682435565298));
#12373 = CARTESIAN_POINT('',(81.05,70.076217782649));
#12374 = CARTESIAN_POINT('',(82.1,69.47));
#12375 = CARTESIAN_POINT('',(81.05,68.863782217351));
#12376 = CARTESIAN_POINT('',(80.,68.257564434702));
#12377 = CARTESIAN_POINT('',(80.,69.47));
#12378 = ( GEOMETRIC_REPRESENTATION_CONTEXT(2) 
PARAMETRIC_REPRESENTATION_CONTEXT() REPRESENTATION_CONTEXT('2D SPACE',''
  ) );
#12379 = PCURVE('',#6758,#12380);
#12380 = DEFINITIONAL_REPRESENTATION('',(#12381),#12385);
#12381 = LINE('',#12382,#12383);
#12382 = CARTESIAN_POINT('',(0.,1.61));
#12383 = VECTOR('',#12384,1.);
#12384 = DIRECTION('',(1.,0.));
#12385 = ( GEOMETRIC_REPRESENTATION_CONTEXT(2) 
PARAMETRIC_REPRESENTATION_CONTEXT() REPRESENTATION_CONTEXT('2D SPACE',''
  ) );
#12386 = FACE_BOUND('',#12387,.F.);
#12387 = EDGE_LOOP('',(#12388));
#12388 = ORIENTED_EDGE('',*,*,#12389,.T.);
#12389 = EDGE_CURVE('',#12390,#12390,#12392,.T.);
#12390 = VERTEX_POINT('',#12391);
#12391 = CARTESIAN_POINT('',(112.42,-110.53,1.6));
#12392 = SURFACE_CURVE('',#12393,(#12398,#12409),.PCURVE_S1.);
#12393 = CIRCLE('',#12394,0.7);
#12394 = AXIS2_PLACEMENT_3D('',#12395,#12396,#12397);
#12395 = CARTESIAN_POINT('',(111.72,-110.53,1.6));
#12396 = DIRECTION('',(0.,0.,1.));
#12397 = DIRECTION('',(1.,0.,-0.));
#12398 = PCURVE('',#90,#12399);
#12399 = DEFINITIONAL_REPRESENTATION('',(#12400),#12408);
#12400 = ( BOUNDED_CURVE() B_SPLINE_CURVE(2,(#12401,#12402,#12403,#12404
    ,#12405,#12406,#12407),.UNSPECIFIED.,.T.,.F.) 
B_SPLINE_CURVE_WITH_KNOTS((1,2,2,2,2,1),(-2.094395102393,0.,
    2.094395102393,4.188790204786,6.28318530718,8.377580409573),
.UNSPECIFIED.) CURVE() GEOMETRIC_REPRESENTATION_ITEM() 
RATIONAL_B_SPLINE_CURVE((1.,0.5,1.,0.5,1.,0.5,1.)) REPRESENTATION_ITEM(
  '') );
#12401 = CARTESIAN_POINT('',(85.08,69.47));
#12402 = CARTESIAN_POINT('',(85.08,70.682435565298));
#12403 = CARTESIAN_POINT('',(86.13,70.076217782649));
#12404 = CARTESIAN_POINT('',(87.18,69.47));
#12405 = CARTESIAN_POINT('',(86.13,68.863782217351));
#12406 = CARTESIAN_POINT('',(85.08,68.257564434702));
#12407 = CARTESIAN_POINT('',(85.08,69.47));
#12408 = ( GEOMETRIC_REPRESENTATION_CONTEXT(2) 
PARAMETRIC_REPRESENTATION_CONTEXT() REPRESENTATION_CONTEXT('2D SPACE',''
  ) );
#12409 = PCURVE('',#6793,#12410);
#12410 = DEFINITIONAL_REPRESENTATION('',(#12411),#12415);
#12411 = LINE('',#12412,#12413);
#12412 = CARTESIAN_POINT('',(0.,1.61));
#12413 = VECTOR('',#12414,1.);
#12414 = DIRECTION('',(1.,0.));
#12415 = ( GEOMETRIC_REPRESENTATION_CONTEXT(2) 
PARAMETRIC_REPRESENTATION_CONTEXT() REPRESENTATION_CONTEXT('2D SPACE',''
  ) );
#12416 = FACE_BOUND('',#12417,.F.);
#12417 = EDGE_LOOP('',(#12418));
#12418 = ORIENTED_EDGE('',*,*,#12419,.T.);
#12419 = EDGE_CURVE('',#12420,#12420,#12422,.T.);
#12420 = VERTEX_POINT('',#12421);
#12421 = CARTESIAN_POINT('',(105.1,-103.5,1.6));
#12422 = SURFACE_CURVE('',#12423,(#12428,#12439),.PCURVE_S1.);
#12423 = CIRCLE('',#12424,1.6);
#12424 = AXIS2_PLACEMENT_3D('',#12425,#12426,#12427);
#12425 = CARTESIAN_POINT('',(103.5,-103.5,1.6));
#12426 = DIRECTION('',(0.,0.,1.));
#12427 = DIRECTION('',(1.,0.,-0.));
#12428 = PCURVE('',#90,#12429);
#12429 = DEFINITIONAL_REPRESENTATION('',(#12430),#12438);
#12430 = ( BOUNDED_CURVE() B_SPLINE_CURVE(2,(#12431,#12432,#12433,#12434
    ,#12435,#12436,#12437),.UNSPECIFIED.,.T.,.F.) 
B_SPLINE_CURVE_WITH_KNOTS((1,2,2,2,2,1),(-2.094395102393,0.,
    2.094395102393,4.188790204786,6.28318530718,8.377580409573),
.UNSPECIFIED.) CURVE() GEOMETRIC_REPRESENTATION_ITEM() 
RATIONAL_B_SPLINE_CURVE((1.,0.5,1.,0.5,1.,0.5,1.)) REPRESENTATION_ITEM(
  '') );
#12431 = CARTESIAN_POINT('',(92.4,76.5));
#12432 = CARTESIAN_POINT('',(92.4,79.27128129211));
#12433 = CARTESIAN_POINT('',(94.8,77.885640646055));
#12434 = CARTESIAN_POINT('',(97.2,76.5));
#12435 = CARTESIAN_POINT('',(94.8,75.114359353945));
#12436 = CARTESIAN_POINT('',(92.4,73.72871870789));
#12437 = CARTESIAN_POINT('',(92.4,76.5));
#12438 = ( GEOMETRIC_REPRESENTATION_CONTEXT(2) 
PARAMETRIC_REPRESENTATION_CONTEXT() REPRESENTATION_CONTEXT('2D SPACE',''
  ) );
#12439 = PCURVE('',#6828,#12440);
#12440 = DEFINITIONAL_REPRESENTATION('',(#12441),#12445);
#12441 = LINE('',#12442,#12443);
#12442 = CARTESIAN_POINT('',(0.,1.61));
#12443 = VECTOR('',#12444,1.);
#12444 = DIRECTION('',(1.,0.));
#12445 = ( GEOMETRIC_REPRESENTATION_CONTEXT(2) 
PARAMETRIC_REPRESENTATION_CONTEXT() REPRESENTATION_CONTEXT('2D SPACE',''
  ) );
#12446 = ADVANCED_FACE('',(#12447),#177,.T.);
#12447 = FACE_BOUND('',#12448,.T.);
#12448 = EDGE_LOOP('',(#12449,#12450,#12451,#12452));
#12449 = ORIENTED_EDGE('',*,*,#259,.T.);
#12450 = ORIENTED_EDGE('',*,*,#6845,.T.);
#12451 = ORIENTED_EDGE('',*,*,#159,.F.);
#12452 = ORIENTED_EDGE('',*,*,#308,.F.);
#12453 = ADVANCED_FACE('',(#12454),#353,.F.);
#12454 = FACE_BOUND('',#12455,.F.);
#12455 = EDGE_LOOP('',(#12456,#12457,#12478,#12479));
#12456 = ORIENTED_EDGE('',*,*,#6869,.F.);
#12457 = ORIENTED_EDGE('',*,*,#12458,.F.);
#12458 = EDGE_CURVE('',#333,#6870,#12459,.T.);
#12459 = SEAM_CURVE('',#12460,(#12464,#12471),.PCURVE_S1.);
#12460 = LINE('',#12461,#12462);
#12461 = CARTESIAN_POINT('',(293.1,-256.5,-1.E-02));
#12462 = VECTOR('',#12463,1.);
#12463 = DIRECTION('',(0.,0.,1.));
#12464 = PCURVE('',#353,#12465);
#12465 = DEFINITIONAL_REPRESENTATION('',(#12466),#12470);
#12466 = LINE('',#12467,#12468);
#12467 = CARTESIAN_POINT('',(6.28318530718,-0.));
#12468 = VECTOR('',#12469,1.);
#12469 = DIRECTION('',(0.,1.));
#12470 = ( GEOMETRIC_REPRESENTATION_CONTEXT(2) 
PARAMETRIC_REPRESENTATION_CONTEXT() REPRESENTATION_CONTEXT('2D SPACE',''
  ) );
#12471 = PCURVE('',#353,#12472);
#12472 = DEFINITIONAL_REPRESENTATION('',(#12473),#12477);
#12473 = LINE('',#12474,#12475);
#12474 = CARTESIAN_POINT('',(0.,-0.));
#12475 = VECTOR('',#12476,1.);
#12476 = DIRECTION('',(0.,1.));
#12477 = ( GEOMETRIC_REPRESENTATION_CONTEXT(2) 
PARAMETRIC_REPRESENTATION_CONTEXT() REPRESENTATION_CONTEXT('2D SPACE',''
  ) );
#12478 = ORIENTED_EDGE('',*,*,#332,.T.);
#12479 = ORIENTED_EDGE('',*,*,#12458,.T.);
#12480 = ADVANCED_FACE('',(#12481),#388,.F.);
#12481 = FACE_BOUND('',#12482,.F.);
#12482 = EDGE_LOOP('',(#12483,#12484,#12505,#12506));
#12483 = ORIENTED_EDGE('',*,*,#6899,.F.);
#12484 = ORIENTED_EDGE('',*,*,#12485,.F.);
#12485 = EDGE_CURVE('',#368,#6900,#12486,.T.);
#12486 = SEAM_CURVE('',#12487,(#12491,#12498),.PCURVE_S1.);
#12487 = LINE('',#12488,#12489);
#12488 = CARTESIAN_POINT('',(287.07,-249.5,-1.E-02));
#12489 = VECTOR('',#12490,1.);
#12490 = DIRECTION('',(0.,0.,1.));
#12491 = PCURVE('',#388,#12492);
#12492 = DEFINITIONAL_REPRESENTATION('',(#12493),#12497);
#12493 = LINE('',#12494,#12495);
#12494 = CARTESIAN_POINT('',(6.28318530718,-0.));
#12495 = VECTOR('',#12496,1.);
#12496 = DIRECTION('',(0.,1.));
#12497 = ( GEOMETRIC_REPRESENTATION_CONTEXT(2) 
PARAMETRIC_REPRESENTATION_CONTEXT() REPRESENTATION_CONTEXT('2D SPACE',''
  ) );
#12498 = PCURVE('',#388,#12499);
#12499 = DEFINITIONAL_REPRESENTATION('',(#12500),#12504);
#12500 = LINE('',#12501,#12502);
#12501 = CARTESIAN_POINT('',(0.,-0.));
#12502 = VECTOR('',#12503,1.);
#12503 = DIRECTION('',(0.,1.));
#12504 = ( GEOMETRIC_REPRESENTATION_CONTEXT(2) 
PARAMETRIC_REPRESENTATION_CONTEXT() REPRESENTATION_CONTEXT('2D SPACE',''
  ) );
#12505 = ORIENTED_EDGE('',*,*,#367,.T.);
#12506 = ORIENTED_EDGE('',*,*,#12485,.T.);
#12507 = ADVANCED_FACE('',(#12508),#423,.F.);
#12508 = FACE_BOUND('',#12509,.F.);
#12509 = EDGE_LOOP('',(#12510,#12511,#12532,#12533));
#12510 = ORIENTED_EDGE('',*,*,#6929,.F.);
#12511 = ORIENTED_EDGE('',*,*,#12512,.F.);
#12512 = EDGE_CURVE('',#403,#6930,#12513,.T.);
#12513 = SEAM_CURVE('',#12514,(#12518,#12525),.PCURVE_S1.);
#12514 = LINE('',#12515,#12516);
#12515 = CARTESIAN_POINT('',(277.1,-251.47,-1.E-02));
#12516 = VECTOR('',#12517,1.);
#12517 = DIRECTION('',(0.,0.,1.));
#12518 = PCURVE('',#423,#12519);
#12519 = DEFINITIONAL_REPRESENTATION('',(#12520),#12524);
#12520 = LINE('',#12521,#12522);
#12521 = CARTESIAN_POINT('',(6.28318530718,-0.));
#12522 = VECTOR('',#12523,1.);
#12523 = DIRECTION('',(0.,1.));
#12524 = ( GEOMETRIC_REPRESENTATION_CONTEXT(2) 
PARAMETRIC_REPRESENTATION_CONTEXT() REPRESENTATION_CONTEXT('2D SPACE',''
  ) );
#12525 = PCURVE('',#423,#12526);
#12526 = DEFINITIONAL_REPRESENTATION('',(#12527),#12531);
#12527 = LINE('',#12528,#12529);
#12528 = CARTESIAN_POINT('',(0.,-0.));
#12529 = VECTOR('',#12530,1.);
#12530 = DIRECTION('',(0.,1.));
#12531 = ( GEOMETRIC_REPRESENTATION_CONTEXT(2) 
PARAMETRIC_REPRESENTATION_CONTEXT() REPRESENTATION_CONTEXT('2D SPACE',''
  ) );
#12532 = ORIENTED_EDGE('',*,*,#402,.T.);
#12533 = ORIENTED_EDGE('',*,*,#12512,.T.);
#12534 = ADVANCED_FACE('',(#12535),#458,.F.);
#12535 = FACE_BOUND('',#12536,.F.);
#12536 = EDGE_LOOP('',(#12537,#12538,#12559,#12560));
#12537 = ORIENTED_EDGE('',*,*,#6959,.F.);
#12538 = ORIENTED_EDGE('',*,*,#12539,.F.);
#12539 = EDGE_CURVE('',#438,#6960,#12540,.T.);
#12540 = SEAM_CURVE('',#12541,(#12545,#12552),.PCURVE_S1.);
#12541 = LINE('',#12542,#12543);
#12542 = CARTESIAN_POINT('',(273.6,-251.47,-1.E-02));
#12543 = VECTOR('',#12544,1.);
#12544 = DIRECTION('',(0.,0.,1.));
#12545 = PCURVE('',#458,#12546);
#12546 = DEFINITIONAL_REPRESENTATION('',(#12547),#12551);
#12547 = LINE('',#12548,#12549);
#12548 = CARTESIAN_POINT('',(6.28318530718,-0.));
#12549 = VECTOR('',#12550,1.);
#12550 = DIRECTION('',(0.,1.));
#12551 = ( GEOMETRIC_REPRESENTATION_CONTEXT(2) 
PARAMETRIC_REPRESENTATION_CONTEXT() REPRESENTATION_CONTEXT('2D SPACE',''
  ) );
#12552 = PCURVE('',#458,#12553);
#12553 = DEFINITIONAL_REPRESENTATION('',(#12554),#12558);
#12554 = LINE('',#12555,#12556);
#12555 = CARTESIAN_POINT('',(0.,-0.));
#12556 = VECTOR('',#12557,1.);
#12557 = DIRECTION('',(0.,1.));
#12558 = ( GEOMETRIC_REPRESENTATION_CONTEXT(2) 
PARAMETRIC_REPRESENTATION_CONTEXT() REPRESENTATION_CONTEXT('2D SPACE',''
  ) );
#12559 = ORIENTED_EDGE('',*,*,#437,.T.);
#12560 = ORIENTED_EDGE('',*,*,#12539,.T.);
#12561 = ADVANCED_FACE('',(#12562),#493,.F.);
#12562 = FACE_BOUND('',#12563,.F.);
#12563 = EDGE_LOOP('',(#12564,#12565,#12586,#12587));
#12564 = ORIENTED_EDGE('',*,*,#6989,.F.);
#12565 = ORIENTED_EDGE('',*,*,#12566,.F.);
#12566 = EDGE_CURVE('',#473,#6990,#12567,.T.);
#12567 = SEAM_CURVE('',#12568,(#12572,#12579),.PCURVE_S1.);
#12568 = LINE('',#12569,#12570);
#12569 = CARTESIAN_POINT('',(270.1,-251.47,-1.E-02));
#12570 = VECTOR('',#12571,1.);
#12571 = DIRECTION('',(0.,0.,1.));
#12572 = PCURVE('',#493,#12573);
#12573 = DEFINITIONAL_REPRESENTATION('',(#12574),#12578);
#12574 = LINE('',#12575,#12576);
#12575 = CARTESIAN_POINT('',(6.28318530718,-0.));
#12576 = VECTOR('',#12577,1.);
#12577 = DIRECTION('',(0.,1.));
#12578 = ( GEOMETRIC_REPRESENTATION_CONTEXT(2) 
PARAMETRIC_REPRESENTATION_CONTEXT() REPRESENTATION_CONTEXT('2D SPACE',''
  ) );
#12579 = PCURVE('',#493,#12580);
#12580 = DEFINITIONAL_REPRESENTATION('',(#12581),#12585);
#12581 = LINE('',#12582,#12583);
#12582 = CARTESIAN_POINT('',(0.,-0.));
#12583 = VECTOR('',#12584,1.);
#12584 = DIRECTION('',(0.,1.));
#12585 = ( GEOMETRIC_REPRESENTATION_CONTEXT(2) 
PARAMETRIC_REPRESENTATION_CONTEXT() REPRESENTATION_CONTEXT('2D SPACE',''
  ) );
#12586 = ORIENTED_EDGE('',*,*,#472,.T.);
#12587 = ORIENTED_EDGE('',*,*,#12566,.T.);
#12588 = ADVANCED_FACE('',(#12589),#528,.F.);
#12589 = FACE_BOUND('',#12590,.F.);
#12590 = EDGE_LOOP('',(#12591,#12592,#12613,#12614));
#12591 = ORIENTED_EDGE('',*,*,#7019,.F.);
#12592 = ORIENTED_EDGE('',*,*,#12593,.F.);
#12593 = EDGE_CURVE('',#508,#7020,#12594,.T.);
#12594 = SEAM_CURVE('',#12595,(#12599,#12606),.PCURVE_S1.);
#12595 = LINE('',#12596,#12597);
#12596 = CARTESIAN_POINT('',(287.07,-246.,-1.E-02));
#12597 = VECTOR('',#12598,1.);
#12598 = DIRECTION('',(0.,0.,1.));
#12599 = PCURVE('',#528,#12600);
#12600 = DEFINITIONAL_REPRESENTATION('',(#12601),#12605);
#12601 = LINE('',#12602,#12603);
#12602 = CARTESIAN_POINT('',(6.28318530718,-0.));
#12603 = VECTOR('',#12604,1.);
#12604 = DIRECTION('',(0.,1.));
#12605 = ( GEOMETRIC_REPRESENTATION_CONTEXT(2) 
PARAMETRIC_REPRESENTATION_CONTEXT() REPRESENTATION_CONTEXT('2D SPACE',''
  ) );
#12606 = PCURVE('',#528,#12607);
#12607 = DEFINITIONAL_REPRESENTATION('',(#12608),#12612);
#12608 = LINE('',#12609,#12610);
#12609 = CARTESIAN_POINT('',(0.,-0.));
#12610 = VECTOR('',#12611,1.);
#12611 = DIRECTION('',(0.,1.));
#12612 = ( GEOMETRIC_REPRESENTATION_CONTEXT(2) 
PARAMETRIC_REPRESENTATION_CONTEXT() REPRESENTATION_CONTEXT('2D SPACE',''
  ) );
#12613 = ORIENTED_EDGE('',*,*,#507,.T.);
#12614 = ORIENTED_EDGE('',*,*,#12593,.T.);
#12615 = ADVANCED_FACE('',(#12616),#563,.F.);
#12616 = FACE_BOUND('',#12617,.F.);
#12617 = EDGE_LOOP('',(#12618,#12619,#12640,#12641));
#12618 = ORIENTED_EDGE('',*,*,#7049,.F.);
#12619 = ORIENTED_EDGE('',*,*,#12620,.F.);
#12620 = EDGE_CURVE('',#543,#7050,#12621,.T.);
#12621 = SEAM_CURVE('',#12622,(#12626,#12633),.PCURVE_S1.);
#12622 = LINE('',#12623,#12624);
#12623 = CARTESIAN_POINT('',(287.07,-242.5,-1.E-02));
#12624 = VECTOR('',#12625,1.);
#12625 = DIRECTION('',(0.,0.,1.));
#12626 = PCURVE('',#563,#12627);
#12627 = DEFINITIONAL_REPRESENTATION('',(#12628),#12632);
#12628 = LINE('',#12629,#12630);
#12629 = CARTESIAN_POINT('',(6.28318530718,-0.));
#12630 = VECTOR('',#12631,1.);
#12631 = DIRECTION('',(0.,1.));
#12632 = ( GEOMETRIC_REPRESENTATION_CONTEXT(2) 
PARAMETRIC_REPRESENTATION_CONTEXT() REPRESENTATION_CONTEXT('2D SPACE',''
  ) );
#12633 = PCURVE('',#563,#12634);
#12634 = DEFINITIONAL_REPRESENTATION('',(#12635),#12639);
#12635 = LINE('',#12636,#12637);
#12636 = CARTESIAN_POINT('',(0.,-0.));
#12637 = VECTOR('',#12638,1.);
#12638 = DIRECTION('',(0.,1.));
#12639 = ( GEOMETRIC_REPRESENTATION_CONTEXT(2) 
PARAMETRIC_REPRESENTATION_CONTEXT() REPRESENTATION_CONTEXT('2D SPACE',''
  ) );
#12640 = ORIENTED_EDGE('',*,*,#542,.T.);
#12641 = ORIENTED_EDGE('',*,*,#12620,.T.);
#12642 = ADVANCED_FACE('',(#12643),#598,.F.);
#12643 = FACE_BOUND('',#12644,.F.);
#12644 = EDGE_LOOP('',(#12645,#12646,#12667,#12668));
#12645 = ORIENTED_EDGE('',*,*,#7079,.F.);
#12646 = ORIENTED_EDGE('',*,*,#12647,.F.);
#12647 = EDGE_CURVE('',#578,#7080,#12648,.T.);
#12648 = SEAM_CURVE('',#12649,(#12653,#12660),.PCURVE_S1.);
#12649 = LINE('',#12650,#12651);
#12650 = CARTESIAN_POINT('',(287.07,-239.,-1.E-02));
#12651 = VECTOR('',#12652,1.);
#12652 = DIRECTION('',(0.,0.,1.));
#12653 = PCURVE('',#598,#12654);
#12654 = DEFINITIONAL_REPRESENTATION('',(#12655),#12659);
#12655 = LINE('',#12656,#12657);
#12656 = CARTESIAN_POINT('',(6.28318530718,-0.));
#12657 = VECTOR('',#12658,1.);
#12658 = DIRECTION('',(0.,1.));
#12659 = ( GEOMETRIC_REPRESENTATION_CONTEXT(2) 
PARAMETRIC_REPRESENTATION_CONTEXT() REPRESENTATION_CONTEXT('2D SPACE',''
  ) );
#12660 = PCURVE('',#598,#12661);
#12661 = DEFINITIONAL_REPRESENTATION('',(#12662),#12666);
#12662 = LINE('',#12663,#12664);
#12663 = CARTESIAN_POINT('',(0.,-0.));
#12664 = VECTOR('',#12665,1.);
#12665 = DIRECTION('',(0.,1.));
#12666 = ( GEOMETRIC_REPRESENTATION_CONTEXT(2) 
PARAMETRIC_REPRESENTATION_CONTEXT() REPRESENTATION_CONTEXT('2D SPACE',''
  ) );
#12667 = ORIENTED_EDGE('',*,*,#577,.T.);
#12668 = ORIENTED_EDGE('',*,*,#12647,.T.);
#12669 = ADVANCED_FACE('',(#12670),#633,.F.);
#12670 = FACE_BOUND('',#12671,.F.);
#12671 = EDGE_LOOP('',(#12672,#12673,#12694,#12695));
#12672 = ORIENTED_EDGE('',*,*,#7109,.F.);
#12673 = ORIENTED_EDGE('',*,*,#12674,.F.);
#12674 = EDGE_CURVE('',#613,#7110,#12675,.T.);
#12675 = SEAM_CURVE('',#12676,(#12680,#12687),.PCURVE_S1.);
#12676 = LINE('',#12677,#12678);
#12677 = CARTESIAN_POINT('',(266.6,-251.47,-1.E-02));
#12678 = VECTOR('',#12679,1.);
#12679 = DIRECTION('',(0.,0.,1.));
#12680 = PCURVE('',#633,#12681);
#12681 = DEFINITIONAL_REPRESENTATION('',(#12682),#12686);
#12682 = LINE('',#12683,#12684);
#12683 = CARTESIAN_POINT('',(6.28318530718,-0.));
#12684 = VECTOR('',#12685,1.);
#12685 = DIRECTION('',(0.,1.));
#12686 = ( GEOMETRIC_REPRESENTATION_CONTEXT(2) 
PARAMETRIC_REPRESENTATION_CONTEXT() REPRESENTATION_CONTEXT('2D SPACE',''
  ) );
#12687 = PCURVE('',#633,#12688);
#12688 = DEFINITIONAL_REPRESENTATION('',(#12689),#12693);
#12689 = LINE('',#12690,#12691);
#12690 = CARTESIAN_POINT('',(0.,-0.));
#12691 = VECTOR('',#12692,1.);
#12692 = DIRECTION('',(0.,1.));
#12693 = ( GEOMETRIC_REPRESENTATION_CONTEXT(2) 
PARAMETRIC_REPRESENTATION_CONTEXT() REPRESENTATION_CONTEXT('2D SPACE',''
  ) );
#12694 = ORIENTED_EDGE('',*,*,#612,.T.);
#12695 = ORIENTED_EDGE('',*,*,#12674,.T.);
#12696 = ADVANCED_FACE('',(#12697),#668,.F.);
#12697 = FACE_BOUND('',#12698,.F.);
#12698 = EDGE_LOOP('',(#12699,#12700,#12721,#12722));
#12699 = ORIENTED_EDGE('',*,*,#7139,.F.);
#12700 = ORIENTED_EDGE('',*,*,#12701,.F.);
#12701 = EDGE_CURVE('',#648,#7140,#12702,.T.);
#12702 = SEAM_CURVE('',#12703,(#12707,#12714),.PCURVE_S1.);
#12703 = LINE('',#12704,#12705);
#12704 = CARTESIAN_POINT('',(263.1,-251.47,-1.E-02));
#12705 = VECTOR('',#12706,1.);
#12706 = DIRECTION('',(0.,0.,1.));
#12707 = PCURVE('',#668,#12708);
#12708 = DEFINITIONAL_REPRESENTATION('',(#12709),#12713);
#12709 = LINE('',#12710,#12711);
#12710 = CARTESIAN_POINT('',(6.28318530718,-0.));
#12711 = VECTOR('',#12712,1.);
#12712 = DIRECTION('',(0.,1.));
#12713 = ( GEOMETRIC_REPRESENTATION_CONTEXT(2) 
PARAMETRIC_REPRESENTATION_CONTEXT() REPRESENTATION_CONTEXT('2D SPACE',''
  ) );
#12714 = PCURVE('',#668,#12715);
#12715 = DEFINITIONAL_REPRESENTATION('',(#12716),#12720);
#12716 = LINE('',#12717,#12718);
#12717 = CARTESIAN_POINT('',(0.,-0.));
#12718 = VECTOR('',#12719,1.);
#12719 = DIRECTION('',(0.,1.));
#12720 = ( GEOMETRIC_REPRESENTATION_CONTEXT(2) 
PARAMETRIC_REPRESENTATION_CONTEXT() REPRESENTATION_CONTEXT('2D SPACE',''
  ) );
#12721 = ORIENTED_EDGE('',*,*,#647,.T.);
#12722 = ORIENTED_EDGE('',*,*,#12701,.T.);
#12723 = ADVANCED_FACE('',(#12724),#703,.F.);
#12724 = FACE_BOUND('',#12725,.F.);
#12725 = EDGE_LOOP('',(#12726,#12727,#12748,#12749));
#12726 = ORIENTED_EDGE('',*,*,#7169,.F.);
#12727 = ORIENTED_EDGE('',*,*,#12728,.F.);
#12728 = EDGE_CURVE('',#683,#7170,#12729,.T.);
#12729 = SEAM_CURVE('',#12730,(#12734,#12741),.PCURVE_S1.);
#12730 = LINE('',#12731,#12732);
#12731 = CARTESIAN_POINT('',(259.6,-251.47,-1.E-02));
#12732 = VECTOR('',#12733,1.);
#12733 = DIRECTION('',(0.,0.,1.));
#12734 = PCURVE('',#703,#12735);
#12735 = DEFINITIONAL_REPRESENTATION('',(#12736),#12740);
#12736 = LINE('',#12737,#12738);
#12737 = CARTESIAN_POINT('',(6.28318530718,-0.));
#12738 = VECTOR('',#12739,1.);
#12739 = DIRECTION('',(0.,1.));
#12740 = ( GEOMETRIC_REPRESENTATION_CONTEXT(2) 
PARAMETRIC_REPRESENTATION_CONTEXT() REPRESENTATION_CONTEXT('2D SPACE',''
  ) );
#12741 = PCURVE('',#703,#12742);
#12742 = DEFINITIONAL_REPRESENTATION('',(#12743),#12747);
#12743 = LINE('',#12744,#12745);
#12744 = CARTESIAN_POINT('',(0.,-0.));
#12745 = VECTOR('',#12746,1.);
#12746 = DIRECTION('',(0.,1.));
#12747 = ( GEOMETRIC_REPRESENTATION_CONTEXT(2) 
PARAMETRIC_REPRESENTATION_CONTEXT() REPRESENTATION_CONTEXT('2D SPACE',''
  ) );
#12748 = ORIENTED_EDGE('',*,*,#682,.T.);
#12749 = ORIENTED_EDGE('',*,*,#12728,.T.);
#12750 = ADVANCED_FACE('',(#12751),#738,.F.);
#12751 = FACE_BOUND('',#12752,.F.);
#12752 = EDGE_LOOP('',(#12753,#12754,#12775,#12776));
#12753 = ORIENTED_EDGE('',*,*,#7199,.F.);
#12754 = ORIENTED_EDGE('',*,*,#12755,.F.);
#12755 = EDGE_CURVE('',#718,#7200,#12756,.T.);
#12756 = SEAM_CURVE('',#12757,(#12761,#12768),.PCURVE_S1.);
#12757 = LINE('',#12758,#12759);
#12758 = CARTESIAN_POINT('',(252.1,-251.47,-1.E-02));
#12759 = VECTOR('',#12760,1.);
#12760 = DIRECTION('',(0.,0.,1.));
#12761 = PCURVE('',#738,#12762);
#12762 = DEFINITIONAL_REPRESENTATION('',(#12763),#12767);
#12763 = LINE('',#12764,#12765);
#12764 = CARTESIAN_POINT('',(6.28318530718,-0.));
#12765 = VECTOR('',#12766,1.);
#12766 = DIRECTION('',(0.,1.));
#12767 = ( GEOMETRIC_REPRESENTATION_CONTEXT(2) 
PARAMETRIC_REPRESENTATION_CONTEXT() REPRESENTATION_CONTEXT('2D SPACE',''
  ) );
#12768 = PCURVE('',#738,#12769);
#12769 = DEFINITIONAL_REPRESENTATION('',(#12770),#12774);
#12770 = LINE('',#12771,#12772);
#12771 = CARTESIAN_POINT('',(0.,-0.));
#12772 = VECTOR('',#12773,1.);
#12773 = DIRECTION('',(0.,1.));
#12774 = ( GEOMETRIC_REPRESENTATION_CONTEXT(2) 
PARAMETRIC_REPRESENTATION_CONTEXT() REPRESENTATION_CONTEXT('2D SPACE',''
  ) );
#12775 = ORIENTED_EDGE('',*,*,#717,.T.);
#12776 = ORIENTED_EDGE('',*,*,#12755,.T.);
#12777 = ADVANCED_FACE('',(#12778),#773,.F.);
#12778 = FACE_BOUND('',#12779,.F.);
#12779 = EDGE_LOOP('',(#12780,#12781,#12802,#12803));
#12780 = ORIENTED_EDGE('',*,*,#7229,.F.);
#12781 = ORIENTED_EDGE('',*,*,#12782,.F.);
#12782 = EDGE_CURVE('',#753,#7230,#12783,.T.);
#12783 = SEAM_CURVE('',#12784,(#12788,#12795),.PCURVE_S1.);
#12784 = LINE('',#12785,#12786);
#12785 = CARTESIAN_POINT('',(248.6,-251.47,-1.E-02));
#12786 = VECTOR('',#12787,1.);
#12787 = DIRECTION('',(0.,0.,1.));
#12788 = PCURVE('',#773,#12789);
#12789 = DEFINITIONAL_REPRESENTATION('',(#12790),#12794);
#12790 = LINE('',#12791,#12792);
#12791 = CARTESIAN_POINT('',(6.28318530718,-0.));
#12792 = VECTOR('',#12793,1.);
#12793 = DIRECTION('',(0.,1.));
#12794 = ( GEOMETRIC_REPRESENTATION_CONTEXT(2) 
PARAMETRIC_REPRESENTATION_CONTEXT() REPRESENTATION_CONTEXT('2D SPACE',''
  ) );
#12795 = PCURVE('',#773,#12796);
#12796 = DEFINITIONAL_REPRESENTATION('',(#12797),#12801);
#12797 = LINE('',#12798,#12799);
#12798 = CARTESIAN_POINT('',(0.,-0.));
#12799 = VECTOR('',#12800,1.);
#12800 = DIRECTION('',(0.,1.));
#12801 = ( GEOMETRIC_REPRESENTATION_CONTEXT(2) 
PARAMETRIC_REPRESENTATION_CONTEXT() REPRESENTATION_CONTEXT('2D SPACE',''
  ) );
#12802 = ORIENTED_EDGE('',*,*,#752,.T.);
#12803 = ORIENTED_EDGE('',*,*,#12782,.T.);
#12804 = ADVANCED_FACE('',(#12805),#808,.F.);
#12805 = FACE_BOUND('',#12806,.F.);
#12806 = EDGE_LOOP('',(#12807,#12808,#12829,#12830));
#12807 = ORIENTED_EDGE('',*,*,#7259,.F.);
#12808 = ORIENTED_EDGE('',*,*,#12809,.F.);
#12809 = EDGE_CURVE('',#788,#7260,#12810,.T.);
#12810 = SEAM_CURVE('',#12811,(#12815,#12822),.PCURVE_S1.);
#12811 = LINE('',#12812,#12813);
#12812 = CARTESIAN_POINT('',(287.07,-235.5,-1.E-02));
#12813 = VECTOR('',#12814,1.);
#12814 = DIRECTION('',(0.,0.,1.));
#12815 = PCURVE('',#808,#12816);
#12816 = DEFINITIONAL_REPRESENTATION('',(#12817),#12821);
#12817 = LINE('',#12818,#12819);
#12818 = CARTESIAN_POINT('',(6.28318530718,-0.));
#12819 = VECTOR('',#12820,1.);
#12820 = DIRECTION('',(0.,1.));
#12821 = ( GEOMETRIC_REPRESENTATION_CONTEXT(2) 
PARAMETRIC_REPRESENTATION_CONTEXT() REPRESENTATION_CONTEXT('2D SPACE',''
  ) );
#12822 = PCURVE('',#808,#12823);
#12823 = DEFINITIONAL_REPRESENTATION('',(#12824),#12828);
#12824 = LINE('',#12825,#12826);
#12825 = CARTESIAN_POINT('',(0.,-0.));
#12826 = VECTOR('',#12827,1.);
#12827 = DIRECTION('',(0.,1.));
#12828 = ( GEOMETRIC_REPRESENTATION_CONTEXT(2) 
PARAMETRIC_REPRESENTATION_CONTEXT() REPRESENTATION_CONTEXT('2D SPACE',''
  ) );
#12829 = ORIENTED_EDGE('',*,*,#787,.T.);
#12830 = ORIENTED_EDGE('',*,*,#12809,.T.);
#12831 = ADVANCED_FACE('',(#12832),#843,.F.);
#12832 = FACE_BOUND('',#12833,.F.);
#12833 = EDGE_LOOP('',(#12834,#12835,#12856,#12857));
#12834 = ORIENTED_EDGE('',*,*,#7289,.F.);
#12835 = ORIENTED_EDGE('',*,*,#12836,.F.);
#12836 = EDGE_CURVE('',#823,#7290,#12837,.T.);
#12837 = SEAM_CURVE('',#12838,(#12842,#12849),.PCURVE_S1.);
#12838 = LINE('',#12839,#12840);
#12839 = CARTESIAN_POINT('',(287.07,-232.,-1.E-02));
#12840 = VECTOR('',#12841,1.);
#12841 = DIRECTION('',(0.,0.,1.));
#12842 = PCURVE('',#843,#12843);
#12843 = DEFINITIONAL_REPRESENTATION('',(#12844),#12848);
#12844 = LINE('',#12845,#12846);
#12845 = CARTESIAN_POINT('',(6.28318530718,-0.));
#12846 = VECTOR('',#12847,1.);
#12847 = DIRECTION('',(0.,1.));
#12848 = ( GEOMETRIC_REPRESENTATION_CONTEXT(2) 
PARAMETRIC_REPRESENTATION_CONTEXT() REPRESENTATION_CONTEXT('2D SPACE',''
  ) );
#12849 = PCURVE('',#843,#12850);
#12850 = DEFINITIONAL_REPRESENTATION('',(#12851),#12855);
#12851 = LINE('',#12852,#12853);
#12852 = CARTESIAN_POINT('',(0.,-0.));
#12853 = VECTOR('',#12854,1.);
#12854 = DIRECTION('',(0.,1.));
#12855 = ( GEOMETRIC_REPRESENTATION_CONTEXT(2) 
PARAMETRIC_REPRESENTATION_CONTEXT() REPRESENTATION_CONTEXT('2D SPACE',''
  ) );
#12856 = ORIENTED_EDGE('',*,*,#822,.T.);
#12857 = ORIENTED_EDGE('',*,*,#12836,.T.);
#12858 = ADVANCED_FACE('',(#12859),#878,.F.);
#12859 = FACE_BOUND('',#12860,.F.);
#12860 = EDGE_LOOP('',(#12861,#12862,#12883,#12884));
#12861 = ORIENTED_EDGE('',*,*,#7319,.F.);
#12862 = ORIENTED_EDGE('',*,*,#12863,.F.);
#12863 = EDGE_CURVE('',#858,#7320,#12864,.T.);
#12864 = SEAM_CURVE('',#12865,(#12869,#12876),.PCURVE_S1.);
#12865 = LINE('',#12866,#12867);
#12866 = CARTESIAN_POINT('',(287.07,-228.5,-1.E-02));
#12867 = VECTOR('',#12868,1.);
#12868 = DIRECTION('',(0.,0.,1.));
#12869 = PCURVE('',#878,#12870);
#12870 = DEFINITIONAL_REPRESENTATION('',(#12871),#12875);
#12871 = LINE('',#12872,#12873);
#12872 = CARTESIAN_POINT('',(6.28318530718,-0.));
#12873 = VECTOR('',#12874,1.);
#12874 = DIRECTION('',(0.,1.));
#12875 = ( GEOMETRIC_REPRESENTATION_CONTEXT(2) 
PARAMETRIC_REPRESENTATION_CONTEXT() REPRESENTATION_CONTEXT('2D SPACE',''
  ) );
#12876 = PCURVE('',#878,#12877);
#12877 = DEFINITIONAL_REPRESENTATION('',(#12878),#12882);
#12878 = LINE('',#12879,#12880);
#12879 = CARTESIAN_POINT('',(0.,-0.));
#12880 = VECTOR('',#12881,1.);
#12881 = DIRECTION('',(0.,1.));
#12882 = ( GEOMETRIC_REPRESENTATION_CONTEXT(2) 
PARAMETRIC_REPRESENTATION_CONTEXT() REPRESENTATION_CONTEXT('2D SPACE',''
  ) );
#12883 = ORIENTED_EDGE('',*,*,#857,.T.);
#12884 = ORIENTED_EDGE('',*,*,#12863,.T.);
#12885 = ADVANCED_FACE('',(#12886),#913,.F.);
#12886 = FACE_BOUND('',#12887,.F.);
#12887 = EDGE_LOOP('',(#12888,#12889,#12910,#12911));
#12888 = ORIENTED_EDGE('',*,*,#7349,.F.);
#12889 = ORIENTED_EDGE('',*,*,#12890,.F.);
#12890 = EDGE_CURVE('',#893,#7350,#12891,.T.);
#12891 = SEAM_CURVE('',#12892,(#12896,#12903),.PCURVE_S1.);
#12892 = LINE('',#12893,#12894);
#12893 = CARTESIAN_POINT('',(287.07,-225.,-1.E-02));
#12894 = VECTOR('',#12895,1.);
#12895 = DIRECTION('',(0.,0.,1.));
#12896 = PCURVE('',#913,#12897);
#12897 = DEFINITIONAL_REPRESENTATION('',(#12898),#12902);
#12898 = LINE('',#12899,#12900);
#12899 = CARTESIAN_POINT('',(6.28318530718,-0.));
#12900 = VECTOR('',#12901,1.);
#12901 = DIRECTION('',(0.,1.));
#12902 = ( GEOMETRIC_REPRESENTATION_CONTEXT(2) 
PARAMETRIC_REPRESENTATION_CONTEXT() REPRESENTATION_CONTEXT('2D SPACE',''
  ) );
#12903 = PCURVE('',#913,#12904);
#12904 = DEFINITIONAL_REPRESENTATION('',(#12905),#12909);
#12905 = LINE('',#12906,#12907);
#12906 = CARTESIAN_POINT('',(0.,-0.));
#12907 = VECTOR('',#12908,1.);
#12908 = DIRECTION('',(0.,1.));
#12909 = ( GEOMETRIC_REPRESENTATION_CONTEXT(2) 
PARAMETRIC_REPRESENTATION_CONTEXT() REPRESENTATION_CONTEXT('2D SPACE',''
  ) );
#12910 = ORIENTED_EDGE('',*,*,#892,.T.);
#12911 = ORIENTED_EDGE('',*,*,#12890,.T.);
#12912 = ADVANCED_FACE('',(#12913),#948,.F.);
#12913 = FACE_BOUND('',#12914,.F.);
#12914 = EDGE_LOOP('',(#12915,#12916,#12937,#12938));
#12915 = ORIENTED_EDGE('',*,*,#7379,.F.);
#12916 = ORIENTED_EDGE('',*,*,#12917,.F.);
#12917 = EDGE_CURVE('',#928,#7380,#12918,.T.);
#12918 = SEAM_CURVE('',#12919,(#12923,#12930),.PCURVE_S1.);
#12919 = LINE('',#12920,#12921);
#12920 = CARTESIAN_POINT('',(245.1,-251.47,-1.E-02));
#12921 = VECTOR('',#12922,1.);
#12922 = DIRECTION('',(0.,0.,1.));
#12923 = PCURVE('',#948,#12924);
#12924 = DEFINITIONAL_REPRESENTATION('',(#12925),#12929);
#12925 = LINE('',#12926,#12927);
#12926 = CARTESIAN_POINT('',(6.28318530718,-0.));
#12927 = VECTOR('',#12928,1.);
#12928 = DIRECTION('',(0.,1.));
#12929 = ( GEOMETRIC_REPRESENTATION_CONTEXT(2) 
PARAMETRIC_REPRESENTATION_CONTEXT() REPRESENTATION_CONTEXT('2D SPACE',''
  ) );
#12930 = PCURVE('',#948,#12931);
#12931 = DEFINITIONAL_REPRESENTATION('',(#12932),#12936);
#12932 = LINE('',#12933,#12934);
#12933 = CARTESIAN_POINT('',(0.,-0.));
#12934 = VECTOR('',#12935,1.);
#12935 = DIRECTION('',(0.,1.));
#12936 = ( GEOMETRIC_REPRESENTATION_CONTEXT(2) 
PARAMETRIC_REPRESENTATION_CONTEXT() REPRESENTATION_CONTEXT('2D SPACE',''
  ) );
#12937 = ORIENTED_EDGE('',*,*,#927,.T.);
#12938 = ORIENTED_EDGE('',*,*,#12917,.T.);
#12939 = ADVANCED_FACE('',(#12940),#983,.F.);
#12940 = FACE_BOUND('',#12941,.F.);
#12941 = EDGE_LOOP('',(#12942,#12943,#12964,#12965));
#12942 = ORIENTED_EDGE('',*,*,#7409,.F.);
#12943 = ORIENTED_EDGE('',*,*,#12944,.F.);
#12944 = EDGE_CURVE('',#963,#7410,#12945,.T.);
#12945 = SEAM_CURVE('',#12946,(#12950,#12957),.PCURVE_S1.);
#12946 = LINE('',#12947,#12948);
#12947 = CARTESIAN_POINT('',(241.6,-251.47,-1.E-02));
#12948 = VECTOR('',#12949,1.);
#12949 = DIRECTION('',(0.,0.,1.));
#12950 = PCURVE('',#983,#12951);
#12951 = DEFINITIONAL_REPRESENTATION('',(#12952),#12956);
#12952 = LINE('',#12953,#12954);
#12953 = CARTESIAN_POINT('',(6.28318530718,-0.));
#12954 = VECTOR('',#12955,1.);
#12955 = DIRECTION('',(0.,1.));
#12956 = ( GEOMETRIC_REPRESENTATION_CONTEXT(2) 
PARAMETRIC_REPRESENTATION_CONTEXT() REPRESENTATION_CONTEXT('2D SPACE',''
  ) );
#12957 = PCURVE('',#983,#12958);
#12958 = DEFINITIONAL_REPRESENTATION('',(#12959),#12963);
#12959 = LINE('',#12960,#12961);
#12960 = CARTESIAN_POINT('',(0.,-0.));
#12961 = VECTOR('',#12962,1.);
#12962 = DIRECTION('',(0.,1.));
#12963 = ( GEOMETRIC_REPRESENTATION_CONTEXT(2) 
PARAMETRIC_REPRESENTATION_CONTEXT() REPRESENTATION_CONTEXT('2D SPACE',''
  ) );
#12964 = ORIENTED_EDGE('',*,*,#962,.T.);
#12965 = ORIENTED_EDGE('',*,*,#12944,.T.);
#12966 = ADVANCED_FACE('',(#12967),#1018,.F.);
#12967 = FACE_BOUND('',#12968,.F.);
#12968 = EDGE_LOOP('',(#12969,#12970,#12991,#12992));
#12969 = ORIENTED_EDGE('',*,*,#7439,.F.);
#12970 = ORIENTED_EDGE('',*,*,#12971,.F.);
#12971 = EDGE_CURVE('',#998,#7440,#12972,.T.);
#12972 = SEAM_CURVE('',#12973,(#12977,#12984),.PCURVE_S1.);
#12973 = LINE('',#12974,#12975);
#12974 = CARTESIAN_POINT('',(238.1,-251.47,-1.E-02));
#12975 = VECTOR('',#12976,1.);
#12976 = DIRECTION('',(0.,0.,1.));
#12977 = PCURVE('',#1018,#12978);
#12978 = DEFINITIONAL_REPRESENTATION('',(#12979),#12983);
#12979 = LINE('',#12980,#12981);
#12980 = CARTESIAN_POINT('',(6.28318530718,-0.));
#12981 = VECTOR('',#12982,1.);
#12982 = DIRECTION('',(0.,1.));
#12983 = ( GEOMETRIC_REPRESENTATION_CONTEXT(2) 
PARAMETRIC_REPRESENTATION_CONTEXT() REPRESENTATION_CONTEXT('2D SPACE',''
  ) );
#12984 = PCURVE('',#1018,#12985);
#12985 = DEFINITIONAL_REPRESENTATION('',(#12986),#12990);
#12986 = LINE('',#12987,#12988);
#12987 = CARTESIAN_POINT('',(0.,-0.));
#12988 = VECTOR('',#12989,1.);
#12989 = DIRECTION('',(0.,1.));
#12990 = ( GEOMETRIC_REPRESENTATION_CONTEXT(2) 
PARAMETRIC_REPRESENTATION_CONTEXT() REPRESENTATION_CONTEXT('2D SPACE',''
  ) );
#12991 = ORIENTED_EDGE('',*,*,#997,.T.);
#12992 = ORIENTED_EDGE('',*,*,#12971,.T.);
#12993 = ADVANCED_FACE('',(#12994),#1053,.F.);
#12994 = FACE_BOUND('',#12995,.F.);
#12995 = EDGE_LOOP('',(#12996,#12997,#13018,#13019));
#12996 = ORIENTED_EDGE('',*,*,#7469,.F.);
#12997 = ORIENTED_EDGE('',*,*,#12998,.F.);
#12998 = EDGE_CURVE('',#1033,#7470,#12999,.T.);
#12999 = SEAM_CURVE('',#13000,(#13004,#13011),.PCURVE_S1.);
#13000 = LINE('',#13001,#13002);
#13001 = CARTESIAN_POINT('',(234.6,-251.47,-1.E-02));
#13002 = VECTOR('',#13003,1.);
#13003 = DIRECTION('',(0.,0.,1.));
#13004 = PCURVE('',#1053,#13005);
#13005 = DEFINITIONAL_REPRESENTATION('',(#13006),#13010);
#13006 = LINE('',#13007,#13008);
#13007 = CARTESIAN_POINT('',(6.28318530718,-0.));
#13008 = VECTOR('',#13009,1.);
#13009 = DIRECTION('',(0.,1.));
#13010 = ( GEOMETRIC_REPRESENTATION_CONTEXT(2) 
PARAMETRIC_REPRESENTATION_CONTEXT() REPRESENTATION_CONTEXT('2D SPACE',''
  ) );
#13011 = PCURVE('',#1053,#13012);
#13012 = DEFINITIONAL_REPRESENTATION('',(#13013),#13017);
#13013 = LINE('',#13014,#13015);
#13014 = CARTESIAN_POINT('',(0.,-0.));
#13015 = VECTOR('',#13016,1.);
#13016 = DIRECTION('',(0.,1.));
#13017 = ( GEOMETRIC_REPRESENTATION_CONTEXT(2) 
PARAMETRIC_REPRESENTATION_CONTEXT() REPRESENTATION_CONTEXT('2D SPACE',''
  ) );
#13018 = ORIENTED_EDGE('',*,*,#1032,.T.);
#13019 = ORIENTED_EDGE('',*,*,#12998,.T.);
#13020 = ADVANCED_FACE('',(#13021),#1088,.F.);
#13021 = FACE_BOUND('',#13022,.F.);
#13022 = EDGE_LOOP('',(#13023,#13024,#13045,#13046));
#13023 = ORIENTED_EDGE('',*,*,#7499,.F.);
#13024 = ORIENTED_EDGE('',*,*,#13025,.F.);
#13025 = EDGE_CURVE('',#1068,#7500,#13026,.T.);
#13026 = SEAM_CURVE('',#13027,(#13031,#13038),.PCURVE_S1.);
#13027 = LINE('',#13028,#13029);
#13028 = CARTESIAN_POINT('',(227.1,-251.47,-1.E-02));
#13029 = VECTOR('',#13030,1.);
#13030 = DIRECTION('',(0.,0.,1.));
#13031 = PCURVE('',#1088,#13032);
#13032 = DEFINITIONAL_REPRESENTATION('',(#13033),#13037);
#13033 = LINE('',#13034,#13035);
#13034 = CARTESIAN_POINT('',(6.28318530718,-0.));
#13035 = VECTOR('',#13036,1.);
#13036 = DIRECTION('',(0.,1.));
#13037 = ( GEOMETRIC_REPRESENTATION_CONTEXT(2) 
PARAMETRIC_REPRESENTATION_CONTEXT() REPRESENTATION_CONTEXT('2D SPACE',''
  ) );
#13038 = PCURVE('',#1088,#13039);
#13039 = DEFINITIONAL_REPRESENTATION('',(#13040),#13044);
#13040 = LINE('',#13041,#13042);
#13041 = CARTESIAN_POINT('',(0.,-0.));
#13042 = VECTOR('',#13043,1.);
#13043 = DIRECTION('',(0.,1.));
#13044 = ( GEOMETRIC_REPRESENTATION_CONTEXT(2) 
PARAMETRIC_REPRESENTATION_CONTEXT() REPRESENTATION_CONTEXT('2D SPACE',''
  ) );
#13045 = ORIENTED_EDGE('',*,*,#1067,.T.);
#13046 = ORIENTED_EDGE('',*,*,#13025,.T.);
#13047 = ADVANCED_FACE('',(#13048),#1123,.F.);
#13048 = FACE_BOUND('',#13049,.F.);
#13049 = EDGE_LOOP('',(#13050,#13051,#13072,#13073));
#13050 = ORIENTED_EDGE('',*,*,#7529,.F.);
#13051 = ORIENTED_EDGE('',*,*,#13052,.F.);
#13052 = EDGE_CURVE('',#1103,#7530,#13053,.T.);
#13053 = SEAM_CURVE('',#13054,(#13058,#13065),.PCURVE_S1.);
#13054 = LINE('',#13055,#13056);
#13055 = CARTESIAN_POINT('',(223.6,-251.47,-1.E-02));
#13056 = VECTOR('',#13057,1.);
#13057 = DIRECTION('',(0.,0.,1.));
#13058 = PCURVE('',#1123,#13059);
#13059 = DEFINITIONAL_REPRESENTATION('',(#13060),#13064);
#13060 = LINE('',#13061,#13062);
#13061 = CARTESIAN_POINT('',(6.28318530718,-0.));
#13062 = VECTOR('',#13063,1.);
#13063 = DIRECTION('',(0.,1.));
#13064 = ( GEOMETRIC_REPRESENTATION_CONTEXT(2) 
PARAMETRIC_REPRESENTATION_CONTEXT() REPRESENTATION_CONTEXT('2D SPACE',''
  ) );
#13065 = PCURVE('',#1123,#13066);
#13066 = DEFINITIONAL_REPRESENTATION('',(#13067),#13071);
#13067 = LINE('',#13068,#13069);
#13068 = CARTESIAN_POINT('',(0.,-0.));
#13069 = VECTOR('',#13070,1.);
#13070 = DIRECTION('',(0.,1.));
#13071 = ( GEOMETRIC_REPRESENTATION_CONTEXT(2) 
PARAMETRIC_REPRESENTATION_CONTEXT() REPRESENTATION_CONTEXT('2D SPACE',''
  ) );
#13072 = ORIENTED_EDGE('',*,*,#1102,.T.);
#13073 = ORIENTED_EDGE('',*,*,#13052,.T.);
#13074 = ADVANCED_FACE('',(#13075),#1158,.F.);
#13075 = FACE_BOUND('',#13076,.F.);
#13076 = EDGE_LOOP('',(#13077,#13078,#13099,#13100));
#13077 = ORIENTED_EDGE('',*,*,#7559,.F.);
#13078 = ORIENTED_EDGE('',*,*,#13079,.F.);
#13079 = EDGE_CURVE('',#1138,#7560,#13080,.T.);
#13080 = SEAM_CURVE('',#13081,(#13085,#13092),.PCURVE_S1.);
#13081 = LINE('',#13082,#13083);
#13082 = CARTESIAN_POINT('',(220.1,-251.47,-1.E-02));
#13083 = VECTOR('',#13084,1.);
#13084 = DIRECTION('',(0.,0.,1.));
#13085 = PCURVE('',#1158,#13086);
#13086 = DEFINITIONAL_REPRESENTATION('',(#13087),#13091);
#13087 = LINE('',#13088,#13089);
#13088 = CARTESIAN_POINT('',(6.28318530718,-0.));
#13089 = VECTOR('',#13090,1.);
#13090 = DIRECTION('',(0.,1.));
#13091 = ( GEOMETRIC_REPRESENTATION_CONTEXT(2) 
PARAMETRIC_REPRESENTATION_CONTEXT() REPRESENTATION_CONTEXT('2D SPACE',''
  ) );
#13092 = PCURVE('',#1158,#13093);
#13093 = DEFINITIONAL_REPRESENTATION('',(#13094),#13098);
#13094 = LINE('',#13095,#13096);
#13095 = CARTESIAN_POINT('',(0.,-0.));
#13096 = VECTOR('',#13097,1.);
#13097 = DIRECTION('',(0.,1.));
#13098 = ( GEOMETRIC_REPRESENTATION_CONTEXT(2) 
PARAMETRIC_REPRESENTATION_CONTEXT() REPRESENTATION_CONTEXT('2D SPACE',''
  ) );
#13099 = ORIENTED_EDGE('',*,*,#1137,.T.);
#13100 = ORIENTED_EDGE('',*,*,#13079,.T.);
#13101 = ADVANCED_FACE('',(#13102),#1193,.F.);
#13102 = FACE_BOUND('',#13103,.F.);
#13103 = EDGE_LOOP('',(#13104,#13105,#13126,#13127));
#13104 = ORIENTED_EDGE('',*,*,#7589,.F.);
#13105 = ORIENTED_EDGE('',*,*,#13106,.F.);
#13106 = EDGE_CURVE('',#1173,#7590,#13107,.T.);
#13107 = SEAM_CURVE('',#13108,(#13112,#13119),.PCURVE_S1.);
#13108 = LINE('',#13109,#13110);
#13109 = CARTESIAN_POINT('',(216.6,-251.47,-1.E-02));
#13110 = VECTOR('',#13111,1.);
#13111 = DIRECTION('',(0.,0.,1.));
#13112 = PCURVE('',#1193,#13113);
#13113 = DEFINITIONAL_REPRESENTATION('',(#13114),#13118);
#13114 = LINE('',#13115,#13116);
#13115 = CARTESIAN_POINT('',(6.28318530718,-0.));
#13116 = VECTOR('',#13117,1.);
#13117 = DIRECTION('',(0.,1.));
#13118 = ( GEOMETRIC_REPRESENTATION_CONTEXT(2) 
PARAMETRIC_REPRESENTATION_CONTEXT() REPRESENTATION_CONTEXT('2D SPACE',''
  ) );
#13119 = PCURVE('',#1193,#13120);
#13120 = DEFINITIONAL_REPRESENTATION('',(#13121),#13125);
#13121 = LINE('',#13122,#13123);
#13122 = CARTESIAN_POINT('',(0.,-0.));
#13123 = VECTOR('',#13124,1.);
#13124 = DIRECTION('',(0.,1.));
#13125 = ( GEOMETRIC_REPRESENTATION_CONTEXT(2) 
PARAMETRIC_REPRESENTATION_CONTEXT() REPRESENTATION_CONTEXT('2D SPACE',''
  ) );
#13126 = ORIENTED_EDGE('',*,*,#1172,.T.);
#13127 = ORIENTED_EDGE('',*,*,#13106,.T.);
#13128 = ADVANCED_FACE('',(#13129),#1228,.F.);
#13129 = FACE_BOUND('',#13130,.F.);
#13130 = EDGE_LOOP('',(#13131,#13132,#13153,#13154));
#13131 = ORIENTED_EDGE('',*,*,#7619,.F.);
#13132 = ORIENTED_EDGE('',*,*,#13133,.F.);
#13133 = EDGE_CURVE('',#1208,#7620,#13134,.T.);
#13134 = SEAM_CURVE('',#13135,(#13139,#13146),.PCURVE_S1.);
#13135 = LINE('',#13136,#13137);
#13136 = CARTESIAN_POINT('',(213.1,-251.47,-1.E-02));
#13137 = VECTOR('',#13138,1.);
#13138 = DIRECTION('',(0.,0.,1.));
#13139 = PCURVE('',#1228,#13140);
#13140 = DEFINITIONAL_REPRESENTATION('',(#13141),#13145);
#13141 = LINE('',#13142,#13143);
#13142 = CARTESIAN_POINT('',(6.28318530718,-0.));
#13143 = VECTOR('',#13144,1.);
#13144 = DIRECTION('',(0.,1.));
#13145 = ( GEOMETRIC_REPRESENTATION_CONTEXT(2) 
PARAMETRIC_REPRESENTATION_CONTEXT() REPRESENTATION_CONTEXT('2D SPACE',''
  ) );
#13146 = PCURVE('',#1228,#13147);
#13147 = DEFINITIONAL_REPRESENTATION('',(#13148),#13152);
#13148 = LINE('',#13149,#13150);
#13149 = CARTESIAN_POINT('',(0.,-0.));
#13150 = VECTOR('',#13151,1.);
#13151 = DIRECTION('',(0.,1.));
#13152 = ( GEOMETRIC_REPRESENTATION_CONTEXT(2) 
PARAMETRIC_REPRESENTATION_CONTEXT() REPRESENTATION_CONTEXT('2D SPACE',''
  ) );
#13153 = ORIENTED_EDGE('',*,*,#1207,.T.);
#13154 = ORIENTED_EDGE('',*,*,#13133,.T.);
#13155 = ADVANCED_FACE('',(#13156),#1263,.F.);
#13156 = FACE_BOUND('',#13157,.F.);
#13157 = EDGE_LOOP('',(#13158,#13159,#13180,#13181));
#13158 = ORIENTED_EDGE('',*,*,#7649,.F.);
#13159 = ORIENTED_EDGE('',*,*,#13160,.F.);
#13160 = EDGE_CURVE('',#1243,#7650,#13161,.T.);
#13161 = SEAM_CURVE('',#13162,(#13166,#13173),.PCURVE_S1.);
#13162 = LINE('',#13163,#13164);
#13163 = CARTESIAN_POINT('',(209.6,-251.47,-1.E-02));
#13164 = VECTOR('',#13165,1.);
#13165 = DIRECTION('',(0.,0.,1.));
#13166 = PCURVE('',#1263,#13167);
#13167 = DEFINITIONAL_REPRESENTATION('',(#13168),#13172);
#13168 = LINE('',#13169,#13170);
#13169 = CARTESIAN_POINT('',(6.28318530718,-0.));
#13170 = VECTOR('',#13171,1.);
#13171 = DIRECTION('',(0.,1.));
#13172 = ( GEOMETRIC_REPRESENTATION_CONTEXT(2) 
PARAMETRIC_REPRESENTATION_CONTEXT() REPRESENTATION_CONTEXT('2D SPACE',''
  ) );
#13173 = PCURVE('',#1263,#13174);
#13174 = DEFINITIONAL_REPRESENTATION('',(#13175),#13179);
#13175 = LINE('',#13176,#13177);
#13176 = CARTESIAN_POINT('',(0.,-0.));
#13177 = VECTOR('',#13178,1.);
#13178 = DIRECTION('',(0.,1.));
#13179 = ( GEOMETRIC_REPRESENTATION_CONTEXT(2) 
PARAMETRIC_REPRESENTATION_CONTEXT() REPRESENTATION_CONTEXT('2D SPACE',''
  ) );
#13180 = ORIENTED_EDGE('',*,*,#1242,.T.);
#13181 = ORIENTED_EDGE('',*,*,#13160,.T.);
#13182 = ADVANCED_FACE('',(#13183),#1298,.F.);
#13183 = FACE_BOUND('',#13184,.F.);
#13184 = EDGE_LOOP('',(#13185,#13186,#13207,#13208));
#13185 = ORIENTED_EDGE('',*,*,#7679,.F.);
#13186 = ORIENTED_EDGE('',*,*,#13187,.F.);
#13187 = EDGE_CURVE('',#1278,#7680,#13188,.T.);
#13188 = SEAM_CURVE('',#13189,(#13193,#13200),.PCURVE_S1.);
#13189 = LINE('',#13190,#13191);
#13190 = CARTESIAN_POINT('',(202.1,-251.47,-1.E-02));
#13191 = VECTOR('',#13192,1.);
#13192 = DIRECTION('',(0.,0.,1.));
#13193 = PCURVE('',#1298,#13194);
#13194 = DEFINITIONAL_REPRESENTATION('',(#13195),#13199);
#13195 = LINE('',#13196,#13197);
#13196 = CARTESIAN_POINT('',(6.28318530718,-0.));
#13197 = VECTOR('',#13198,1.);
#13198 = DIRECTION('',(0.,1.));
#13199 = ( GEOMETRIC_REPRESENTATION_CONTEXT(2) 
PARAMETRIC_REPRESENTATION_CONTEXT() REPRESENTATION_CONTEXT('2D SPACE',''
  ) );
#13200 = PCURVE('',#1298,#13201);
#13201 = DEFINITIONAL_REPRESENTATION('',(#13202),#13206);
#13202 = LINE('',#13203,#13204);
#13203 = CARTESIAN_POINT('',(0.,-0.));
#13204 = VECTOR('',#13205,1.);
#13205 = DIRECTION('',(0.,1.));
#13206 = ( GEOMETRIC_REPRESENTATION_CONTEXT(2) 
PARAMETRIC_REPRESENTATION_CONTEXT() REPRESENTATION_CONTEXT('2D SPACE',''
  ) );
#13207 = ORIENTED_EDGE('',*,*,#1277,.T.);
#13208 = ORIENTED_EDGE('',*,*,#13187,.T.);
#13209 = ADVANCED_FACE('',(#13210),#1333,.F.);
#13210 = FACE_BOUND('',#13211,.F.);
#13211 = EDGE_LOOP('',(#13212,#13213,#13234,#13235));
#13212 = ORIENTED_EDGE('',*,*,#7709,.F.);
#13213 = ORIENTED_EDGE('',*,*,#13214,.F.);
#13214 = EDGE_CURVE('',#1313,#7710,#13215,.T.);
#13215 = SEAM_CURVE('',#13216,(#13220,#13227),.PCURVE_S1.);
#13216 = LINE('',#13217,#13218);
#13217 = CARTESIAN_POINT('',(198.6,-251.47,-1.E-02));
#13218 = VECTOR('',#13219,1.);
#13219 = DIRECTION('',(0.,0.,1.));
#13220 = PCURVE('',#1333,#13221);
#13221 = DEFINITIONAL_REPRESENTATION('',(#13222),#13226);
#13222 = LINE('',#13223,#13224);
#13223 = CARTESIAN_POINT('',(6.28318530718,-0.));
#13224 = VECTOR('',#13225,1.);
#13225 = DIRECTION('',(0.,1.));
#13226 = ( GEOMETRIC_REPRESENTATION_CONTEXT(2) 
PARAMETRIC_REPRESENTATION_CONTEXT() REPRESENTATION_CONTEXT('2D SPACE',''
  ) );
#13227 = PCURVE('',#1333,#13228);
#13228 = DEFINITIONAL_REPRESENTATION('',(#13229),#13233);
#13229 = LINE('',#13230,#13231);
#13230 = CARTESIAN_POINT('',(0.,-0.));
#13231 = VECTOR('',#13232,1.);
#13232 = DIRECTION('',(0.,1.));
#13233 = ( GEOMETRIC_REPRESENTATION_CONTEXT(2) 
PARAMETRIC_REPRESENTATION_CONTEXT() REPRESENTATION_CONTEXT('2D SPACE',''
  ) );
#13234 = ORIENTED_EDGE('',*,*,#1312,.T.);
#13235 = ORIENTED_EDGE('',*,*,#13214,.T.);
#13236 = ADVANCED_FACE('',(#13237),#1368,.F.);
#13237 = FACE_BOUND('',#13238,.F.);
#13238 = EDGE_LOOP('',(#13239,#13240,#13261,#13262));
#13239 = ORIENTED_EDGE('',*,*,#7739,.F.);
#13240 = ORIENTED_EDGE('',*,*,#13241,.F.);
#13241 = EDGE_CURVE('',#1348,#7740,#13242,.T.);
#13242 = SEAM_CURVE('',#13243,(#13247,#13254),.PCURVE_S1.);
#13243 = LINE('',#13244,#13245);
#13244 = CARTESIAN_POINT('',(287.07,-218.,-1.E-02));
#13245 = VECTOR('',#13246,1.);
#13246 = DIRECTION('',(0.,0.,1.));
#13247 = PCURVE('',#1368,#13248);
#13248 = DEFINITIONAL_REPRESENTATION('',(#13249),#13253);
#13249 = LINE('',#13250,#13251);
#13250 = CARTESIAN_POINT('',(6.28318530718,-0.));
#13251 = VECTOR('',#13252,1.);
#13252 = DIRECTION('',(0.,1.));
#13253 = ( GEOMETRIC_REPRESENTATION_CONTEXT(2) 
PARAMETRIC_REPRESENTATION_CONTEXT() REPRESENTATION_CONTEXT('2D SPACE',''
  ) );
#13254 = PCURVE('',#1368,#13255);
#13255 = DEFINITIONAL_REPRESENTATION('',(#13256),#13260);
#13256 = LINE('',#13257,#13258);
#13257 = CARTESIAN_POINT('',(0.,-0.));
#13258 = VECTOR('',#13259,1.);
#13259 = DIRECTION('',(0.,1.));
#13260 = ( GEOMETRIC_REPRESENTATION_CONTEXT(2) 
PARAMETRIC_REPRESENTATION_CONTEXT() REPRESENTATION_CONTEXT('2D SPACE',''
  ) );
#13261 = ORIENTED_EDGE('',*,*,#1347,.T.);
#13262 = ORIENTED_EDGE('',*,*,#13241,.T.);
#13263 = ADVANCED_FACE('',(#13264),#1403,.F.);
#13264 = FACE_BOUND('',#13265,.F.);
#13265 = EDGE_LOOP('',(#13266,#13267,#13288,#13289));
#13266 = ORIENTED_EDGE('',*,*,#7769,.F.);
#13267 = ORIENTED_EDGE('',*,*,#13268,.F.);
#13268 = EDGE_CURVE('',#1383,#7770,#13269,.T.);
#13269 = SEAM_CURVE('',#13270,(#13274,#13281),.PCURVE_S1.);
#13270 = LINE('',#13271,#13272);
#13271 = CARTESIAN_POINT('',(287.07,-214.5,-1.E-02));
#13272 = VECTOR('',#13273,1.);
#13273 = DIRECTION('',(0.,0.,1.));
#13274 = PCURVE('',#1403,#13275);
#13275 = DEFINITIONAL_REPRESENTATION('',(#13276),#13280);
#13276 = LINE('',#13277,#13278);
#13277 = CARTESIAN_POINT('',(6.28318530718,-0.));
#13278 = VECTOR('',#13279,1.);
#13279 = DIRECTION('',(0.,1.));
#13280 = ( GEOMETRIC_REPRESENTATION_CONTEXT(2) 
PARAMETRIC_REPRESENTATION_CONTEXT() REPRESENTATION_CONTEXT('2D SPACE',''
  ) );
#13281 = PCURVE('',#1403,#13282);
#13282 = DEFINITIONAL_REPRESENTATION('',(#13283),#13287);
#13283 = LINE('',#13284,#13285);
#13284 = CARTESIAN_POINT('',(0.,-0.));
#13285 = VECTOR('',#13286,1.);
#13286 = DIRECTION('',(0.,1.));
#13287 = ( GEOMETRIC_REPRESENTATION_CONTEXT(2) 
PARAMETRIC_REPRESENTATION_CONTEXT() REPRESENTATION_CONTEXT('2D SPACE',''
  ) );
#13288 = ORIENTED_EDGE('',*,*,#1382,.T.);
#13289 = ORIENTED_EDGE('',*,*,#13268,.T.);
#13290 = ADVANCED_FACE('',(#13291),#1438,.F.);
#13291 = FACE_BOUND('',#13292,.F.);
#13292 = EDGE_LOOP('',(#13293,#13294,#13315,#13316));
#13293 = ORIENTED_EDGE('',*,*,#7799,.F.);
#13294 = ORIENTED_EDGE('',*,*,#13295,.F.);
#13295 = EDGE_CURVE('',#1418,#7800,#13296,.T.);
#13296 = SEAM_CURVE('',#13297,(#13301,#13308),.PCURVE_S1.);
#13297 = LINE('',#13298,#13299);
#13298 = CARTESIAN_POINT('',(287.07,-211.,-1.E-02));
#13299 = VECTOR('',#13300,1.);
#13300 = DIRECTION('',(0.,0.,1.));
#13301 = PCURVE('',#1438,#13302);
#13302 = DEFINITIONAL_REPRESENTATION('',(#13303),#13307);
#13303 = LINE('',#13304,#13305);
#13304 = CARTESIAN_POINT('',(6.28318530718,-0.));
#13305 = VECTOR('',#13306,1.);
#13306 = DIRECTION('',(0.,1.));
#13307 = ( GEOMETRIC_REPRESENTATION_CONTEXT(2) 
PARAMETRIC_REPRESENTATION_CONTEXT() REPRESENTATION_CONTEXT('2D SPACE',''
  ) );
#13308 = PCURVE('',#1438,#13309);
#13309 = DEFINITIONAL_REPRESENTATION('',(#13310),#13314);
#13310 = LINE('',#13311,#13312);
#13311 = CARTESIAN_POINT('',(0.,-0.));
#13312 = VECTOR('',#13313,1.);
#13313 = DIRECTION('',(0.,1.));
#13314 = ( GEOMETRIC_REPRESENTATION_CONTEXT(2) 
PARAMETRIC_REPRESENTATION_CONTEXT() REPRESENTATION_CONTEXT('2D SPACE',''
  ) );
#13315 = ORIENTED_EDGE('',*,*,#1417,.T.);
#13316 = ORIENTED_EDGE('',*,*,#13295,.T.);
#13317 = ADVANCED_FACE('',(#13318),#1473,.F.);
#13318 = FACE_BOUND('',#13319,.F.);
#13319 = EDGE_LOOP('',(#13320,#13321,#13342,#13343));
#13320 = ORIENTED_EDGE('',*,*,#7829,.F.);
#13321 = ORIENTED_EDGE('',*,*,#13322,.F.);
#13322 = EDGE_CURVE('',#1453,#7830,#13323,.T.);
#13323 = SEAM_CURVE('',#13324,(#13328,#13335),.PCURVE_S1.);
#13324 = LINE('',#13325,#13326);
#13325 = CARTESIAN_POINT('',(287.07,-207.5,-1.E-02));
#13326 = VECTOR('',#13327,1.);
#13327 = DIRECTION('',(0.,0.,1.));
#13328 = PCURVE('',#1473,#13329);
#13329 = DEFINITIONAL_REPRESENTATION('',(#13330),#13334);
#13330 = LINE('',#13331,#13332);
#13331 = CARTESIAN_POINT('',(6.28318530718,-0.));
#13332 = VECTOR('',#13333,1.);
#13333 = DIRECTION('',(0.,1.));
#13334 = ( GEOMETRIC_REPRESENTATION_CONTEXT(2) 
PARAMETRIC_REPRESENTATION_CONTEXT() REPRESENTATION_CONTEXT('2D SPACE',''
  ) );
#13335 = PCURVE('',#1473,#13336);
#13336 = DEFINITIONAL_REPRESENTATION('',(#13337),#13341);
#13337 = LINE('',#13338,#13339);
#13338 = CARTESIAN_POINT('',(0.,-0.));
#13339 = VECTOR('',#13340,1.);
#13340 = DIRECTION('',(0.,1.));
#13341 = ( GEOMETRIC_REPRESENTATION_CONTEXT(2) 
PARAMETRIC_REPRESENTATION_CONTEXT() REPRESENTATION_CONTEXT('2D SPACE',''
  ) );
#13342 = ORIENTED_EDGE('',*,*,#1452,.T.);
#13343 = ORIENTED_EDGE('',*,*,#13322,.T.);
#13344 = ADVANCED_FACE('',(#13345),#1508,.F.);
#13345 = FACE_BOUND('',#13346,.F.);
#13346 = EDGE_LOOP('',(#13347,#13348,#13369,#13370));
#13347 = ORIENTED_EDGE('',*,*,#7859,.F.);
#13348 = ORIENTED_EDGE('',*,*,#13349,.F.);
#13349 = EDGE_CURVE('',#1488,#7860,#13350,.T.);
#13350 = SEAM_CURVE('',#13351,(#13355,#13362),.PCURVE_S1.);
#13351 = LINE('',#13352,#13353);
#13352 = CARTESIAN_POINT('',(287.07,-204.,-1.E-02));
#13353 = VECTOR('',#13354,1.);
#13354 = DIRECTION('',(0.,0.,1.));
#13355 = PCURVE('',#1508,#13356);
#13356 = DEFINITIONAL_REPRESENTATION('',(#13357),#13361);
#13357 = LINE('',#13358,#13359);
#13358 = CARTESIAN_POINT('',(6.28318530718,-0.));
#13359 = VECTOR('',#13360,1.);
#13360 = DIRECTION('',(0.,1.));
#13361 = ( GEOMETRIC_REPRESENTATION_CONTEXT(2) 
PARAMETRIC_REPRESENTATION_CONTEXT() REPRESENTATION_CONTEXT('2D SPACE',''
  ) );
#13362 = PCURVE('',#1508,#13363);
#13363 = DEFINITIONAL_REPRESENTATION('',(#13364),#13368);
#13364 = LINE('',#13365,#13366);
#13365 = CARTESIAN_POINT('',(0.,-0.));
#13366 = VECTOR('',#13367,1.);
#13367 = DIRECTION('',(0.,1.));
#13368 = ( GEOMETRIC_REPRESENTATION_CONTEXT(2) 
PARAMETRIC_REPRESENTATION_CONTEXT() REPRESENTATION_CONTEXT('2D SPACE',''
  ) );
#13369 = ORIENTED_EDGE('',*,*,#1487,.T.);
#13370 = ORIENTED_EDGE('',*,*,#13349,.T.);
#13371 = ADVANCED_FACE('',(#13372),#1543,.F.);
#13372 = FACE_BOUND('',#13373,.F.);
#13373 = EDGE_LOOP('',(#13374,#13375,#13396,#13397));
#13374 = ORIENTED_EDGE('',*,*,#7889,.F.);
#13375 = ORIENTED_EDGE('',*,*,#13376,.F.);
#13376 = EDGE_CURVE('',#1523,#7890,#13377,.T.);
#13377 = SEAM_CURVE('',#13378,(#13382,#13389),.PCURVE_S1.);
#13378 = LINE('',#13379,#13380);
#13379 = CARTESIAN_POINT('',(287.07,-200.5,-1.E-02));
#13380 = VECTOR('',#13381,1.);
#13381 = DIRECTION('',(0.,0.,1.));
#13382 = PCURVE('',#1543,#13383);
#13383 = DEFINITIONAL_REPRESENTATION('',(#13384),#13388);
#13384 = LINE('',#13385,#13386);
#13385 = CARTESIAN_POINT('',(6.28318530718,-0.));
#13386 = VECTOR('',#13387,1.);
#13387 = DIRECTION('',(0.,1.));
#13388 = ( GEOMETRIC_REPRESENTATION_CONTEXT(2) 
PARAMETRIC_REPRESENTATION_CONTEXT() REPRESENTATION_CONTEXT('2D SPACE',''
  ) );
#13389 = PCURVE('',#1543,#13390);
#13390 = DEFINITIONAL_REPRESENTATION('',(#13391),#13395);
#13391 = LINE('',#13392,#13393);
#13392 = CARTESIAN_POINT('',(0.,-0.));
#13393 = VECTOR('',#13394,1.);
#13394 = DIRECTION('',(0.,1.));
#13395 = ( GEOMETRIC_REPRESENTATION_CONTEXT(2) 
PARAMETRIC_REPRESENTATION_CONTEXT() REPRESENTATION_CONTEXT('2D SPACE',''
  ) );
#13396 = ORIENTED_EDGE('',*,*,#1522,.T.);
#13397 = ORIENTED_EDGE('',*,*,#13376,.T.);
#13398 = ADVANCED_FACE('',(#13399),#1578,.F.);
#13399 = FACE_BOUND('',#13400,.F.);
#13400 = EDGE_LOOP('',(#13401,#13402,#13423,#13424));
#13401 = ORIENTED_EDGE('',*,*,#7919,.F.);
#13402 = ORIENTED_EDGE('',*,*,#13403,.F.);
#13403 = EDGE_CURVE('',#1558,#7920,#13404,.T.);
#13404 = SEAM_CURVE('',#13405,(#13409,#13416),.PCURVE_S1.);
#13405 = LINE('',#13406,#13407);
#13406 = CARTESIAN_POINT('',(287.07,-197.,-1.E-02));
#13407 = VECTOR('',#13408,1.);
#13408 = DIRECTION('',(0.,0.,1.));
#13409 = PCURVE('',#1578,#13410);
#13410 = DEFINITIONAL_REPRESENTATION('',(#13411),#13415);
#13411 = LINE('',#13412,#13413);
#13412 = CARTESIAN_POINT('',(6.28318530718,-0.));
#13413 = VECTOR('',#13414,1.);
#13414 = DIRECTION('',(0.,1.));
#13415 = ( GEOMETRIC_REPRESENTATION_CONTEXT(2) 
PARAMETRIC_REPRESENTATION_CONTEXT() REPRESENTATION_CONTEXT('2D SPACE',''
  ) );
#13416 = PCURVE('',#1578,#13417);
#13417 = DEFINITIONAL_REPRESENTATION('',(#13418),#13422);
#13418 = LINE('',#13419,#13420);
#13419 = CARTESIAN_POINT('',(0.,-0.));
#13420 = VECTOR('',#13421,1.);
#13421 = DIRECTION('',(0.,1.));
#13422 = ( GEOMETRIC_REPRESENTATION_CONTEXT(2) 
PARAMETRIC_REPRESENTATION_CONTEXT() REPRESENTATION_CONTEXT('2D SPACE',''
  ) );
#13423 = ORIENTED_EDGE('',*,*,#1557,.T.);
#13424 = ORIENTED_EDGE('',*,*,#13403,.T.);
#13425 = ADVANCED_FACE('',(#13426),#1613,.F.);
#13426 = FACE_BOUND('',#13427,.F.);
#13427 = EDGE_LOOP('',(#13428,#13429,#13450,#13451));
#13428 = ORIENTED_EDGE('',*,*,#7949,.F.);
#13429 = ORIENTED_EDGE('',*,*,#13430,.F.);
#13430 = EDGE_CURVE('',#1593,#7950,#13431,.T.);
#13431 = SEAM_CURVE('',#13432,(#13436,#13443),.PCURVE_S1.);
#13432 = LINE('',#13433,#13434);
#13433 = CARTESIAN_POINT('',(287.07,-193.5,-1.E-02));
#13434 = VECTOR('',#13435,1.);
#13435 = DIRECTION('',(0.,0.,1.));
#13436 = PCURVE('',#1613,#13437);
#13437 = DEFINITIONAL_REPRESENTATION('',(#13438),#13442);
#13438 = LINE('',#13439,#13440);
#13439 = CARTESIAN_POINT('',(6.28318530718,-0.));
#13440 = VECTOR('',#13441,1.);
#13441 = DIRECTION('',(0.,1.));
#13442 = ( GEOMETRIC_REPRESENTATION_CONTEXT(2) 
PARAMETRIC_REPRESENTATION_CONTEXT() REPRESENTATION_CONTEXT('2D SPACE',''
  ) );
#13443 = PCURVE('',#1613,#13444);
#13444 = DEFINITIONAL_REPRESENTATION('',(#13445),#13449);
#13445 = LINE('',#13446,#13447);
#13446 = CARTESIAN_POINT('',(0.,-0.));
#13447 = VECTOR('',#13448,1.);
#13448 = DIRECTION('',(0.,1.));
#13449 = ( GEOMETRIC_REPRESENTATION_CONTEXT(2) 
PARAMETRIC_REPRESENTATION_CONTEXT() REPRESENTATION_CONTEXT('2D SPACE',''
  ) );
#13450 = ORIENTED_EDGE('',*,*,#1592,.T.);
#13451 = ORIENTED_EDGE('',*,*,#13430,.T.);
#13452 = ADVANCED_FACE('',(#13453),#1648,.F.);
#13453 = FACE_BOUND('',#13454,.F.);
#13454 = EDGE_LOOP('',(#13455,#13456,#13477,#13478));
#13455 = ORIENTED_EDGE('',*,*,#7979,.F.);
#13456 = ORIENTED_EDGE('',*,*,#13457,.F.);
#13457 = EDGE_CURVE('',#1628,#7980,#13458,.T.);
#13458 = SEAM_CURVE('',#13459,(#13463,#13470),.PCURVE_S1.);
#13459 = LINE('',#13460,#13461);
#13460 = CARTESIAN_POINT('',(287.07,-185.,-1.E-02));
#13461 = VECTOR('',#13462,1.);
#13462 = DIRECTION('',(0.,0.,1.));
#13463 = PCURVE('',#1648,#13464);
#13464 = DEFINITIONAL_REPRESENTATION('',(#13465),#13469);
#13465 = LINE('',#13466,#13467);
#13466 = CARTESIAN_POINT('',(6.28318530718,-0.));
#13467 = VECTOR('',#13468,1.);
#13468 = DIRECTION('',(0.,1.));
#13469 = ( GEOMETRIC_REPRESENTATION_CONTEXT(2) 
PARAMETRIC_REPRESENTATION_CONTEXT() REPRESENTATION_CONTEXT('2D SPACE',''
  ) );
#13470 = PCURVE('',#1648,#13471);
#13471 = DEFINITIONAL_REPRESENTATION('',(#13472),#13476);
#13472 = LINE('',#13473,#13474);
#13473 = CARTESIAN_POINT('',(0.,-0.));
#13474 = VECTOR('',#13475,1.);
#13475 = DIRECTION('',(0.,1.));
#13476 = ( GEOMETRIC_REPRESENTATION_CONTEXT(2) 
PARAMETRIC_REPRESENTATION_CONTEXT() REPRESENTATION_CONTEXT('2D SPACE',''
  ) );
#13477 = ORIENTED_EDGE('',*,*,#1627,.T.);
#13478 = ORIENTED_EDGE('',*,*,#13457,.T.);
#13479 = ADVANCED_FACE('',(#13480),#1683,.F.);
#13480 = FACE_BOUND('',#13481,.F.);
#13481 = EDGE_LOOP('',(#13482,#13483,#13504,#13505));
#13482 = ORIENTED_EDGE('',*,*,#8009,.F.);
#13483 = ORIENTED_EDGE('',*,*,#13484,.F.);
#13484 = EDGE_CURVE('',#1663,#8010,#13485,.T.);
#13485 = SEAM_CURVE('',#13486,(#13490,#13497),.PCURVE_S1.);
#13486 = LINE('',#13487,#13488);
#13487 = CARTESIAN_POINT('',(287.07,-181.5,-1.E-02));
#13488 = VECTOR('',#13489,1.);
#13489 = DIRECTION('',(0.,0.,1.));
#13490 = PCURVE('',#1683,#13491);
#13491 = DEFINITIONAL_REPRESENTATION('',(#13492),#13496);
#13492 = LINE('',#13493,#13494);
#13493 = CARTESIAN_POINT('',(6.28318530718,-0.));
#13494 = VECTOR('',#13495,1.);
#13495 = DIRECTION('',(0.,1.));
#13496 = ( GEOMETRIC_REPRESENTATION_CONTEXT(2) 
PARAMETRIC_REPRESENTATION_CONTEXT() REPRESENTATION_CONTEXT('2D SPACE',''
  ) );
#13497 = PCURVE('',#1683,#13498);
#13498 = DEFINITIONAL_REPRESENTATION('',(#13499),#13503);
#13499 = LINE('',#13500,#13501);
#13500 = CARTESIAN_POINT('',(0.,-0.));
#13501 = VECTOR('',#13502,1.);
#13502 = DIRECTION('',(0.,1.));
#13503 = ( GEOMETRIC_REPRESENTATION_CONTEXT(2) 
PARAMETRIC_REPRESENTATION_CONTEXT() REPRESENTATION_CONTEXT('2D SPACE',''
  ) );
#13504 = ORIENTED_EDGE('',*,*,#1662,.T.);
#13505 = ORIENTED_EDGE('',*,*,#13484,.T.);
#13506 = ADVANCED_FACE('',(#13507),#1718,.F.);
#13507 = FACE_BOUND('',#13508,.F.);
#13508 = EDGE_LOOP('',(#13509,#13510,#13531,#13532));
#13509 = ORIENTED_EDGE('',*,*,#8039,.F.);
#13510 = ORIENTED_EDGE('',*,*,#13511,.F.);
#13511 = EDGE_CURVE('',#1698,#8040,#13512,.T.);
#13512 = SEAM_CURVE('',#13513,(#13517,#13524),.PCURVE_S1.);
#13513 = LINE('',#13514,#13515);
#13514 = CARTESIAN_POINT('',(195.1,-251.47,-1.E-02));
#13515 = VECTOR('',#13516,1.);
#13516 = DIRECTION('',(0.,0.,1.));
#13517 = PCURVE('',#1718,#13518);
#13518 = DEFINITIONAL_REPRESENTATION('',(#13519),#13523);
#13519 = LINE('',#13520,#13521);
#13520 = CARTESIAN_POINT('',(6.28318530718,-0.));
#13521 = VECTOR('',#13522,1.);
#13522 = DIRECTION('',(0.,1.));
#13523 = ( GEOMETRIC_REPRESENTATION_CONTEXT(2) 
PARAMETRIC_REPRESENTATION_CONTEXT() REPRESENTATION_CONTEXT('2D SPACE',''
  ) );
#13524 = PCURVE('',#1718,#13525);
#13525 = DEFINITIONAL_REPRESENTATION('',(#13526),#13530);
#13526 = LINE('',#13527,#13528);
#13527 = CARTESIAN_POINT('',(0.,-0.));
#13528 = VECTOR('',#13529,1.);
#13529 = DIRECTION('',(0.,1.));
#13530 = ( GEOMETRIC_REPRESENTATION_CONTEXT(2) 
PARAMETRIC_REPRESENTATION_CONTEXT() REPRESENTATION_CONTEXT('2D SPACE',''
  ) );
#13531 = ORIENTED_EDGE('',*,*,#1697,.T.);
#13532 = ORIENTED_EDGE('',*,*,#13511,.T.);
#13533 = ADVANCED_FACE('',(#13534),#1753,.F.);
#13534 = FACE_BOUND('',#13535,.F.);
#13535 = EDGE_LOOP('',(#13536,#13537,#13558,#13559));
#13536 = ORIENTED_EDGE('',*,*,#8069,.F.);
#13537 = ORIENTED_EDGE('',*,*,#13538,.F.);
#13538 = EDGE_CURVE('',#1733,#8070,#13539,.T.);
#13539 = SEAM_CURVE('',#13540,(#13544,#13551),.PCURVE_S1.);
#13540 = LINE('',#13541,#13542);
#13541 = CARTESIAN_POINT('',(191.6,-251.47,-1.E-02));
#13542 = VECTOR('',#13543,1.);
#13543 = DIRECTION('',(0.,0.,1.));
#13544 = PCURVE('',#1753,#13545);
#13545 = DEFINITIONAL_REPRESENTATION('',(#13546),#13550);
#13546 = LINE('',#13547,#13548);
#13547 = CARTESIAN_POINT('',(6.28318530718,-0.));
#13548 = VECTOR('',#13549,1.);
#13549 = DIRECTION('',(0.,1.));
#13550 = ( GEOMETRIC_REPRESENTATION_CONTEXT(2) 
PARAMETRIC_REPRESENTATION_CONTEXT() REPRESENTATION_CONTEXT('2D SPACE',''
  ) );
#13551 = PCURVE('',#1753,#13552);
#13552 = DEFINITIONAL_REPRESENTATION('',(#13553),#13557);
#13553 = LINE('',#13554,#13555);
#13554 = CARTESIAN_POINT('',(0.,-0.));
#13555 = VECTOR('',#13556,1.);
#13556 = DIRECTION('',(0.,1.));
#13557 = ( GEOMETRIC_REPRESENTATION_CONTEXT(2) 
PARAMETRIC_REPRESENTATION_CONTEXT() REPRESENTATION_CONTEXT('2D SPACE',''
  ) );
#13558 = ORIENTED_EDGE('',*,*,#1732,.T.);
#13559 = ORIENTED_EDGE('',*,*,#13538,.T.);
#13560 = ADVANCED_FACE('',(#13561),#1788,.F.);
#13561 = FACE_BOUND('',#13562,.F.);
#13562 = EDGE_LOOP('',(#13563,#13564,#13585,#13586));
#13563 = ORIENTED_EDGE('',*,*,#8099,.F.);
#13564 = ORIENTED_EDGE('',*,*,#13565,.F.);
#13565 = EDGE_CURVE('',#1768,#8100,#13566,.T.);
#13566 = SEAM_CURVE('',#13567,(#13571,#13578),.PCURVE_S1.);
#13567 = LINE('',#13568,#13569);
#13568 = CARTESIAN_POINT('',(188.1,-251.47,-1.E-02));
#13569 = VECTOR('',#13570,1.);
#13570 = DIRECTION('',(0.,0.,1.));
#13571 = PCURVE('',#1788,#13572);
#13572 = DEFINITIONAL_REPRESENTATION('',(#13573),#13577);
#13573 = LINE('',#13574,#13575);
#13574 = CARTESIAN_POINT('',(6.28318530718,-0.));
#13575 = VECTOR('',#13576,1.);
#13576 = DIRECTION('',(0.,1.));
#13577 = ( GEOMETRIC_REPRESENTATION_CONTEXT(2) 
PARAMETRIC_REPRESENTATION_CONTEXT() REPRESENTATION_CONTEXT('2D SPACE',''
  ) );
#13578 = PCURVE('',#1788,#13579);
#13579 = DEFINITIONAL_REPRESENTATION('',(#13580),#13584);
#13580 = LINE('',#13581,#13582);
#13581 = CARTESIAN_POINT('',(0.,-0.));
#13582 = VECTOR('',#13583,1.);
#13583 = DIRECTION('',(0.,1.));
#13584 = ( GEOMETRIC_REPRESENTATION_CONTEXT(2) 
PARAMETRIC_REPRESENTATION_CONTEXT() REPRESENTATION_CONTEXT('2D SPACE',''
  ) );
#13585 = ORIENTED_EDGE('',*,*,#1767,.T.);
#13586 = ORIENTED_EDGE('',*,*,#13565,.T.);
#13587 = ADVANCED_FACE('',(#13588),#1823,.F.);
#13588 = FACE_BOUND('',#13589,.F.);
#13589 = EDGE_LOOP('',(#13590,#13591,#13612,#13613));
#13590 = ORIENTED_EDGE('',*,*,#8129,.F.);
#13591 = ORIENTED_EDGE('',*,*,#13592,.F.);
#13592 = EDGE_CURVE('',#1803,#8130,#13593,.T.);
#13593 = SEAM_CURVE('',#13594,(#13598,#13605),.PCURVE_S1.);
#13594 = LINE('',#13595,#13596);
#13595 = CARTESIAN_POINT('',(184.6,-251.47,-1.E-02));
#13596 = VECTOR('',#13597,1.);
#13597 = DIRECTION('',(0.,0.,1.));
#13598 = PCURVE('',#1823,#13599);
#13599 = DEFINITIONAL_REPRESENTATION('',(#13600),#13604);
#13600 = LINE('',#13601,#13602);
#13601 = CARTESIAN_POINT('',(6.28318530718,-0.));
#13602 = VECTOR('',#13603,1.);
#13603 = DIRECTION('',(0.,1.));
#13604 = ( GEOMETRIC_REPRESENTATION_CONTEXT(2) 
PARAMETRIC_REPRESENTATION_CONTEXT() REPRESENTATION_CONTEXT('2D SPACE',''
  ) );
#13605 = PCURVE('',#1823,#13606);
#13606 = DEFINITIONAL_REPRESENTATION('',(#13607),#13611);
#13607 = LINE('',#13608,#13609);
#13608 = CARTESIAN_POINT('',(0.,-0.));
#13609 = VECTOR('',#13610,1.);
#13610 = DIRECTION('',(0.,1.));
#13611 = ( GEOMETRIC_REPRESENTATION_CONTEXT(2) 
PARAMETRIC_REPRESENTATION_CONTEXT() REPRESENTATION_CONTEXT('2D SPACE',''
  ) );
#13612 = ORIENTED_EDGE('',*,*,#1802,.T.);
#13613 = ORIENTED_EDGE('',*,*,#13592,.T.);
#13614 = ADVANCED_FACE('',(#13615),#1858,.F.);
#13615 = FACE_BOUND('',#13616,.F.);
#13616 = EDGE_LOOP('',(#13617,#13618,#13639,#13640));
#13617 = ORIENTED_EDGE('',*,*,#8159,.F.);
#13618 = ORIENTED_EDGE('',*,*,#13619,.F.);
#13619 = EDGE_CURVE('',#1838,#8160,#13620,.T.);
#13620 = SEAM_CURVE('',#13621,(#13625,#13632),.PCURVE_S1.);
#13621 = LINE('',#13622,#13623);
#13622 = CARTESIAN_POINT('',(176.1,-251.47,-1.E-02));
#13623 = VECTOR('',#13624,1.);
#13624 = DIRECTION('',(0.,0.,1.));
#13625 = PCURVE('',#1858,#13626);
#13626 = DEFINITIONAL_REPRESENTATION('',(#13627),#13631);
#13627 = LINE('',#13628,#13629);
#13628 = CARTESIAN_POINT('',(6.28318530718,-0.));
#13629 = VECTOR('',#13630,1.);
#13630 = DIRECTION('',(0.,1.));
#13631 = ( GEOMETRIC_REPRESENTATION_CONTEXT(2) 
PARAMETRIC_REPRESENTATION_CONTEXT() REPRESENTATION_CONTEXT('2D SPACE',''
  ) );
#13632 = PCURVE('',#1858,#13633);
#13633 = DEFINITIONAL_REPRESENTATION('',(#13634),#13638);
#13634 = LINE('',#13635,#13636);
#13635 = CARTESIAN_POINT('',(0.,-0.));
#13636 = VECTOR('',#13637,1.);
#13637 = DIRECTION('',(0.,1.));
#13638 = ( GEOMETRIC_REPRESENTATION_CONTEXT(2) 
PARAMETRIC_REPRESENTATION_CONTEXT() REPRESENTATION_CONTEXT('2D SPACE',''
  ) );
#13639 = ORIENTED_EDGE('',*,*,#1837,.T.);
#13640 = ORIENTED_EDGE('',*,*,#13619,.T.);
#13641 = ADVANCED_FACE('',(#13642),#1893,.F.);
#13642 = FACE_BOUND('',#13643,.F.);
#13643 = EDGE_LOOP('',(#13644,#13645,#13666,#13667));
#13644 = ORIENTED_EDGE('',*,*,#8189,.F.);
#13645 = ORIENTED_EDGE('',*,*,#13646,.F.);
#13646 = EDGE_CURVE('',#1873,#8190,#13647,.T.);
#13647 = SEAM_CURVE('',#13648,(#13652,#13659),.PCURVE_S1.);
#13648 = LINE('',#13649,#13650);
#13649 = CARTESIAN_POINT('',(172.6,-251.47,-1.E-02));
#13650 = VECTOR('',#13651,1.);
#13651 = DIRECTION('',(0.,0.,1.));
#13652 = PCURVE('',#1893,#13653);
#13653 = DEFINITIONAL_REPRESENTATION('',(#13654),#13658);
#13654 = LINE('',#13655,#13656);
#13655 = CARTESIAN_POINT('',(6.28318530718,-0.));
#13656 = VECTOR('',#13657,1.);
#13657 = DIRECTION('',(0.,1.));
#13658 = ( GEOMETRIC_REPRESENTATION_CONTEXT(2) 
PARAMETRIC_REPRESENTATION_CONTEXT() REPRESENTATION_CONTEXT('2D SPACE',''
  ) );
#13659 = PCURVE('',#1893,#13660);
#13660 = DEFINITIONAL_REPRESENTATION('',(#13661),#13665);
#13661 = LINE('',#13662,#13663);
#13662 = CARTESIAN_POINT('',(0.,-0.));
#13663 = VECTOR('',#13664,1.);
#13664 = DIRECTION('',(0.,1.));
#13665 = ( GEOMETRIC_REPRESENTATION_CONTEXT(2) 
PARAMETRIC_REPRESENTATION_CONTEXT() REPRESENTATION_CONTEXT('2D SPACE',''
  ) );
#13666 = ORIENTED_EDGE('',*,*,#1872,.T.);
#13667 = ORIENTED_EDGE('',*,*,#13646,.T.);
#13668 = ADVANCED_FACE('',(#13669),#1928,.F.);
#13669 = FACE_BOUND('',#13670,.F.);
#13670 = EDGE_LOOP('',(#13671,#13672,#13693,#13694));
#13671 = ORIENTED_EDGE('',*,*,#8219,.F.);
#13672 = ORIENTED_EDGE('',*,*,#13673,.F.);
#13673 = EDGE_CURVE('',#1908,#8220,#13674,.T.);
#13674 = SEAM_CURVE('',#13675,(#13679,#13686),.PCURVE_S1.);
#13675 = LINE('',#13676,#13677);
#13676 = CARTESIAN_POINT('',(169.1,-251.47,-1.E-02));
#13677 = VECTOR('',#13678,1.);
#13678 = DIRECTION('',(0.,0.,1.));
#13679 = PCURVE('',#1928,#13680);
#13680 = DEFINITIONAL_REPRESENTATION('',(#13681),#13685);
#13681 = LINE('',#13682,#13683);
#13682 = CARTESIAN_POINT('',(6.28318530718,-0.));
#13683 = VECTOR('',#13684,1.);
#13684 = DIRECTION('',(0.,1.));
#13685 = ( GEOMETRIC_REPRESENTATION_CONTEXT(2) 
PARAMETRIC_REPRESENTATION_CONTEXT() REPRESENTATION_CONTEXT('2D SPACE',''
  ) );
#13686 = PCURVE('',#1928,#13687);
#13687 = DEFINITIONAL_REPRESENTATION('',(#13688),#13692);
#13688 = LINE('',#13689,#13690);
#13689 = CARTESIAN_POINT('',(0.,-0.));
#13690 = VECTOR('',#13691,1.);
#13691 = DIRECTION('',(0.,1.));
#13692 = ( GEOMETRIC_REPRESENTATION_CONTEXT(2) 
PARAMETRIC_REPRESENTATION_CONTEXT() REPRESENTATION_CONTEXT('2D SPACE',''
  ) );
#13693 = ORIENTED_EDGE('',*,*,#1907,.T.);
#13694 = ORIENTED_EDGE('',*,*,#13673,.T.);
#13695 = ADVANCED_FACE('',(#13696),#1963,.F.);
#13696 = FACE_BOUND('',#13697,.F.);
#13697 = EDGE_LOOP('',(#13698,#13699,#13720,#13721));
#13698 = ORIENTED_EDGE('',*,*,#8249,.F.);
#13699 = ORIENTED_EDGE('',*,*,#13700,.F.);
#13700 = EDGE_CURVE('',#1943,#8250,#13701,.T.);
#13701 = SEAM_CURVE('',#13702,(#13706,#13713),.PCURVE_S1.);
#13702 = LINE('',#13703,#13704);
#13703 = CARTESIAN_POINT('',(165.6,-251.47,-1.E-02));
#13704 = VECTOR('',#13705,1.);
#13705 = DIRECTION('',(0.,0.,1.));
#13706 = PCURVE('',#1963,#13707);
#13707 = DEFINITIONAL_REPRESENTATION('',(#13708),#13712);
#13708 = LINE('',#13709,#13710);
#13709 = CARTESIAN_POINT('',(6.28318530718,-0.));
#13710 = VECTOR('',#13711,1.);
#13711 = DIRECTION('',(0.,1.));
#13712 = ( GEOMETRIC_REPRESENTATION_CONTEXT(2) 
PARAMETRIC_REPRESENTATION_CONTEXT() REPRESENTATION_CONTEXT('2D SPACE',''
  ) );
#13713 = PCURVE('',#1963,#13714);
#13714 = DEFINITIONAL_REPRESENTATION('',(#13715),#13719);
#13715 = LINE('',#13716,#13717);
#13716 = CARTESIAN_POINT('',(0.,-0.));
#13717 = VECTOR('',#13718,1.);
#13718 = DIRECTION('',(0.,1.));
#13719 = ( GEOMETRIC_REPRESENTATION_CONTEXT(2) 
PARAMETRIC_REPRESENTATION_CONTEXT() REPRESENTATION_CONTEXT('2D SPACE',''
  ) );
#13720 = ORIENTED_EDGE('',*,*,#1942,.T.);
#13721 = ORIENTED_EDGE('',*,*,#13700,.T.);
#13722 = ADVANCED_FACE('',(#13723),#1998,.F.);
#13723 = FACE_BOUND('',#13724,.F.);
#13724 = EDGE_LOOP('',(#13725,#13726,#13747,#13748));
#13725 = ORIENTED_EDGE('',*,*,#8279,.F.);
#13726 = ORIENTED_EDGE('',*,*,#13727,.F.);
#13727 = EDGE_CURVE('',#1978,#8280,#13728,.T.);
#13728 = SEAM_CURVE('',#13729,(#13733,#13740),.PCURVE_S1.);
#13729 = LINE('',#13730,#13731);
#13730 = CARTESIAN_POINT('',(158.1,-251.47,-1.E-02));
#13731 = VECTOR('',#13732,1.);
#13732 = DIRECTION('',(0.,0.,1.));
#13733 = PCURVE('',#1998,#13734);
#13734 = DEFINITIONAL_REPRESENTATION('',(#13735),#13739);
#13735 = LINE('',#13736,#13737);
#13736 = CARTESIAN_POINT('',(6.28318530718,-0.));
#13737 = VECTOR('',#13738,1.);
#13738 = DIRECTION('',(0.,1.));
#13739 = ( GEOMETRIC_REPRESENTATION_CONTEXT(2) 
PARAMETRIC_REPRESENTATION_CONTEXT() REPRESENTATION_CONTEXT('2D SPACE',''
  ) );
#13740 = PCURVE('',#1998,#13741);
#13741 = DEFINITIONAL_REPRESENTATION('',(#13742),#13746);
#13742 = LINE('',#13743,#13744);
#13743 = CARTESIAN_POINT('',(0.,-0.));
#13744 = VECTOR('',#13745,1.);
#13745 = DIRECTION('',(0.,1.));
#13746 = ( GEOMETRIC_REPRESENTATION_CONTEXT(2) 
PARAMETRIC_REPRESENTATION_CONTEXT() REPRESENTATION_CONTEXT('2D SPACE',''
  ) );
#13747 = ORIENTED_EDGE('',*,*,#1977,.T.);
#13748 = ORIENTED_EDGE('',*,*,#13727,.T.);
#13749 = ADVANCED_FACE('',(#13750),#2033,.F.);
#13750 = FACE_BOUND('',#13751,.F.);
#13751 = EDGE_LOOP('',(#13752,#13753,#13774,#13775));
#13752 = ORIENTED_EDGE('',*,*,#8309,.F.);
#13753 = ORIENTED_EDGE('',*,*,#13754,.F.);
#13754 = EDGE_CURVE('',#2013,#8310,#13755,.T.);
#13755 = SEAM_CURVE('',#13756,(#13760,#13767),.PCURVE_S1.);
#13756 = LINE('',#13757,#13758);
#13757 = CARTESIAN_POINT('',(154.6,-251.47,-1.E-02));
#13758 = VECTOR('',#13759,1.);
#13759 = DIRECTION('',(0.,0.,1.));
#13760 = PCURVE('',#2033,#13761);
#13761 = DEFINITIONAL_REPRESENTATION('',(#13762),#13766);
#13762 = LINE('',#13763,#13764);
#13763 = CARTESIAN_POINT('',(6.28318530718,-0.));
#13764 = VECTOR('',#13765,1.);
#13765 = DIRECTION('',(0.,1.));
#13766 = ( GEOMETRIC_REPRESENTATION_CONTEXT(2) 
PARAMETRIC_REPRESENTATION_CONTEXT() REPRESENTATION_CONTEXT('2D SPACE',''
  ) );
#13767 = PCURVE('',#2033,#13768);
#13768 = DEFINITIONAL_REPRESENTATION('',(#13769),#13773);
#13769 = LINE('',#13770,#13771);
#13770 = CARTESIAN_POINT('',(0.,-0.));
#13771 = VECTOR('',#13772,1.);
#13772 = DIRECTION('',(0.,1.));
#13773 = ( GEOMETRIC_REPRESENTATION_CONTEXT(2) 
PARAMETRIC_REPRESENTATION_CONTEXT() REPRESENTATION_CONTEXT('2D SPACE',''
  ) );
#13774 = ORIENTED_EDGE('',*,*,#2012,.T.);
#13775 = ORIENTED_EDGE('',*,*,#13754,.T.);
#13776 = ADVANCED_FACE('',(#13777),#2068,.F.);
#13777 = FACE_BOUND('',#13778,.F.);
#13778 = EDGE_LOOP('',(#13779,#13780,#13801,#13802));
#13779 = ORIENTED_EDGE('',*,*,#8339,.F.);
#13780 = ORIENTED_EDGE('',*,*,#13781,.F.);
#13781 = EDGE_CURVE('',#2048,#8340,#13782,.T.);
#13782 = SEAM_CURVE('',#13783,(#13787,#13794),.PCURVE_S1.);
#13783 = LINE('',#13784,#13785);
#13784 = CARTESIAN_POINT('',(151.1,-251.47,-1.E-02));
#13785 = VECTOR('',#13786,1.);
#13786 = DIRECTION('',(0.,0.,1.));
#13787 = PCURVE('',#2068,#13788);
#13788 = DEFINITIONAL_REPRESENTATION('',(#13789),#13793);
#13789 = LINE('',#13790,#13791);
#13790 = CARTESIAN_POINT('',(6.28318530718,-0.));
#13791 = VECTOR('',#13792,1.);
#13792 = DIRECTION('',(0.,1.));
#13793 = ( GEOMETRIC_REPRESENTATION_CONTEXT(2) 
PARAMETRIC_REPRESENTATION_CONTEXT() REPRESENTATION_CONTEXT('2D SPACE',''
  ) );
#13794 = PCURVE('',#2068,#13795);
#13795 = DEFINITIONAL_REPRESENTATION('',(#13796),#13800);
#13796 = LINE('',#13797,#13798);
#13797 = CARTESIAN_POINT('',(0.,-0.));
#13798 = VECTOR('',#13799,1.);
#13799 = DIRECTION('',(0.,1.));
#13800 = ( GEOMETRIC_REPRESENTATION_CONTEXT(2) 
PARAMETRIC_REPRESENTATION_CONTEXT() REPRESENTATION_CONTEXT('2D SPACE',''
  ) );
#13801 = ORIENTED_EDGE('',*,*,#2047,.T.);
#13802 = ORIENTED_EDGE('',*,*,#13781,.T.);
#13803 = ADVANCED_FACE('',(#13804),#2103,.F.);
#13804 = FACE_BOUND('',#13805,.F.);
#13805 = EDGE_LOOP('',(#13806,#13807,#13828,#13829));
#13806 = ORIENTED_EDGE('',*,*,#8369,.F.);
#13807 = ORIENTED_EDGE('',*,*,#13808,.F.);
#13808 = EDGE_CURVE('',#2083,#8370,#13809,.T.);
#13809 = SEAM_CURVE('',#13810,(#13814,#13821),.PCURVE_S1.);
#13810 = LINE('',#13811,#13812);
#13811 = CARTESIAN_POINT('',(147.6,-251.47,-1.E-02));
#13812 = VECTOR('',#13813,1.);
#13813 = DIRECTION('',(0.,0.,1.));
#13814 = PCURVE('',#2103,#13815);
#13815 = DEFINITIONAL_REPRESENTATION('',(#13816),#13820);
#13816 = LINE('',#13817,#13818);
#13817 = CARTESIAN_POINT('',(6.28318530718,-0.));
#13818 = VECTOR('',#13819,1.);
#13819 = DIRECTION('',(0.,1.));
#13820 = ( GEOMETRIC_REPRESENTATION_CONTEXT(2) 
PARAMETRIC_REPRESENTATION_CONTEXT() REPRESENTATION_CONTEXT('2D SPACE',''
  ) );
#13821 = PCURVE('',#2103,#13822);
#13822 = DEFINITIONAL_REPRESENTATION('',(#13823),#13827);
#13823 = LINE('',#13824,#13825);
#13824 = CARTESIAN_POINT('',(0.,-0.));
#13825 = VECTOR('',#13826,1.);
#13826 = DIRECTION('',(0.,1.));
#13827 = ( GEOMETRIC_REPRESENTATION_CONTEXT(2) 
PARAMETRIC_REPRESENTATION_CONTEXT() REPRESENTATION_CONTEXT('2D SPACE',''
  ) );
#13828 = ORIENTED_EDGE('',*,*,#2082,.T.);
#13829 = ORIENTED_EDGE('',*,*,#13808,.T.);
#13830 = ADVANCED_FACE('',(#13831),#2138,.F.);
#13831 = FACE_BOUND('',#13832,.F.);
#13832 = EDGE_LOOP('',(#13833,#13834,#13855,#13856));
#13833 = ORIENTED_EDGE('',*,*,#8399,.F.);
#13834 = ORIENTED_EDGE('',*,*,#13835,.F.);
#13835 = EDGE_CURVE('',#2118,#8400,#13836,.T.);
#13836 = SEAM_CURVE('',#13837,(#13841,#13848),.PCURVE_S1.);
#13837 = LINE('',#13838,#13839);
#13838 = CARTESIAN_POINT('',(140.1,-251.47,-1.E-02));
#13839 = VECTOR('',#13840,1.);
#13840 = DIRECTION('',(0.,0.,1.));
#13841 = PCURVE('',#2138,#13842);
#13842 = DEFINITIONAL_REPRESENTATION('',(#13843),#13847);
#13843 = LINE('',#13844,#13845);
#13844 = CARTESIAN_POINT('',(6.28318530718,-0.));
#13845 = VECTOR('',#13846,1.);
#13846 = DIRECTION('',(0.,1.));
#13847 = ( GEOMETRIC_REPRESENTATION_CONTEXT(2) 
PARAMETRIC_REPRESENTATION_CONTEXT() REPRESENTATION_CONTEXT('2D SPACE',''
  ) );
#13848 = PCURVE('',#2138,#13849);
#13849 = DEFINITIONAL_REPRESENTATION('',(#13850),#13854);
#13850 = LINE('',#13851,#13852);
#13851 = CARTESIAN_POINT('',(0.,-0.));
#13852 = VECTOR('',#13853,1.);
#13853 = DIRECTION('',(0.,1.));
#13854 = ( GEOMETRIC_REPRESENTATION_CONTEXT(2) 
PARAMETRIC_REPRESENTATION_CONTEXT() REPRESENTATION_CONTEXT('2D SPACE',''
  ) );
#13855 = ORIENTED_EDGE('',*,*,#2117,.T.);
#13856 = ORIENTED_EDGE('',*,*,#13835,.T.);
#13857 = ADVANCED_FACE('',(#13858),#2173,.F.);
#13858 = FACE_BOUND('',#13859,.F.);
#13859 = EDGE_LOOP('',(#13860,#13861,#13882,#13883));
#13860 = ORIENTED_EDGE('',*,*,#8429,.F.);
#13861 = ORIENTED_EDGE('',*,*,#13862,.F.);
#13862 = EDGE_CURVE('',#2153,#8430,#13863,.T.);
#13863 = SEAM_CURVE('',#13864,(#13868,#13875),.PCURVE_S1.);
#13864 = LINE('',#13865,#13866);
#13865 = CARTESIAN_POINT('',(136.6,-251.47,-1.E-02));
#13866 = VECTOR('',#13867,1.);
#13867 = DIRECTION('',(0.,0.,1.));
#13868 = PCURVE('',#2173,#13869);
#13869 = DEFINITIONAL_REPRESENTATION('',(#13870),#13874);
#13870 = LINE('',#13871,#13872);
#13871 = CARTESIAN_POINT('',(6.28318530718,-0.));
#13872 = VECTOR('',#13873,1.);
#13873 = DIRECTION('',(0.,1.));
#13874 = ( GEOMETRIC_REPRESENTATION_CONTEXT(2) 
PARAMETRIC_REPRESENTATION_CONTEXT() REPRESENTATION_CONTEXT('2D SPACE',''
  ) );
#13875 = PCURVE('',#2173,#13876);
#13876 = DEFINITIONAL_REPRESENTATION('',(#13877),#13881);
#13877 = LINE('',#13878,#13879);
#13878 = CARTESIAN_POINT('',(0.,-0.));
#13879 = VECTOR('',#13880,1.);
#13880 = DIRECTION('',(0.,1.));
#13881 = ( GEOMETRIC_REPRESENTATION_CONTEXT(2) 
PARAMETRIC_REPRESENTATION_CONTEXT() REPRESENTATION_CONTEXT('2D SPACE',''
  ) );
#13882 = ORIENTED_EDGE('',*,*,#2152,.T.);
#13883 = ORIENTED_EDGE('',*,*,#13862,.T.);
#13884 = ADVANCED_FACE('',(#13885),#2208,.F.);
#13885 = FACE_BOUND('',#13886,.F.);
#13886 = EDGE_LOOP('',(#13887,#13888,#13909,#13910));
#13887 = ORIENTED_EDGE('',*,*,#8459,.F.);
#13888 = ORIENTED_EDGE('',*,*,#13889,.F.);
#13889 = EDGE_CURVE('',#2188,#8460,#13890,.T.);
#13890 = SEAM_CURVE('',#13891,(#13895,#13902),.PCURVE_S1.);
#13891 = LINE('',#13892,#13893);
#13892 = CARTESIAN_POINT('',(133.1,-251.47,-1.E-02));
#13893 = VECTOR('',#13894,1.);
#13894 = DIRECTION('',(0.,0.,1.));
#13895 = PCURVE('',#2208,#13896);
#13896 = DEFINITIONAL_REPRESENTATION('',(#13897),#13901);
#13897 = LINE('',#13898,#13899);
#13898 = CARTESIAN_POINT('',(6.28318530718,-0.));
#13899 = VECTOR('',#13900,1.);
#13900 = DIRECTION('',(0.,1.));
#13901 = ( GEOMETRIC_REPRESENTATION_CONTEXT(2) 
PARAMETRIC_REPRESENTATION_CONTEXT() REPRESENTATION_CONTEXT('2D SPACE',''
  ) );
#13902 = PCURVE('',#2208,#13903);
#13903 = DEFINITIONAL_REPRESENTATION('',(#13904),#13908);
#13904 = LINE('',#13905,#13906);
#13905 = CARTESIAN_POINT('',(0.,-0.));
#13906 = VECTOR('',#13907,1.);
#13907 = DIRECTION('',(0.,1.));
#13908 = ( GEOMETRIC_REPRESENTATION_CONTEXT(2) 
PARAMETRIC_REPRESENTATION_CONTEXT() REPRESENTATION_CONTEXT('2D SPACE',''
  ) );
#13909 = ORIENTED_EDGE('',*,*,#2187,.T.);
#13910 = ORIENTED_EDGE('',*,*,#13889,.T.);
#13911 = ADVANCED_FACE('',(#13912),#2243,.F.);
#13912 = FACE_BOUND('',#13913,.F.);
#13913 = EDGE_LOOP('',(#13914,#13915,#13936,#13937));
#13914 = ORIENTED_EDGE('',*,*,#8489,.F.);
#13915 = ORIENTED_EDGE('',*,*,#13916,.F.);
#13916 = EDGE_CURVE('',#2223,#8490,#13917,.T.);
#13917 = SEAM_CURVE('',#13918,(#13922,#13929),.PCURVE_S1.);
#13918 = LINE('',#13919,#13920);
#13919 = CARTESIAN_POINT('',(129.6,-251.47,-1.E-02));
#13920 = VECTOR('',#13921,1.);
#13921 = DIRECTION('',(0.,0.,1.));
#13922 = PCURVE('',#2243,#13923);
#13923 = DEFINITIONAL_REPRESENTATION('',(#13924),#13928);
#13924 = LINE('',#13925,#13926);
#13925 = CARTESIAN_POINT('',(6.28318530718,-0.));
#13926 = VECTOR('',#13927,1.);
#13927 = DIRECTION('',(0.,1.));
#13928 = ( GEOMETRIC_REPRESENTATION_CONTEXT(2) 
PARAMETRIC_REPRESENTATION_CONTEXT() REPRESENTATION_CONTEXT('2D SPACE',''
  ) );
#13929 = PCURVE('',#2243,#13930);
#13930 = DEFINITIONAL_REPRESENTATION('',(#13931),#13935);
#13931 = LINE('',#13932,#13933);
#13932 = CARTESIAN_POINT('',(0.,-0.));
#13933 = VECTOR('',#13934,1.);
#13934 = DIRECTION('',(0.,1.));
#13935 = ( GEOMETRIC_REPRESENTATION_CONTEXT(2) 
PARAMETRIC_REPRESENTATION_CONTEXT() REPRESENTATION_CONTEXT('2D SPACE',''
  ) );
#13936 = ORIENTED_EDGE('',*,*,#2222,.T.);
#13937 = ORIENTED_EDGE('',*,*,#13916,.T.);
#13938 = ADVANCED_FACE('',(#13939),#2278,.F.);
#13939 = FACE_BOUND('',#13940,.F.);
#13940 = EDGE_LOOP('',(#13941,#13942,#13963,#13964));
#13941 = ORIENTED_EDGE('',*,*,#8519,.F.);
#13942 = ORIENTED_EDGE('',*,*,#13943,.F.);
#13943 = EDGE_CURVE('',#2258,#8520,#13944,.T.);
#13944 = SEAM_CURVE('',#13945,(#13949,#13956),.PCURVE_S1.);
#13945 = LINE('',#13946,#13947);
#13946 = CARTESIAN_POINT('',(122.1,-251.47,-1.E-02));
#13947 = VECTOR('',#13948,1.);
#13948 = DIRECTION('',(0.,0.,1.));
#13949 = PCURVE('',#2278,#13950);
#13950 = DEFINITIONAL_REPRESENTATION('',(#13951),#13955);
#13951 = LINE('',#13952,#13953);
#13952 = CARTESIAN_POINT('',(6.28318530718,-0.));
#13953 = VECTOR('',#13954,1.);
#13954 = DIRECTION('',(0.,1.));
#13955 = ( GEOMETRIC_REPRESENTATION_CONTEXT(2) 
PARAMETRIC_REPRESENTATION_CONTEXT() REPRESENTATION_CONTEXT('2D SPACE',''
  ) );
#13956 = PCURVE('',#2278,#13957);
#13957 = DEFINITIONAL_REPRESENTATION('',(#13958),#13962);
#13958 = LINE('',#13959,#13960);
#13959 = CARTESIAN_POINT('',(0.,-0.));
#13960 = VECTOR('',#13961,1.);
#13961 = DIRECTION('',(0.,1.));
#13962 = ( GEOMETRIC_REPRESENTATION_CONTEXT(2) 
PARAMETRIC_REPRESENTATION_CONTEXT() REPRESENTATION_CONTEXT('2D SPACE',''
  ) );
#13963 = ORIENTED_EDGE('',*,*,#2257,.T.);
#13964 = ORIENTED_EDGE('',*,*,#13943,.T.);
#13965 = ADVANCED_FACE('',(#13966),#2313,.F.);
#13966 = FACE_BOUND('',#13967,.F.);
#13967 = EDGE_LOOP('',(#13968,#13969,#13990,#13991));
#13968 = ORIENTED_EDGE('',*,*,#8549,.F.);
#13969 = ORIENTED_EDGE('',*,*,#13970,.F.);
#13970 = EDGE_CURVE('',#2293,#8550,#13971,.T.);
#13971 = SEAM_CURVE('',#13972,(#13976,#13983),.PCURVE_S1.);
#13972 = LINE('',#13973,#13974);
#13973 = CARTESIAN_POINT('',(118.6,-251.47,-1.E-02));
#13974 = VECTOR('',#13975,1.);
#13975 = DIRECTION('',(0.,0.,1.));
#13976 = PCURVE('',#2313,#13977);
#13977 = DEFINITIONAL_REPRESENTATION('',(#13978),#13982);
#13978 = LINE('',#13979,#13980);
#13979 = CARTESIAN_POINT('',(6.28318530718,-0.));
#13980 = VECTOR('',#13981,1.);
#13981 = DIRECTION('',(0.,1.));
#13982 = ( GEOMETRIC_REPRESENTATION_CONTEXT(2) 
PARAMETRIC_REPRESENTATION_CONTEXT() REPRESENTATION_CONTEXT('2D SPACE',''
  ) );
#13983 = PCURVE('',#2313,#13984);
#13984 = DEFINITIONAL_REPRESENTATION('',(#13985),#13989);
#13985 = LINE('',#13986,#13987);
#13986 = CARTESIAN_POINT('',(0.,-0.));
#13987 = VECTOR('',#13988,1.);
#13988 = DIRECTION('',(0.,1.));
#13989 = ( GEOMETRIC_REPRESENTATION_CONTEXT(2) 
PARAMETRIC_REPRESENTATION_CONTEXT() REPRESENTATION_CONTEXT('2D SPACE',''
  ) );
#13990 = ORIENTED_EDGE('',*,*,#2292,.T.);
#13991 = ORIENTED_EDGE('',*,*,#13970,.T.);
#13992 = ADVANCED_FACE('',(#13993),#2348,.F.);
#13993 = FACE_BOUND('',#13994,.F.);
#13994 = EDGE_LOOP('',(#13995,#13996,#14017,#14018));
#13995 = ORIENTED_EDGE('',*,*,#8579,.F.);
#13996 = ORIENTED_EDGE('',*,*,#13997,.F.);
#13997 = EDGE_CURVE('',#2328,#8580,#13998,.T.);
#13998 = SEAM_CURVE('',#13999,(#14003,#14010),.PCURVE_S1.);
#13999 = LINE('',#14000,#14001);
#14000 = CARTESIAN_POINT('',(115.1,-251.47,-1.E-02));
#14001 = VECTOR('',#14002,1.);
#14002 = DIRECTION('',(0.,0.,1.));
#14003 = PCURVE('',#2348,#14004);
#14004 = DEFINITIONAL_REPRESENTATION('',(#14005),#14009);
#14005 = LINE('',#14006,#14007);
#14006 = CARTESIAN_POINT('',(6.28318530718,-0.));
#14007 = VECTOR('',#14008,1.);
#14008 = DIRECTION('',(0.,1.));
#14009 = ( GEOMETRIC_REPRESENTATION_CONTEXT(2) 
PARAMETRIC_REPRESENTATION_CONTEXT() REPRESENTATION_CONTEXT('2D SPACE',''
  ) );
#14010 = PCURVE('',#2348,#14011);
#14011 = DEFINITIONAL_REPRESENTATION('',(#14012),#14016);
#14012 = LINE('',#14013,#14014);
#14013 = CARTESIAN_POINT('',(0.,-0.));
#14014 = VECTOR('',#14015,1.);
#14015 = DIRECTION('',(0.,1.));
#14016 = ( GEOMETRIC_REPRESENTATION_CONTEXT(2) 
PARAMETRIC_REPRESENTATION_CONTEXT() REPRESENTATION_CONTEXT('2D SPACE',''
  ) );
#14017 = ORIENTED_EDGE('',*,*,#2327,.T.);
#14018 = ORIENTED_EDGE('',*,*,#13997,.T.);
#14019 = ADVANCED_FACE('',(#14020),#2383,.F.);
#14020 = FACE_BOUND('',#14021,.F.);
#14021 = EDGE_LOOP('',(#14022,#14023,#14044,#14045));
#14022 = ORIENTED_EDGE('',*,*,#8609,.F.);
#14023 = ORIENTED_EDGE('',*,*,#14024,.F.);
#14024 = EDGE_CURVE('',#2363,#8610,#14025,.T.);
#14025 = SEAM_CURVE('',#14026,(#14030,#14037),.PCURVE_S1.);
#14026 = LINE('',#14027,#14028);
#14027 = CARTESIAN_POINT('',(105.1,-256.5,-1.E-02));
#14028 = VECTOR('',#14029,1.);
#14029 = DIRECTION('',(0.,0.,1.));
#14030 = PCURVE('',#2383,#14031);
#14031 = DEFINITIONAL_REPRESENTATION('',(#14032),#14036);
#14032 = LINE('',#14033,#14034);
#14033 = CARTESIAN_POINT('',(6.28318530718,-0.));
#14034 = VECTOR('',#14035,1.);
#14035 = DIRECTION('',(0.,1.));
#14036 = ( GEOMETRIC_REPRESENTATION_CONTEXT(2) 
PARAMETRIC_REPRESENTATION_CONTEXT() REPRESENTATION_CONTEXT('2D SPACE',''
  ) );
#14037 = PCURVE('',#2383,#14038);
#14038 = DEFINITIONAL_REPRESENTATION('',(#14039),#14043);
#14039 = LINE('',#14040,#14041);
#14040 = CARTESIAN_POINT('',(0.,-0.));
#14041 = VECTOR('',#14042,1.);
#14042 = DIRECTION('',(0.,1.));
#14043 = ( GEOMETRIC_REPRESENTATION_CONTEXT(2) 
PARAMETRIC_REPRESENTATION_CONTEXT() REPRESENTATION_CONTEXT('2D SPACE',''
  ) );
#14044 = ORIENTED_EDGE('',*,*,#2362,.T.);
#14045 = ORIENTED_EDGE('',*,*,#14024,.T.);
#14046 = ADVANCED_FACE('',(#14047),#2418,.F.);
#14047 = FACE_BOUND('',#14048,.F.);
#14048 = EDGE_LOOP('',(#14049,#14050,#14071,#14072));
#14049 = ORIENTED_EDGE('',*,*,#8639,.F.);
#14050 = ORIENTED_EDGE('',*,*,#14051,.F.);
#14051 = EDGE_CURVE('',#2398,#8640,#14052,.T.);
#14052 = SEAM_CURVE('',#14053,(#14057,#14064),.PCURVE_S1.);
#14053 = LINE('',#14054,#14055);
#14054 = CARTESIAN_POINT('',(111.6,-251.47,-1.E-02));
#14055 = VECTOR('',#14056,1.);
#14056 = DIRECTION('',(0.,0.,1.));
#14057 = PCURVE('',#2418,#14058);
#14058 = DEFINITIONAL_REPRESENTATION('',(#14059),#14063);
#14059 = LINE('',#14060,#14061);
#14060 = CARTESIAN_POINT('',(6.28318530718,-0.));
#14061 = VECTOR('',#14062,1.);
#14062 = DIRECTION('',(0.,1.));
#14063 = ( GEOMETRIC_REPRESENTATION_CONTEXT(2) 
PARAMETRIC_REPRESENTATION_CONTEXT() REPRESENTATION_CONTEXT('2D SPACE',''
  ) );
#14064 = PCURVE('',#2418,#14065);
#14065 = DEFINITIONAL_REPRESENTATION('',(#14066),#14070);
#14066 = LINE('',#14067,#14068);
#14067 = CARTESIAN_POINT('',(0.,-0.));
#14068 = VECTOR('',#14069,1.);
#14069 = DIRECTION('',(0.,1.));
#14070 = ( GEOMETRIC_REPRESENTATION_CONTEXT(2) 
PARAMETRIC_REPRESENTATION_CONTEXT() REPRESENTATION_CONTEXT('2D SPACE',''
  ) );
#14071 = ORIENTED_EDGE('',*,*,#2397,.T.);
#14072 = ORIENTED_EDGE('',*,*,#14051,.T.);
#14073 = ADVANCED_FACE('',(#14074),#2453,.F.);
#14074 = FACE_BOUND('',#14075,.F.);
#14075 = EDGE_LOOP('',(#14076,#14077,#14098,#14099));
#14076 = ORIENTED_EDGE('',*,*,#8669,.F.);
#14077 = ORIENTED_EDGE('',*,*,#14078,.F.);
#14078 = EDGE_CURVE('',#2433,#8670,#14079,.T.);
#14079 = SEAM_CURVE('',#14080,(#14084,#14091),.PCURVE_S1.);
#14080 = LINE('',#14081,#14082);
#14081 = CARTESIAN_POINT('',(164.85,-182.,-1.E-02));
#14082 = VECTOR('',#14083,1.);
#14083 = DIRECTION('',(0.,0.,1.));
#14084 = PCURVE('',#2453,#14085);
#14085 = DEFINITIONAL_REPRESENTATION('',(#14086),#14090);
#14086 = LINE('',#14087,#14088);
#14087 = CARTESIAN_POINT('',(6.28318530718,-0.));
#14088 = VECTOR('',#14089,1.);
#14089 = DIRECTION('',(0.,1.));
#14090 = ( GEOMETRIC_REPRESENTATION_CONTEXT(2) 
PARAMETRIC_REPRESENTATION_CONTEXT() REPRESENTATION_CONTEXT('2D SPACE',''
  ) );
#14091 = PCURVE('',#2453,#14092);
#14092 = DEFINITIONAL_REPRESENTATION('',(#14093),#14097);
#14093 = LINE('',#14094,#14095);
#14094 = CARTESIAN_POINT('',(0.,-0.));
#14095 = VECTOR('',#14096,1.);
#14096 = DIRECTION('',(0.,1.));
#14097 = ( GEOMETRIC_REPRESENTATION_CONTEXT(2) 
PARAMETRIC_REPRESENTATION_CONTEXT() REPRESENTATION_CONTEXT('2D SPACE',''
  ) );
#14098 = ORIENTED_EDGE('',*,*,#2432,.T.);
#14099 = ORIENTED_EDGE('',*,*,#14078,.T.);
#14100 = ADVANCED_FACE('',(#14101),#2488,.F.);
#14101 = FACE_BOUND('',#14102,.F.);
#14102 = EDGE_LOOP('',(#14103,#14104,#14125,#14126));
#14103 = ORIENTED_EDGE('',*,*,#8699,.F.);
#14104 = ORIENTED_EDGE('',*,*,#14105,.F.);
#14105 = EDGE_CURVE('',#2468,#8700,#14106,.T.);
#14106 = SEAM_CURVE('',#14107,(#14111,#14118),.PCURVE_S1.);
#14107 = LINE('',#14108,#14109);
#14108 = CARTESIAN_POINT('',(152.65,-182.,-1.E-02));
#14109 = VECTOR('',#14110,1.);
#14110 = DIRECTION('',(0.,0.,1.));
#14111 = PCURVE('',#2488,#14112);
#14112 = DEFINITIONAL_REPRESENTATION('',(#14113),#14117);
#14113 = LINE('',#14114,#14115);
#14114 = CARTESIAN_POINT('',(6.28318530718,-0.));
#14115 = VECTOR('',#14116,1.);
#14116 = DIRECTION('',(0.,1.));
#14117 = ( GEOMETRIC_REPRESENTATION_CONTEXT(2) 
PARAMETRIC_REPRESENTATION_CONTEXT() REPRESENTATION_CONTEXT('2D SPACE',''
  ) );
#14118 = PCURVE('',#2488,#14119);
#14119 = DEFINITIONAL_REPRESENTATION('',(#14120),#14124);
#14120 = LINE('',#14121,#14122);
#14121 = CARTESIAN_POINT('',(0.,-0.));
#14122 = VECTOR('',#14123,1.);
#14123 = DIRECTION('',(0.,1.));
#14124 = ( GEOMETRIC_REPRESENTATION_CONTEXT(2) 
PARAMETRIC_REPRESENTATION_CONTEXT() REPRESENTATION_CONTEXT('2D SPACE',''
  ) );
#14125 = ORIENTED_EDGE('',*,*,#2467,.T.);
#14126 = ORIENTED_EDGE('',*,*,#14105,.T.);
#14127 = ADVANCED_FACE('',(#14128),#2523,.F.);
#14128 = FACE_BOUND('',#14129,.F.);
#14129 = EDGE_LOOP('',(#14130,#14131,#14152,#14153));
#14130 = ORIENTED_EDGE('',*,*,#8729,.F.);
#14131 = ORIENTED_EDGE('',*,*,#14132,.F.);
#14132 = EDGE_CURVE('',#2503,#8730,#14133,.T.);
#14133 = SEAM_CURVE('',#14134,(#14138,#14145),.PCURVE_S1.);
#14134 = LINE('',#14135,#14136);
#14135 = CARTESIAN_POINT('',(287.07,-178.,-1.E-02));
#14136 = VECTOR('',#14137,1.);
#14137 = DIRECTION('',(0.,0.,1.));
#14138 = PCURVE('',#2523,#14139);
#14139 = DEFINITIONAL_REPRESENTATION('',(#14140),#14144);
#14140 = LINE('',#14141,#14142);
#14141 = CARTESIAN_POINT('',(6.28318530718,-0.));
#14142 = VECTOR('',#14143,1.);
#14143 = DIRECTION('',(0.,1.));
#14144 = ( GEOMETRIC_REPRESENTATION_CONTEXT(2) 
PARAMETRIC_REPRESENTATION_CONTEXT() REPRESENTATION_CONTEXT('2D SPACE',''
  ) );
#14145 = PCURVE('',#2523,#14146);
#14146 = DEFINITIONAL_REPRESENTATION('',(#14147),#14151);
#14147 = LINE('',#14148,#14149);
#14148 = CARTESIAN_POINT('',(0.,-0.));
#14149 = VECTOR('',#14150,1.);
#14150 = DIRECTION('',(0.,1.));
#14151 = ( GEOMETRIC_REPRESENTATION_CONTEXT(2) 
PARAMETRIC_REPRESENTATION_CONTEXT() REPRESENTATION_CONTEXT('2D SPACE',''
  ) );
#14152 = ORIENTED_EDGE('',*,*,#2502,.T.);
#14153 = ORIENTED_EDGE('',*,*,#14132,.T.);
#14154 = ADVANCED_FACE('',(#14155),#2558,.F.);
#14155 = FACE_BOUND('',#14156,.F.);
#14156 = EDGE_LOOP('',(#14157,#14158,#14179,#14180));
#14157 = ORIENTED_EDGE('',*,*,#8759,.F.);
#14158 = ORIENTED_EDGE('',*,*,#14159,.F.);
#14159 = EDGE_CURVE('',#2538,#8760,#14160,.T.);
#14160 = SEAM_CURVE('',#14161,(#14165,#14172),.PCURVE_S1.);
#14161 = LINE('',#14162,#14163);
#14162 = CARTESIAN_POINT('',(287.07,-170.,-1.E-02));
#14163 = VECTOR('',#14164,1.);
#14164 = DIRECTION('',(0.,0.,1.));
#14165 = PCURVE('',#2558,#14166);
#14166 = DEFINITIONAL_REPRESENTATION('',(#14167),#14171);
#14167 = LINE('',#14168,#14169);
#14168 = CARTESIAN_POINT('',(6.28318530718,-0.));
#14169 = VECTOR('',#14170,1.);
#14170 = DIRECTION('',(0.,1.));
#14171 = ( GEOMETRIC_REPRESENTATION_CONTEXT(2) 
PARAMETRIC_REPRESENTATION_CONTEXT() REPRESENTATION_CONTEXT('2D SPACE',''
  ) );
#14172 = PCURVE('',#2558,#14173);
#14173 = DEFINITIONAL_REPRESENTATION('',(#14174),#14178);
#14174 = LINE('',#14175,#14176);
#14175 = CARTESIAN_POINT('',(0.,-0.));
#14176 = VECTOR('',#14177,1.);
#14177 = DIRECTION('',(0.,1.));
#14178 = ( GEOMETRIC_REPRESENTATION_CONTEXT(2) 
PARAMETRIC_REPRESENTATION_CONTEXT() REPRESENTATION_CONTEXT('2D SPACE',''
  ) );
#14179 = ORIENTED_EDGE('',*,*,#2537,.T.);
#14180 = ORIENTED_EDGE('',*,*,#14159,.T.);
#14181 = ADVANCED_FACE('',(#14182),#2593,.F.);
#14182 = FACE_BOUND('',#14183,.F.);
#14183 = EDGE_LOOP('',(#14184,#14185,#14206,#14207));
#14184 = ORIENTED_EDGE('',*,*,#8789,.F.);
#14185 = ORIENTED_EDGE('',*,*,#14186,.F.);
#14186 = EDGE_CURVE('',#2573,#8790,#14187,.T.);
#14187 = SEAM_CURVE('',#14188,(#14192,#14199),.PCURVE_S1.);
#14188 = LINE('',#14189,#14190);
#14189 = CARTESIAN_POINT('',(287.07,-166.5,-1.E-02));
#14190 = VECTOR('',#14191,1.);
#14191 = DIRECTION('',(0.,0.,1.));
#14192 = PCURVE('',#2593,#14193);
#14193 = DEFINITIONAL_REPRESENTATION('',(#14194),#14198);
#14194 = LINE('',#14195,#14196);
#14195 = CARTESIAN_POINT('',(6.28318530718,-0.));
#14196 = VECTOR('',#14197,1.);
#14197 = DIRECTION('',(0.,1.));
#14198 = ( GEOMETRIC_REPRESENTATION_CONTEXT(2) 
PARAMETRIC_REPRESENTATION_CONTEXT() REPRESENTATION_CONTEXT('2D SPACE',''
  ) );
#14199 = PCURVE('',#2593,#14200);
#14200 = DEFINITIONAL_REPRESENTATION('',(#14201),#14205);
#14201 = LINE('',#14202,#14203);
#14202 = CARTESIAN_POINT('',(0.,-0.));
#14203 = VECTOR('',#14204,1.);
#14204 = DIRECTION('',(0.,1.));
#14205 = ( GEOMETRIC_REPRESENTATION_CONTEXT(2) 
PARAMETRIC_REPRESENTATION_CONTEXT() REPRESENTATION_CONTEXT('2D SPACE',''
  ) );
#14206 = ORIENTED_EDGE('',*,*,#2572,.T.);
#14207 = ORIENTED_EDGE('',*,*,#14186,.T.);
#14208 = ADVANCED_FACE('',(#14209),#2628,.F.);
#14209 = FACE_BOUND('',#14210,.F.);
#14210 = EDGE_LOOP('',(#14211,#14212,#14233,#14234));
#14211 = ORIENTED_EDGE('',*,*,#8819,.F.);
#14212 = ORIENTED_EDGE('',*,*,#14213,.F.);
#14213 = EDGE_CURVE('',#2608,#8820,#14214,.T.);
#14214 = SEAM_CURVE('',#14215,(#14219,#14226),.PCURVE_S1.);
#14215 = LINE('',#14216,#14217);
#14216 = CARTESIAN_POINT('',(287.07,-163.,-1.E-02));
#14217 = VECTOR('',#14218,1.);
#14218 = DIRECTION('',(0.,0.,1.));
#14219 = PCURVE('',#2628,#14220);
#14220 = DEFINITIONAL_REPRESENTATION('',(#14221),#14225);
#14221 = LINE('',#14222,#14223);
#14222 = CARTESIAN_POINT('',(6.28318530718,-0.));
#14223 = VECTOR('',#14224,1.);
#14224 = DIRECTION('',(0.,1.));
#14225 = ( GEOMETRIC_REPRESENTATION_CONTEXT(2) 
PARAMETRIC_REPRESENTATION_CONTEXT() REPRESENTATION_CONTEXT('2D SPACE',''
  ) );
#14226 = PCURVE('',#2628,#14227);
#14227 = DEFINITIONAL_REPRESENTATION('',(#14228),#14232);
#14228 = LINE('',#14229,#14230);
#14229 = CARTESIAN_POINT('',(0.,-0.));
#14230 = VECTOR('',#14231,1.);
#14231 = DIRECTION('',(0.,1.));
#14232 = ( GEOMETRIC_REPRESENTATION_CONTEXT(2) 
PARAMETRIC_REPRESENTATION_CONTEXT() REPRESENTATION_CONTEXT('2D SPACE',''
  ) );
#14233 = ORIENTED_EDGE('',*,*,#2607,.T.);
#14234 = ORIENTED_EDGE('',*,*,#14213,.T.);
#14235 = ADVANCED_FACE('',(#14236),#2663,.F.);
#14236 = FACE_BOUND('',#14237,.F.);
#14237 = EDGE_LOOP('',(#14238,#14239,#14260,#14261));
#14238 = ORIENTED_EDGE('',*,*,#8849,.F.);
#14239 = ORIENTED_EDGE('',*,*,#14240,.F.);
#14240 = EDGE_CURVE('',#2643,#8850,#14241,.T.);
#14241 = SEAM_CURVE('',#14242,(#14246,#14253),.PCURVE_S1.);
#14242 = LINE('',#14243,#14244);
#14243 = CARTESIAN_POINT('',(278.76,-152.,-1.E-02));
#14244 = VECTOR('',#14245,1.);
#14245 = DIRECTION('',(0.,0.,1.));
#14246 = PCURVE('',#2663,#14247);
#14247 = DEFINITIONAL_REPRESENTATION('',(#14248),#14252);
#14248 = LINE('',#14249,#14250);
#14249 = CARTESIAN_POINT('',(6.28318530718,-0.));
#14250 = VECTOR('',#14251,1.);
#14251 = DIRECTION('',(0.,1.));
#14252 = ( GEOMETRIC_REPRESENTATION_CONTEXT(2) 
PARAMETRIC_REPRESENTATION_CONTEXT() REPRESENTATION_CONTEXT('2D SPACE',''
  ) );
#14253 = PCURVE('',#2663,#14254);
#14254 = DEFINITIONAL_REPRESENTATION('',(#14255),#14259);
#14255 = LINE('',#14256,#14257);
#14256 = CARTESIAN_POINT('',(0.,-0.));
#14257 = VECTOR('',#14258,1.);
#14258 = DIRECTION('',(0.,1.));
#14259 = ( GEOMETRIC_REPRESENTATION_CONTEXT(2) 
PARAMETRIC_REPRESENTATION_CONTEXT() REPRESENTATION_CONTEXT('2D SPACE',''
  ) );
#14260 = ORIENTED_EDGE('',*,*,#2642,.T.);
#14261 = ORIENTED_EDGE('',*,*,#14240,.T.);
#14262 = ADVANCED_FACE('',(#14263),#2698,.F.);
#14263 = FACE_BOUND('',#14264,.F.);
#14264 = EDGE_LOOP('',(#14265,#14266,#14287,#14288));
#14265 = ORIENTED_EDGE('',*,*,#8879,.F.);
#14266 = ORIENTED_EDGE('',*,*,#14267,.F.);
#14267 = EDGE_CURVE('',#2678,#8880,#14268,.T.);
#14268 = SEAM_CURVE('',#14269,(#14273,#14280),.PCURVE_S1.);
#14269 = LINE('',#14270,#14271);
#14270 = CARTESIAN_POINT('',(276.22,-152.,-1.E-02));
#14271 = VECTOR('',#14272,1.);
#14272 = DIRECTION('',(0.,0.,1.));
#14273 = PCURVE('',#2698,#14274);
#14274 = DEFINITIONAL_REPRESENTATION('',(#14275),#14279);
#14275 = LINE('',#14276,#14277);
#14276 = CARTESIAN_POINT('',(6.28318530718,-0.));
#14277 = VECTOR('',#14278,1.);
#14278 = DIRECTION('',(0.,1.));
#14279 = ( GEOMETRIC_REPRESENTATION_CONTEXT(2) 
PARAMETRIC_REPRESENTATION_CONTEXT() REPRESENTATION_CONTEXT('2D SPACE',''
  ) );
#14280 = PCURVE('',#2698,#14281);
#14281 = DEFINITIONAL_REPRESENTATION('',(#14282),#14286);
#14282 = LINE('',#14283,#14284);
#14283 = CARTESIAN_POINT('',(0.,-0.));
#14284 = VECTOR('',#14285,1.);
#14285 = DIRECTION('',(0.,1.));
#14286 = ( GEOMETRIC_REPRESENTATION_CONTEXT(2) 
PARAMETRIC_REPRESENTATION_CONTEXT() REPRESENTATION_CONTEXT('2D SPACE',''
  ) );
#14287 = ORIENTED_EDGE('',*,*,#2677,.T.);
#14288 = ORIENTED_EDGE('',*,*,#14267,.T.);
#14289 = ADVANCED_FACE('',(#14290),#2733,.F.);
#14290 = FACE_BOUND('',#14291,.F.);
#14291 = EDGE_LOOP('',(#14292,#14293,#14314,#14315));
#14292 = ORIENTED_EDGE('',*,*,#8909,.F.);
#14293 = ORIENTED_EDGE('',*,*,#14294,.F.);
#14294 = EDGE_CURVE('',#2713,#8910,#14295,.T.);
#14295 = SEAM_CURVE('',#14296,(#14300,#14307),.PCURVE_S1.);
#14296 = LINE('',#14297,#14298);
#14297 = CARTESIAN_POINT('',(273.68,-152.,-1.E-02));
#14298 = VECTOR('',#14299,1.);
#14299 = DIRECTION('',(0.,0.,1.));
#14300 = PCURVE('',#2733,#14301);
#14301 = DEFINITIONAL_REPRESENTATION('',(#14302),#14306);
#14302 = LINE('',#14303,#14304);
#14303 = CARTESIAN_POINT('',(6.28318530718,-0.));
#14304 = VECTOR('',#14305,1.);
#14305 = DIRECTION('',(0.,1.));
#14306 = ( GEOMETRIC_REPRESENTATION_CONTEXT(2) 
PARAMETRIC_REPRESENTATION_CONTEXT() REPRESENTATION_CONTEXT('2D SPACE',''
  ) );
#14307 = PCURVE('',#2733,#14308);
#14308 = DEFINITIONAL_REPRESENTATION('',(#14309),#14313);
#14309 = LINE('',#14310,#14311);
#14310 = CARTESIAN_POINT('',(0.,-0.));
#14311 = VECTOR('',#14312,1.);
#14312 = DIRECTION('',(0.,1.));
#14313 = ( GEOMETRIC_REPRESENTATION_CONTEXT(2) 
PARAMETRIC_REPRESENTATION_CONTEXT() REPRESENTATION_CONTEXT('2D SPACE',''
  ) );
#14314 = ORIENTED_EDGE('',*,*,#2712,.T.);
#14315 = ORIENTED_EDGE('',*,*,#14294,.T.);
#14316 = ADVANCED_FACE('',(#14317),#2768,.F.);
#14317 = FACE_BOUND('',#14318,.F.);
#14318 = EDGE_LOOP('',(#14319,#14320,#14341,#14342));
#14319 = ORIENTED_EDGE('',*,*,#8939,.F.);
#14320 = ORIENTED_EDGE('',*,*,#14321,.F.);
#14321 = EDGE_CURVE('',#2748,#8940,#14322,.T.);
#14322 = SEAM_CURVE('',#14323,(#14327,#14334),.PCURVE_S1.);
#14323 = LINE('',#14324,#14325);
#14324 = CARTESIAN_POINT('',(271.14,-152.,-1.E-02));
#14325 = VECTOR('',#14326,1.);
#14326 = DIRECTION('',(0.,0.,1.));
#14327 = PCURVE('',#2768,#14328);
#14328 = DEFINITIONAL_REPRESENTATION('',(#14329),#14333);
#14329 = LINE('',#14330,#14331);
#14330 = CARTESIAN_POINT('',(6.28318530718,-0.));
#14331 = VECTOR('',#14332,1.);
#14332 = DIRECTION('',(0.,1.));
#14333 = ( GEOMETRIC_REPRESENTATION_CONTEXT(2) 
PARAMETRIC_REPRESENTATION_CONTEXT() REPRESENTATION_CONTEXT('2D SPACE',''
  ) );
#14334 = PCURVE('',#2768,#14335);
#14335 = DEFINITIONAL_REPRESENTATION('',(#14336),#14340);
#14336 = LINE('',#14337,#14338);
#14337 = CARTESIAN_POINT('',(0.,-0.));
#14338 = VECTOR('',#14339,1.);
#14339 = DIRECTION('',(0.,1.));
#14340 = ( GEOMETRIC_REPRESENTATION_CONTEXT(2) 
PARAMETRIC_REPRESENTATION_CONTEXT() REPRESENTATION_CONTEXT('2D SPACE',''
  ) );
#14341 = ORIENTED_EDGE('',*,*,#2747,.T.);
#14342 = ORIENTED_EDGE('',*,*,#14321,.T.);
#14343 = ADVANCED_FACE('',(#14344),#2803,.F.);
#14344 = FACE_BOUND('',#14345,.F.);
#14345 = EDGE_LOOP('',(#14346,#14347,#14368,#14369));
#14346 = ORIENTED_EDGE('',*,*,#8969,.F.);
#14347 = ORIENTED_EDGE('',*,*,#14348,.F.);
#14348 = EDGE_CURVE('',#2783,#8970,#14349,.T.);
#14349 = SEAM_CURVE('',#14350,(#14354,#14361),.PCURVE_S1.);
#14350 = LINE('',#14351,#14352);
#14351 = CARTESIAN_POINT('',(278.76,-149.46,-1.E-02));
#14352 = VECTOR('',#14353,1.);
#14353 = DIRECTION('',(0.,0.,1.));
#14354 = PCURVE('',#2803,#14355);
#14355 = DEFINITIONAL_REPRESENTATION('',(#14356),#14360);
#14356 = LINE('',#14357,#14358);
#14357 = CARTESIAN_POINT('',(6.28318530718,-0.));
#14358 = VECTOR('',#14359,1.);
#14359 = DIRECTION('',(0.,1.));
#14360 = ( GEOMETRIC_REPRESENTATION_CONTEXT(2) 
PARAMETRIC_REPRESENTATION_CONTEXT() REPRESENTATION_CONTEXT('2D SPACE',''
  ) );
#14361 = PCURVE('',#2803,#14362);
#14362 = DEFINITIONAL_REPRESENTATION('',(#14363),#14367);
#14363 = LINE('',#14364,#14365);
#14364 = CARTESIAN_POINT('',(0.,-0.));
#14365 = VECTOR('',#14366,1.);
#14366 = DIRECTION('',(0.,1.));
#14367 = ( GEOMETRIC_REPRESENTATION_CONTEXT(2) 
PARAMETRIC_REPRESENTATION_CONTEXT() REPRESENTATION_CONTEXT('2D SPACE',''
  ) );
#14368 = ORIENTED_EDGE('',*,*,#2782,.T.);
#14369 = ORIENTED_EDGE('',*,*,#14348,.T.);
#14370 = ADVANCED_FACE('',(#14371),#2838,.F.);
#14371 = FACE_BOUND('',#14372,.F.);
#14372 = EDGE_LOOP('',(#14373,#14374,#14395,#14396));
#14373 = ORIENTED_EDGE('',*,*,#8999,.F.);
#14374 = ORIENTED_EDGE('',*,*,#14375,.F.);
#14375 = EDGE_CURVE('',#2818,#9000,#14376,.T.);
#14376 = SEAM_CURVE('',#14377,(#14381,#14388),.PCURVE_S1.);
#14377 = LINE('',#14378,#14379);
#14378 = CARTESIAN_POINT('',(276.22,-149.46,-1.E-02));
#14379 = VECTOR('',#14380,1.);
#14380 = DIRECTION('',(0.,0.,1.));
#14381 = PCURVE('',#2838,#14382);
#14382 = DEFINITIONAL_REPRESENTATION('',(#14383),#14387);
#14383 = LINE('',#14384,#14385);
#14384 = CARTESIAN_POINT('',(6.28318530718,-0.));
#14385 = VECTOR('',#14386,1.);
#14386 = DIRECTION('',(0.,1.));
#14387 = ( GEOMETRIC_REPRESENTATION_CONTEXT(2) 
PARAMETRIC_REPRESENTATION_CONTEXT() REPRESENTATION_CONTEXT('2D SPACE',''
  ) );
#14388 = PCURVE('',#2838,#14389);
#14389 = DEFINITIONAL_REPRESENTATION('',(#14390),#14394);
#14390 = LINE('',#14391,#14392);
#14391 = CARTESIAN_POINT('',(0.,-0.));
#14392 = VECTOR('',#14393,1.);
#14393 = DIRECTION('',(0.,1.));
#14394 = ( GEOMETRIC_REPRESENTATION_CONTEXT(2) 
PARAMETRIC_REPRESENTATION_CONTEXT() REPRESENTATION_CONTEXT('2D SPACE',''
  ) );
#14395 = ORIENTED_EDGE('',*,*,#2817,.T.);
#14396 = ORIENTED_EDGE('',*,*,#14375,.T.);
#14397 = ADVANCED_FACE('',(#14398),#2873,.F.);
#14398 = FACE_BOUND('',#14399,.F.);
#14399 = EDGE_LOOP('',(#14400,#14401,#14422,#14423));
#14400 = ORIENTED_EDGE('',*,*,#9029,.F.);
#14401 = ORIENTED_EDGE('',*,*,#14402,.F.);
#14402 = EDGE_CURVE('',#2853,#9030,#14403,.T.);
#14403 = SEAM_CURVE('',#14404,(#14408,#14415),.PCURVE_S1.);
#14404 = LINE('',#14405,#14406);
#14405 = CARTESIAN_POINT('',(273.68,-149.46,-1.E-02));
#14406 = VECTOR('',#14407,1.);
#14407 = DIRECTION('',(0.,0.,1.));
#14408 = PCURVE('',#2873,#14409);
#14409 = DEFINITIONAL_REPRESENTATION('',(#14410),#14414);
#14410 = LINE('',#14411,#14412);
#14411 = CARTESIAN_POINT('',(6.28318530718,-0.));
#14412 = VECTOR('',#14413,1.);
#14413 = DIRECTION('',(0.,1.));
#14414 = ( GEOMETRIC_REPRESENTATION_CONTEXT(2) 
PARAMETRIC_REPRESENTATION_CONTEXT() REPRESENTATION_CONTEXT('2D SPACE',''
  ) );
#14415 = PCURVE('',#2873,#14416);
#14416 = DEFINITIONAL_REPRESENTATION('',(#14417),#14421);
#14417 = LINE('',#14418,#14419);
#14418 = CARTESIAN_POINT('',(0.,-0.));
#14419 = VECTOR('',#14420,1.);
#14420 = DIRECTION('',(0.,1.));
#14421 = ( GEOMETRIC_REPRESENTATION_CONTEXT(2) 
PARAMETRIC_REPRESENTATION_CONTEXT() REPRESENTATION_CONTEXT('2D SPACE',''
  ) );
#14422 = ORIENTED_EDGE('',*,*,#2852,.T.);
#14423 = ORIENTED_EDGE('',*,*,#14402,.T.);
#14424 = ADVANCED_FACE('',(#14425),#2908,.F.);
#14425 = FACE_BOUND('',#14426,.F.);
#14426 = EDGE_LOOP('',(#14427,#14428,#14449,#14450));
#14427 = ORIENTED_EDGE('',*,*,#9059,.F.);
#14428 = ORIENTED_EDGE('',*,*,#14429,.F.);
#14429 = EDGE_CURVE('',#2888,#9060,#14430,.T.);
#14430 = SEAM_CURVE('',#14431,(#14435,#14442),.PCURVE_S1.);
#14431 = LINE('',#14432,#14433);
#14432 = CARTESIAN_POINT('',(271.14,-149.46,-1.E-02));
#14433 = VECTOR('',#14434,1.);
#14434 = DIRECTION('',(0.,0.,1.));
#14435 = PCURVE('',#2908,#14436);
#14436 = DEFINITIONAL_REPRESENTATION('',(#14437),#14441);
#14437 = LINE('',#14438,#14439);
#14438 = CARTESIAN_POINT('',(6.28318530718,-0.));
#14439 = VECTOR('',#14440,1.);
#14440 = DIRECTION('',(0.,1.));
#14441 = ( GEOMETRIC_REPRESENTATION_CONTEXT(2) 
PARAMETRIC_REPRESENTATION_CONTEXT() REPRESENTATION_CONTEXT('2D SPACE',''
  ) );
#14442 = PCURVE('',#2908,#14443);
#14443 = DEFINITIONAL_REPRESENTATION('',(#14444),#14448);
#14444 = LINE('',#14445,#14446);
#14445 = CARTESIAN_POINT('',(0.,-0.));
#14446 = VECTOR('',#14447,1.);
#14447 = DIRECTION('',(0.,1.));
#14448 = ( GEOMETRIC_REPRESENTATION_CONTEXT(2) 
PARAMETRIC_REPRESENTATION_CONTEXT() REPRESENTATION_CONTEXT('2D SPACE',''
  ) );
#14449 = ORIENTED_EDGE('',*,*,#2887,.T.);
#14450 = ORIENTED_EDGE('',*,*,#14429,.T.);
#14451 = ADVANCED_FACE('',(#14452),#2943,.F.);
#14452 = FACE_BOUND('',#14453,.F.);
#14453 = EDGE_LOOP('',(#14454,#14455,#14476,#14477));
#14454 = ORIENTED_EDGE('',*,*,#9089,.F.);
#14455 = ORIENTED_EDGE('',*,*,#14456,.F.);
#14456 = EDGE_CURVE('',#2923,#9090,#14457,.T.);
#14457 = SEAM_CURVE('',#14458,(#14462,#14469),.PCURVE_S1.);
#14458 = LINE('',#14459,#14460);
#14459 = CARTESIAN_POINT('',(268.6,-152.,-1.E-02));
#14460 = VECTOR('',#14461,1.);
#14461 = DIRECTION('',(0.,0.,1.));
#14462 = PCURVE('',#2943,#14463);
#14463 = DEFINITIONAL_REPRESENTATION('',(#14464),#14468);
#14464 = LINE('',#14465,#14466);
#14465 = CARTESIAN_POINT('',(6.28318530718,-0.));
#14466 = VECTOR('',#14467,1.);
#14467 = DIRECTION('',(0.,1.));
#14468 = ( GEOMETRIC_REPRESENTATION_CONTEXT(2) 
PARAMETRIC_REPRESENTATION_CONTEXT() REPRESENTATION_CONTEXT('2D SPACE',''
  ) );
#14469 = PCURVE('',#2943,#14470);
#14470 = DEFINITIONAL_REPRESENTATION('',(#14471),#14475);
#14471 = LINE('',#14472,#14473);
#14472 = CARTESIAN_POINT('',(0.,-0.));
#14473 = VECTOR('',#14474,1.);
#14474 = DIRECTION('',(0.,1.));
#14475 = ( GEOMETRIC_REPRESENTATION_CONTEXT(2) 
PARAMETRIC_REPRESENTATION_CONTEXT() REPRESENTATION_CONTEXT('2D SPACE',''
  ) );
#14476 = ORIENTED_EDGE('',*,*,#2922,.T.);
#14477 = ORIENTED_EDGE('',*,*,#14456,.T.);
#14478 = ADVANCED_FACE('',(#14479),#2978,.F.);
#14479 = FACE_BOUND('',#14480,.F.);
#14480 = EDGE_LOOP('',(#14481,#14482,#14503,#14504));
#14481 = ORIENTED_EDGE('',*,*,#9119,.F.);
#14482 = ORIENTED_EDGE('',*,*,#14483,.F.);
#14483 = EDGE_CURVE('',#2958,#9120,#14484,.T.);
#14484 = SEAM_CURVE('',#14485,(#14489,#14496),.PCURVE_S1.);
#14485 = LINE('',#14486,#14487);
#14486 = CARTESIAN_POINT('',(266.06,-152.,-1.E-02));
#14487 = VECTOR('',#14488,1.);
#14488 = DIRECTION('',(0.,0.,1.));
#14489 = PCURVE('',#2978,#14490);
#14490 = DEFINITIONAL_REPRESENTATION('',(#14491),#14495);
#14491 = LINE('',#14492,#14493);
#14492 = CARTESIAN_POINT('',(6.28318530718,-0.));
#14493 = VECTOR('',#14494,1.);
#14494 = DIRECTION('',(0.,1.));
#14495 = ( GEOMETRIC_REPRESENTATION_CONTEXT(2) 
PARAMETRIC_REPRESENTATION_CONTEXT() REPRESENTATION_CONTEXT('2D SPACE',''
  ) );
#14496 = PCURVE('',#2978,#14497);
#14497 = DEFINITIONAL_REPRESENTATION('',(#14498),#14502);
#14498 = LINE('',#14499,#14500);
#14499 = CARTESIAN_POINT('',(0.,-0.));
#14500 = VECTOR('',#14501,1.);
#14501 = DIRECTION('',(0.,1.));
#14502 = ( GEOMETRIC_REPRESENTATION_CONTEXT(2) 
PARAMETRIC_REPRESENTATION_CONTEXT() REPRESENTATION_CONTEXT('2D SPACE',''
  ) );
#14503 = ORIENTED_EDGE('',*,*,#2957,.T.);
#14504 = ORIENTED_EDGE('',*,*,#14483,.T.);
#14505 = ADVANCED_FACE('',(#14506),#3013,.F.);
#14506 = FACE_BOUND('',#14507,.F.);
#14507 = EDGE_LOOP('',(#14508,#14509,#14530,#14531));
#14508 = ORIENTED_EDGE('',*,*,#9149,.F.);
#14509 = ORIENTED_EDGE('',*,*,#14510,.F.);
#14510 = EDGE_CURVE('',#2993,#9150,#14511,.T.);
#14511 = SEAM_CURVE('',#14512,(#14516,#14523),.PCURVE_S1.);
#14512 = LINE('',#14513,#14514);
#14513 = CARTESIAN_POINT('',(263.52,-152.,-1.E-02));
#14514 = VECTOR('',#14515,1.);
#14515 = DIRECTION('',(0.,0.,1.));
#14516 = PCURVE('',#3013,#14517);
#14517 = DEFINITIONAL_REPRESENTATION('',(#14518),#14522);
#14518 = LINE('',#14519,#14520);
#14519 = CARTESIAN_POINT('',(6.28318530718,-0.));
#14520 = VECTOR('',#14521,1.);
#14521 = DIRECTION('',(0.,1.));
#14522 = ( GEOMETRIC_REPRESENTATION_CONTEXT(2) 
PARAMETRIC_REPRESENTATION_CONTEXT() REPRESENTATION_CONTEXT('2D SPACE',''
  ) );
#14523 = PCURVE('',#3013,#14524);
#14524 = DEFINITIONAL_REPRESENTATION('',(#14525),#14529);
#14525 = LINE('',#14526,#14527);
#14526 = CARTESIAN_POINT('',(0.,-0.));
#14527 = VECTOR('',#14528,1.);
#14528 = DIRECTION('',(0.,1.));
#14529 = ( GEOMETRIC_REPRESENTATION_CONTEXT(2) 
PARAMETRIC_REPRESENTATION_CONTEXT() REPRESENTATION_CONTEXT('2D SPACE',''
  ) );
#14530 = ORIENTED_EDGE('',*,*,#2992,.T.);
#14531 = ORIENTED_EDGE('',*,*,#14510,.T.);
#14532 = ADVANCED_FACE('',(#14533),#3048,.F.);
#14533 = FACE_BOUND('',#14534,.F.);
#14534 = EDGE_LOOP('',(#14535,#14536,#14557,#14558));
#14535 = ORIENTED_EDGE('',*,*,#9179,.F.);
#14536 = ORIENTED_EDGE('',*,*,#14537,.F.);
#14537 = EDGE_CURVE('',#3028,#9180,#14538,.T.);
#14538 = SEAM_CURVE('',#14539,(#14543,#14550),.PCURVE_S1.);
#14539 = LINE('',#14540,#14541);
#14540 = CARTESIAN_POINT('',(260.98,-152.,-1.E-02));
#14541 = VECTOR('',#14542,1.);
#14542 = DIRECTION('',(0.,0.,1.));
#14543 = PCURVE('',#3048,#14544);
#14544 = DEFINITIONAL_REPRESENTATION('',(#14545),#14549);
#14545 = LINE('',#14546,#14547);
#14546 = CARTESIAN_POINT('',(6.28318530718,-0.));
#14547 = VECTOR('',#14548,1.);
#14548 = DIRECTION('',(0.,1.));
#14549 = ( GEOMETRIC_REPRESENTATION_CONTEXT(2) 
PARAMETRIC_REPRESENTATION_CONTEXT() REPRESENTATION_CONTEXT('2D SPACE',''
  ) );
#14550 = PCURVE('',#3048,#14551);
#14551 = DEFINITIONAL_REPRESENTATION('',(#14552),#14556);
#14552 = LINE('',#14553,#14554);
#14553 = CARTESIAN_POINT('',(0.,-0.));
#14554 = VECTOR('',#14555,1.);
#14555 = DIRECTION('',(0.,1.));
#14556 = ( GEOMETRIC_REPRESENTATION_CONTEXT(2) 
PARAMETRIC_REPRESENTATION_CONTEXT() REPRESENTATION_CONTEXT('2D SPACE',''
  ) );
#14557 = ORIENTED_EDGE('',*,*,#3027,.T.);
#14558 = ORIENTED_EDGE('',*,*,#14537,.T.);
#14559 = ADVANCED_FACE('',(#14560),#3083,.F.);
#14560 = FACE_BOUND('',#14561,.F.);
#14561 = EDGE_LOOP('',(#14562,#14563,#14584,#14585));
#14562 = ORIENTED_EDGE('',*,*,#9209,.F.);
#14563 = ORIENTED_EDGE('',*,*,#14564,.F.);
#14564 = EDGE_CURVE('',#3063,#9210,#14565,.T.);
#14565 = SEAM_CURVE('',#14566,(#14570,#14577),.PCURVE_S1.);
#14566 = LINE('',#14567,#14568);
#14567 = CARTESIAN_POINT('',(258.44,-152.,-1.E-02));
#14568 = VECTOR('',#14569,1.);
#14569 = DIRECTION('',(0.,0.,1.));
#14570 = PCURVE('',#3083,#14571);
#14571 = DEFINITIONAL_REPRESENTATION('',(#14572),#14576);
#14572 = LINE('',#14573,#14574);
#14573 = CARTESIAN_POINT('',(6.28318530718,-0.));
#14574 = VECTOR('',#14575,1.);
#14575 = DIRECTION('',(0.,1.));
#14576 = ( GEOMETRIC_REPRESENTATION_CONTEXT(2) 
PARAMETRIC_REPRESENTATION_CONTEXT() REPRESENTATION_CONTEXT('2D SPACE',''
  ) );
#14577 = PCURVE('',#3083,#14578);
#14578 = DEFINITIONAL_REPRESENTATION('',(#14579),#14583);
#14579 = LINE('',#14580,#14581);
#14580 = CARTESIAN_POINT('',(0.,-0.));
#14581 = VECTOR('',#14582,1.);
#14582 = DIRECTION('',(0.,1.));
#14583 = ( GEOMETRIC_REPRESENTATION_CONTEXT(2) 
PARAMETRIC_REPRESENTATION_CONTEXT() REPRESENTATION_CONTEXT('2D SPACE',''
  ) );
#14584 = ORIENTED_EDGE('',*,*,#3062,.T.);
#14585 = ORIENTED_EDGE('',*,*,#14564,.T.);
#14586 = ADVANCED_FACE('',(#14587),#3118,.F.);
#14587 = FACE_BOUND('',#14588,.F.);
#14588 = EDGE_LOOP('',(#14589,#14590,#14611,#14612));
#14589 = ORIENTED_EDGE('',*,*,#9239,.F.);
#14590 = ORIENTED_EDGE('',*,*,#14591,.F.);
#14591 = EDGE_CURVE('',#3098,#9240,#14592,.T.);
#14592 = SEAM_CURVE('',#14593,(#14597,#14604),.PCURVE_S1.);
#14593 = LINE('',#14594,#14595);
#14594 = CARTESIAN_POINT('',(255.9,-152.,-1.E-02));
#14595 = VECTOR('',#14596,1.);
#14596 = DIRECTION('',(0.,0.,1.));
#14597 = PCURVE('',#3118,#14598);
#14598 = DEFINITIONAL_REPRESENTATION('',(#14599),#14603);
#14599 = LINE('',#14600,#14601);
#14600 = CARTESIAN_POINT('',(6.28318530718,-0.));
#14601 = VECTOR('',#14602,1.);
#14602 = DIRECTION('',(0.,1.));
#14603 = ( GEOMETRIC_REPRESENTATION_CONTEXT(2) 
PARAMETRIC_REPRESENTATION_CONTEXT() REPRESENTATION_CONTEXT('2D SPACE',''
  ) );
#14604 = PCURVE('',#3118,#14605);
#14605 = DEFINITIONAL_REPRESENTATION('',(#14606),#14610);
#14606 = LINE('',#14607,#14608);
#14607 = CARTESIAN_POINT('',(0.,-0.));
#14608 = VECTOR('',#14609,1.);
#14609 = DIRECTION('',(0.,1.));
#14610 = ( GEOMETRIC_REPRESENTATION_CONTEXT(2) 
PARAMETRIC_REPRESENTATION_CONTEXT() REPRESENTATION_CONTEXT('2D SPACE',''
  ) );
#14611 = ORIENTED_EDGE('',*,*,#3097,.T.);
#14612 = ORIENTED_EDGE('',*,*,#14591,.T.);
#14613 = ADVANCED_FACE('',(#14614),#3153,.F.);
#14614 = FACE_BOUND('',#14615,.F.);
#14615 = EDGE_LOOP('',(#14616,#14617,#14638,#14639));
#14616 = ORIENTED_EDGE('',*,*,#9269,.F.);
#14617 = ORIENTED_EDGE('',*,*,#14618,.F.);
#14618 = EDGE_CURVE('',#3133,#9270,#14619,.T.);
#14619 = SEAM_CURVE('',#14620,(#14624,#14631),.PCURVE_S1.);
#14620 = LINE('',#14621,#14622);
#14621 = CARTESIAN_POINT('',(253.36,-152.,-1.E-02));
#14622 = VECTOR('',#14623,1.);
#14623 = DIRECTION('',(0.,0.,1.));
#14624 = PCURVE('',#3153,#14625);
#14625 = DEFINITIONAL_REPRESENTATION('',(#14626),#14630);
#14626 = LINE('',#14627,#14628);
#14627 = CARTESIAN_POINT('',(6.28318530718,-0.));
#14628 = VECTOR('',#14629,1.);
#14629 = DIRECTION('',(0.,1.));
#14630 = ( GEOMETRIC_REPRESENTATION_CONTEXT(2) 
PARAMETRIC_REPRESENTATION_CONTEXT() REPRESENTATION_CONTEXT('2D SPACE',''
  ) );
#14631 = PCURVE('',#3153,#14632);
#14632 = DEFINITIONAL_REPRESENTATION('',(#14633),#14637);
#14633 = LINE('',#14634,#14635);
#14634 = CARTESIAN_POINT('',(0.,-0.));
#14635 = VECTOR('',#14636,1.);
#14636 = DIRECTION('',(0.,1.));
#14637 = ( GEOMETRIC_REPRESENTATION_CONTEXT(2) 
PARAMETRIC_REPRESENTATION_CONTEXT() REPRESENTATION_CONTEXT('2D SPACE',''
  ) );
#14638 = ORIENTED_EDGE('',*,*,#3132,.T.);
#14639 = ORIENTED_EDGE('',*,*,#14618,.T.);
#14640 = ADVANCED_FACE('',(#14641),#3188,.F.);
#14641 = FACE_BOUND('',#14642,.F.);
#14642 = EDGE_LOOP('',(#14643,#14644,#14665,#14666));
#14643 = ORIENTED_EDGE('',*,*,#9299,.F.);
#14644 = ORIENTED_EDGE('',*,*,#14645,.F.);
#14645 = EDGE_CURVE('',#3168,#9300,#14646,.T.);
#14646 = SEAM_CURVE('',#14647,(#14651,#14658),.PCURVE_S1.);
#14647 = LINE('',#14648,#14649);
#14648 = CARTESIAN_POINT('',(250.82,-152.,-1.E-02));
#14649 = VECTOR('',#14650,1.);
#14650 = DIRECTION('',(0.,0.,1.));
#14651 = PCURVE('',#3188,#14652);
#14652 = DEFINITIONAL_REPRESENTATION('',(#14653),#14657);
#14653 = LINE('',#14654,#14655);
#14654 = CARTESIAN_POINT('',(6.28318530718,-0.));
#14655 = VECTOR('',#14656,1.);
#14656 = DIRECTION('',(0.,1.));
#14657 = ( GEOMETRIC_REPRESENTATION_CONTEXT(2) 
PARAMETRIC_REPRESENTATION_CONTEXT() REPRESENTATION_CONTEXT('2D SPACE',''
  ) );
#14658 = PCURVE('',#3188,#14659);
#14659 = DEFINITIONAL_REPRESENTATION('',(#14660),#14664);
#14660 = LINE('',#14661,#14662);
#14661 = CARTESIAN_POINT('',(0.,-0.));
#14662 = VECTOR('',#14663,1.);
#14663 = DIRECTION('',(0.,1.));
#14664 = ( GEOMETRIC_REPRESENTATION_CONTEXT(2) 
PARAMETRIC_REPRESENTATION_CONTEXT() REPRESENTATION_CONTEXT('2D SPACE',''
  ) );
#14665 = ORIENTED_EDGE('',*,*,#3167,.T.);
#14666 = ORIENTED_EDGE('',*,*,#14645,.T.);
#14667 = ADVANCED_FACE('',(#14668),#3223,.F.);
#14668 = FACE_BOUND('',#14669,.F.);
#14669 = EDGE_LOOP('',(#14670,#14671,#14692,#14693));
#14670 = ORIENTED_EDGE('',*,*,#9329,.F.);
#14671 = ORIENTED_EDGE('',*,*,#14672,.F.);
#14672 = EDGE_CURVE('',#3203,#9330,#14673,.T.);
#14673 = SEAM_CURVE('',#14674,(#14678,#14685),.PCURVE_S1.);
#14674 = LINE('',#14675,#14676);
#14675 = CARTESIAN_POINT('',(248.28,-152.,-1.E-02));
#14676 = VECTOR('',#14677,1.);
#14677 = DIRECTION('',(0.,0.,1.));
#14678 = PCURVE('',#3223,#14679);
#14679 = DEFINITIONAL_REPRESENTATION('',(#14680),#14684);
#14680 = LINE('',#14681,#14682);
#14681 = CARTESIAN_POINT('',(6.28318530718,-0.));
#14682 = VECTOR('',#14683,1.);
#14683 = DIRECTION('',(0.,1.));
#14684 = ( GEOMETRIC_REPRESENTATION_CONTEXT(2) 
PARAMETRIC_REPRESENTATION_CONTEXT() REPRESENTATION_CONTEXT('2D SPACE',''
  ) );
#14685 = PCURVE('',#3223,#14686);
#14686 = DEFINITIONAL_REPRESENTATION('',(#14687),#14691);
#14687 = LINE('',#14688,#14689);
#14688 = CARTESIAN_POINT('',(0.,-0.));
#14689 = VECTOR('',#14690,1.);
#14690 = DIRECTION('',(0.,1.));
#14691 = ( GEOMETRIC_REPRESENTATION_CONTEXT(2) 
PARAMETRIC_REPRESENTATION_CONTEXT() REPRESENTATION_CONTEXT('2D SPACE',''
  ) );
#14692 = ORIENTED_EDGE('',*,*,#3202,.T.);
#14693 = ORIENTED_EDGE('',*,*,#14672,.T.);
#14694 = ADVANCED_FACE('',(#14695),#3258,.F.);
#14695 = FACE_BOUND('',#14696,.F.);
#14696 = EDGE_LOOP('',(#14697,#14698,#14719,#14720));
#14697 = ORIENTED_EDGE('',*,*,#9359,.F.);
#14698 = ORIENTED_EDGE('',*,*,#14699,.F.);
#14699 = EDGE_CURVE('',#3238,#9360,#14700,.T.);
#14700 = SEAM_CURVE('',#14701,(#14705,#14712),.PCURVE_S1.);
#14701 = LINE('',#14702,#14703);
#14702 = CARTESIAN_POINT('',(268.6,-149.46,-1.E-02));
#14703 = VECTOR('',#14704,1.);
#14704 = DIRECTION('',(0.,0.,1.));
#14705 = PCURVE('',#3258,#14706);
#14706 = DEFINITIONAL_REPRESENTATION('',(#14707),#14711);
#14707 = LINE('',#14708,#14709);
#14708 = CARTESIAN_POINT('',(6.28318530718,-0.));
#14709 = VECTOR('',#14710,1.);
#14710 = DIRECTION('',(0.,1.));
#14711 = ( GEOMETRIC_REPRESENTATION_CONTEXT(2) 
PARAMETRIC_REPRESENTATION_CONTEXT() REPRESENTATION_CONTEXT('2D SPACE',''
  ) );
#14712 = PCURVE('',#3258,#14713);
#14713 = DEFINITIONAL_REPRESENTATION('',(#14714),#14718);
#14714 = LINE('',#14715,#14716);
#14715 = CARTESIAN_POINT('',(0.,-0.));
#14716 = VECTOR('',#14717,1.);
#14717 = DIRECTION('',(0.,1.));
#14718 = ( GEOMETRIC_REPRESENTATION_CONTEXT(2) 
PARAMETRIC_REPRESENTATION_CONTEXT() REPRESENTATION_CONTEXT('2D SPACE',''
  ) );
#14719 = ORIENTED_EDGE('',*,*,#3237,.T.);
#14720 = ORIENTED_EDGE('',*,*,#14699,.T.);
#14721 = ADVANCED_FACE('',(#14722),#3293,.F.);
#14722 = FACE_BOUND('',#14723,.F.);
#14723 = EDGE_LOOP('',(#14724,#14725,#14746,#14747));
#14724 = ORIENTED_EDGE('',*,*,#9389,.F.);
#14725 = ORIENTED_EDGE('',*,*,#14726,.F.);
#14726 = EDGE_CURVE('',#3273,#9390,#14727,.T.);
#14727 = SEAM_CURVE('',#14728,(#14732,#14739),.PCURVE_S1.);
#14728 = LINE('',#14729,#14730);
#14729 = CARTESIAN_POINT('',(266.06,-149.46,-1.E-02));
#14730 = VECTOR('',#14731,1.);
#14731 = DIRECTION('',(0.,0.,1.));
#14732 = PCURVE('',#3293,#14733);
#14733 = DEFINITIONAL_REPRESENTATION('',(#14734),#14738);
#14734 = LINE('',#14735,#14736);
#14735 = CARTESIAN_POINT('',(6.28318530718,-0.));
#14736 = VECTOR('',#14737,1.);
#14737 = DIRECTION('',(0.,1.));
#14738 = ( GEOMETRIC_REPRESENTATION_CONTEXT(2) 
PARAMETRIC_REPRESENTATION_CONTEXT() REPRESENTATION_CONTEXT('2D SPACE',''
  ) );
#14739 = PCURVE('',#3293,#14740);
#14740 = DEFINITIONAL_REPRESENTATION('',(#14741),#14745);
#14741 = LINE('',#14742,#14743);
#14742 = CARTESIAN_POINT('',(0.,-0.));
#14743 = VECTOR('',#14744,1.);
#14744 = DIRECTION('',(0.,1.));
#14745 = ( GEOMETRIC_REPRESENTATION_CONTEXT(2) 
PARAMETRIC_REPRESENTATION_CONTEXT() REPRESENTATION_CONTEXT('2D SPACE',''
  ) );
#14746 = ORIENTED_EDGE('',*,*,#3272,.T.);
#14747 = ORIENTED_EDGE('',*,*,#14726,.T.);
#14748 = ADVANCED_FACE('',(#14749),#3328,.F.);
#14749 = FACE_BOUND('',#14750,.F.);
#14750 = EDGE_LOOP('',(#14751,#14752,#14773,#14774));
#14751 = ORIENTED_EDGE('',*,*,#9419,.F.);
#14752 = ORIENTED_EDGE('',*,*,#14753,.F.);
#14753 = EDGE_CURVE('',#3308,#9420,#14754,.T.);
#14754 = SEAM_CURVE('',#14755,(#14759,#14766),.PCURVE_S1.);
#14755 = LINE('',#14756,#14757);
#14756 = CARTESIAN_POINT('',(263.52,-149.46,-1.E-02));
#14757 = VECTOR('',#14758,1.);
#14758 = DIRECTION('',(0.,0.,1.));
#14759 = PCURVE('',#3328,#14760);
#14760 = DEFINITIONAL_REPRESENTATION('',(#14761),#14765);
#14761 = LINE('',#14762,#14763);
#14762 = CARTESIAN_POINT('',(6.28318530718,-0.));
#14763 = VECTOR('',#14764,1.);
#14764 = DIRECTION('',(0.,1.));
#14765 = ( GEOMETRIC_REPRESENTATION_CONTEXT(2) 
PARAMETRIC_REPRESENTATION_CONTEXT() REPRESENTATION_CONTEXT('2D SPACE',''
  ) );
#14766 = PCURVE('',#3328,#14767);
#14767 = DEFINITIONAL_REPRESENTATION('',(#14768),#14772);
#14768 = LINE('',#14769,#14770);
#14769 = CARTESIAN_POINT('',(0.,-0.));
#14770 = VECTOR('',#14771,1.);
#14771 = DIRECTION('',(0.,1.));
#14772 = ( GEOMETRIC_REPRESENTATION_CONTEXT(2) 
PARAMETRIC_REPRESENTATION_CONTEXT() REPRESENTATION_CONTEXT('2D SPACE',''
  ) );
#14773 = ORIENTED_EDGE('',*,*,#3307,.T.);
#14774 = ORIENTED_EDGE('',*,*,#14753,.T.);
#14775 = ADVANCED_FACE('',(#14776),#3363,.F.);
#14776 = FACE_BOUND('',#14777,.F.);
#14777 = EDGE_LOOP('',(#14778,#14779,#14800,#14801));
#14778 = ORIENTED_EDGE('',*,*,#9449,.F.);
#14779 = ORIENTED_EDGE('',*,*,#14780,.F.);
#14780 = EDGE_CURVE('',#3343,#9450,#14781,.T.);
#14781 = SEAM_CURVE('',#14782,(#14786,#14793),.PCURVE_S1.);
#14782 = LINE('',#14783,#14784);
#14783 = CARTESIAN_POINT('',(260.98,-149.46,-1.E-02));
#14784 = VECTOR('',#14785,1.);
#14785 = DIRECTION('',(0.,0.,1.));
#14786 = PCURVE('',#3363,#14787);
#14787 = DEFINITIONAL_REPRESENTATION('',(#14788),#14792);
#14788 = LINE('',#14789,#14790);
#14789 = CARTESIAN_POINT('',(6.28318530718,-0.));
#14790 = VECTOR('',#14791,1.);
#14791 = DIRECTION('',(0.,1.));
#14792 = ( GEOMETRIC_REPRESENTATION_CONTEXT(2) 
PARAMETRIC_REPRESENTATION_CONTEXT() REPRESENTATION_CONTEXT('2D SPACE',''
  ) );
#14793 = PCURVE('',#3363,#14794);
#14794 = DEFINITIONAL_REPRESENTATION('',(#14795),#14799);
#14795 = LINE('',#14796,#14797);
#14796 = CARTESIAN_POINT('',(0.,-0.));
#14797 = VECTOR('',#14798,1.);
#14798 = DIRECTION('',(0.,1.));
#14799 = ( GEOMETRIC_REPRESENTATION_CONTEXT(2) 
PARAMETRIC_REPRESENTATION_CONTEXT() REPRESENTATION_CONTEXT('2D SPACE',''
  ) );
#14800 = ORIENTED_EDGE('',*,*,#3342,.T.);
#14801 = ORIENTED_EDGE('',*,*,#14780,.T.);
#14802 = ADVANCED_FACE('',(#14803),#3398,.F.);
#14803 = FACE_BOUND('',#14804,.F.);
#14804 = EDGE_LOOP('',(#14805,#14806,#14827,#14828));
#14805 = ORIENTED_EDGE('',*,*,#9479,.F.);
#14806 = ORIENTED_EDGE('',*,*,#14807,.F.);
#14807 = EDGE_CURVE('',#3378,#9480,#14808,.T.);
#14808 = SEAM_CURVE('',#14809,(#14813,#14820),.PCURVE_S1.);
#14809 = LINE('',#14810,#14811);
#14810 = CARTESIAN_POINT('',(258.44,-149.46,-1.E-02));
#14811 = VECTOR('',#14812,1.);
#14812 = DIRECTION('',(0.,0.,1.));
#14813 = PCURVE('',#3398,#14814);
#14814 = DEFINITIONAL_REPRESENTATION('',(#14815),#14819);
#14815 = LINE('',#14816,#14817);
#14816 = CARTESIAN_POINT('',(6.28318530718,-0.));
#14817 = VECTOR('',#14818,1.);
#14818 = DIRECTION('',(0.,1.));
#14819 = ( GEOMETRIC_REPRESENTATION_CONTEXT(2) 
PARAMETRIC_REPRESENTATION_CONTEXT() REPRESENTATION_CONTEXT('2D SPACE',''
  ) );
#14820 = PCURVE('',#3398,#14821);
#14821 = DEFINITIONAL_REPRESENTATION('',(#14822),#14826);
#14822 = LINE('',#14823,#14824);
#14823 = CARTESIAN_POINT('',(0.,-0.));
#14824 = VECTOR('',#14825,1.);
#14825 = DIRECTION('',(0.,1.));
#14826 = ( GEOMETRIC_REPRESENTATION_CONTEXT(2) 
PARAMETRIC_REPRESENTATION_CONTEXT() REPRESENTATION_CONTEXT('2D SPACE',''
  ) );
#14827 = ORIENTED_EDGE('',*,*,#3377,.T.);
#14828 = ORIENTED_EDGE('',*,*,#14807,.T.);
#14829 = ADVANCED_FACE('',(#14830),#3433,.F.);
#14830 = FACE_BOUND('',#14831,.F.);
#14831 = EDGE_LOOP('',(#14832,#14833,#14854,#14855));
#14832 = ORIENTED_EDGE('',*,*,#9509,.F.);
#14833 = ORIENTED_EDGE('',*,*,#14834,.F.);
#14834 = EDGE_CURVE('',#3413,#9510,#14835,.T.);
#14835 = SEAM_CURVE('',#14836,(#14840,#14847),.PCURVE_S1.);
#14836 = LINE('',#14837,#14838);
#14837 = CARTESIAN_POINT('',(255.9,-149.46,-1.E-02));
#14838 = VECTOR('',#14839,1.);
#14839 = DIRECTION('',(0.,0.,1.));
#14840 = PCURVE('',#3433,#14841);
#14841 = DEFINITIONAL_REPRESENTATION('',(#14842),#14846);
#14842 = LINE('',#14843,#14844);
#14843 = CARTESIAN_POINT('',(6.28318530718,-0.));
#14844 = VECTOR('',#14845,1.);
#14845 = DIRECTION('',(0.,1.));
#14846 = ( GEOMETRIC_REPRESENTATION_CONTEXT(2) 
PARAMETRIC_REPRESENTATION_CONTEXT() REPRESENTATION_CONTEXT('2D SPACE',''
  ) );
#14847 = PCURVE('',#3433,#14848);
#14848 = DEFINITIONAL_REPRESENTATION('',(#14849),#14853);
#14849 = LINE('',#14850,#14851);
#14850 = CARTESIAN_POINT('',(0.,-0.));
#14851 = VECTOR('',#14852,1.);
#14852 = DIRECTION('',(0.,1.));
#14853 = ( GEOMETRIC_REPRESENTATION_CONTEXT(2) 
PARAMETRIC_REPRESENTATION_CONTEXT() REPRESENTATION_CONTEXT('2D SPACE',''
  ) );
#14854 = ORIENTED_EDGE('',*,*,#3412,.T.);
#14855 = ORIENTED_EDGE('',*,*,#14834,.T.);
#14856 = ADVANCED_FACE('',(#14857),#3468,.F.);
#14857 = FACE_BOUND('',#14858,.F.);
#14858 = EDGE_LOOP('',(#14859,#14860,#14881,#14882));
#14859 = ORIENTED_EDGE('',*,*,#9539,.F.);
#14860 = ORIENTED_EDGE('',*,*,#14861,.F.);
#14861 = EDGE_CURVE('',#3448,#9540,#14862,.T.);
#14862 = SEAM_CURVE('',#14863,(#14867,#14874),.PCURVE_S1.);
#14863 = LINE('',#14864,#14865);
#14864 = CARTESIAN_POINT('',(253.36,-149.46,-1.E-02));
#14865 = VECTOR('',#14866,1.);
#14866 = DIRECTION('',(0.,0.,1.));
#14867 = PCURVE('',#3468,#14868);
#14868 = DEFINITIONAL_REPRESENTATION('',(#14869),#14873);
#14869 = LINE('',#14870,#14871);
#14870 = CARTESIAN_POINT('',(6.28318530718,-0.));
#14871 = VECTOR('',#14872,1.);
#14872 = DIRECTION('',(0.,1.));
#14873 = ( GEOMETRIC_REPRESENTATION_CONTEXT(2) 
PARAMETRIC_REPRESENTATION_CONTEXT() REPRESENTATION_CONTEXT('2D SPACE',''
  ) );
#14874 = PCURVE('',#3468,#14875);
#14875 = DEFINITIONAL_REPRESENTATION('',(#14876),#14880);
#14876 = LINE('',#14877,#14878);
#14877 = CARTESIAN_POINT('',(0.,-0.));
#14878 = VECTOR('',#14879,1.);
#14879 = DIRECTION('',(0.,1.));
#14880 = ( GEOMETRIC_REPRESENTATION_CONTEXT(2) 
PARAMETRIC_REPRESENTATION_CONTEXT() REPRESENTATION_CONTEXT('2D SPACE',''
  ) );
#14881 = ORIENTED_EDGE('',*,*,#3447,.T.);
#14882 = ORIENTED_EDGE('',*,*,#14861,.T.);
#14883 = ADVANCED_FACE('',(#14884),#3503,.F.);
#14884 = FACE_BOUND('',#14885,.F.);
#14885 = EDGE_LOOP('',(#14886,#14887,#14908,#14909));
#14886 = ORIENTED_EDGE('',*,*,#9569,.F.);
#14887 = ORIENTED_EDGE('',*,*,#14888,.F.);
#14888 = EDGE_CURVE('',#3483,#9570,#14889,.T.);
#14889 = SEAM_CURVE('',#14890,(#14894,#14901),.PCURVE_S1.);
#14890 = LINE('',#14891,#14892);
#14891 = CARTESIAN_POINT('',(250.82,-149.46,-1.E-02));
#14892 = VECTOR('',#14893,1.);
#14893 = DIRECTION('',(0.,0.,1.));
#14894 = PCURVE('',#3503,#14895);
#14895 = DEFINITIONAL_REPRESENTATION('',(#14896),#14900);
#14896 = LINE('',#14897,#14898);
#14897 = CARTESIAN_POINT('',(6.28318530718,-0.));
#14898 = VECTOR('',#14899,1.);
#14899 = DIRECTION('',(0.,1.));
#14900 = ( GEOMETRIC_REPRESENTATION_CONTEXT(2) 
PARAMETRIC_REPRESENTATION_CONTEXT() REPRESENTATION_CONTEXT('2D SPACE',''
  ) );
#14901 = PCURVE('',#3503,#14902);
#14902 = DEFINITIONAL_REPRESENTATION('',(#14903),#14907);
#14903 = LINE('',#14904,#14905);
#14904 = CARTESIAN_POINT('',(0.,-0.));
#14905 = VECTOR('',#14906,1.);
#14906 = DIRECTION('',(0.,1.));
#14907 = ( GEOMETRIC_REPRESENTATION_CONTEXT(2) 
PARAMETRIC_REPRESENTATION_CONTEXT() REPRESENTATION_CONTEXT('2D SPACE',''
  ) );
#14908 = ORIENTED_EDGE('',*,*,#3482,.T.);
#14909 = ORIENTED_EDGE('',*,*,#14888,.T.);
#14910 = ADVANCED_FACE('',(#14911),#3538,.F.);
#14911 = FACE_BOUND('',#14912,.F.);
#14912 = EDGE_LOOP('',(#14913,#14914,#14935,#14936));
#14913 = ORIENTED_EDGE('',*,*,#9599,.F.);
#14914 = ORIENTED_EDGE('',*,*,#14915,.F.);
#14915 = EDGE_CURVE('',#3518,#9600,#14916,.T.);
#14916 = SEAM_CURVE('',#14917,(#14921,#14928),.PCURVE_S1.);
#14917 = LINE('',#14918,#14919);
#14918 = CARTESIAN_POINT('',(248.28,-149.46,-1.E-02));
#14919 = VECTOR('',#14920,1.);
#14920 = DIRECTION('',(0.,0.,1.));
#14921 = PCURVE('',#3538,#14922);
#14922 = DEFINITIONAL_REPRESENTATION('',(#14923),#14927);
#14923 = LINE('',#14924,#14925);
#14924 = CARTESIAN_POINT('',(6.28318530718,-0.));
#14925 = VECTOR('',#14926,1.);
#14926 = DIRECTION('',(0.,1.));
#14927 = ( GEOMETRIC_REPRESENTATION_CONTEXT(2) 
PARAMETRIC_REPRESENTATION_CONTEXT() REPRESENTATION_CONTEXT('2D SPACE',''
  ) );
#14928 = PCURVE('',#3538,#14929);
#14929 = DEFINITIONAL_REPRESENTATION('',(#14930),#14934);
#14930 = LINE('',#14931,#14932);
#14931 = CARTESIAN_POINT('',(0.,-0.));
#14932 = VECTOR('',#14933,1.);
#14933 = DIRECTION('',(0.,1.));
#14934 = ( GEOMETRIC_REPRESENTATION_CONTEXT(2) 
PARAMETRIC_REPRESENTATION_CONTEXT() REPRESENTATION_CONTEXT('2D SPACE',''
  ) );
#14935 = ORIENTED_EDGE('',*,*,#3517,.T.);
#14936 = ORIENTED_EDGE('',*,*,#14915,.T.);
#14937 = ADVANCED_FACE('',(#14938),#3573,.F.);
#14938 = FACE_BOUND('',#14939,.F.);
#14939 = EDGE_LOOP('',(#14940,#14941,#14962,#14963));
#14940 = ORIENTED_EDGE('',*,*,#9629,.F.);
#14941 = ORIENTED_EDGE('',*,*,#14942,.F.);
#14942 = EDGE_CURVE('',#3553,#9630,#14943,.T.);
#14943 = SEAM_CURVE('',#14944,(#14948,#14955),.PCURVE_S1.);
#14944 = LINE('',#14945,#14946);
#14945 = CARTESIAN_POINT('',(245.74,-152.,-1.E-02));
#14946 = VECTOR('',#14947,1.);
#14947 = DIRECTION('',(0.,0.,1.));
#14948 = PCURVE('',#3573,#14949);
#14949 = DEFINITIONAL_REPRESENTATION('',(#14950),#14954);
#14950 = LINE('',#14951,#14952);
#14951 = CARTESIAN_POINT('',(6.28318530718,-0.));
#14952 = VECTOR('',#14953,1.);
#14953 = DIRECTION('',(0.,1.));
#14954 = ( GEOMETRIC_REPRESENTATION_CONTEXT(2) 
PARAMETRIC_REPRESENTATION_CONTEXT() REPRESENTATION_CONTEXT('2D SPACE',''
  ) );
#14955 = PCURVE('',#3573,#14956);
#14956 = DEFINITIONAL_REPRESENTATION('',(#14957),#14961);
#14957 = LINE('',#14958,#14959);
#14958 = CARTESIAN_POINT('',(0.,-0.));
#14959 = VECTOR('',#14960,1.);
#14960 = DIRECTION('',(0.,1.));
#14961 = ( GEOMETRIC_REPRESENTATION_CONTEXT(2) 
PARAMETRIC_REPRESENTATION_CONTEXT() REPRESENTATION_CONTEXT('2D SPACE',''
  ) );
#14962 = ORIENTED_EDGE('',*,*,#3552,.T.);
#14963 = ORIENTED_EDGE('',*,*,#14942,.T.);
#14964 = ADVANCED_FACE('',(#14965),#3608,.F.);
#14965 = FACE_BOUND('',#14966,.F.);
#14966 = EDGE_LOOP('',(#14967,#14968,#14989,#14990));
#14967 = ORIENTED_EDGE('',*,*,#9659,.F.);
#14968 = ORIENTED_EDGE('',*,*,#14969,.F.);
#14969 = EDGE_CURVE('',#3588,#9660,#14970,.T.);
#14970 = SEAM_CURVE('',#14971,(#14975,#14982),.PCURVE_S1.);
#14971 = LINE('',#14972,#14973);
#14972 = CARTESIAN_POINT('',(243.2,-152.,-1.E-02));
#14973 = VECTOR('',#14974,1.);
#14974 = DIRECTION('',(0.,0.,1.));
#14975 = PCURVE('',#3608,#14976);
#14976 = DEFINITIONAL_REPRESENTATION('',(#14977),#14981);
#14977 = LINE('',#14978,#14979);
#14978 = CARTESIAN_POINT('',(6.28318530718,-0.));
#14979 = VECTOR('',#14980,1.);
#14980 = DIRECTION('',(0.,1.));
#14981 = ( GEOMETRIC_REPRESENTATION_CONTEXT(2) 
PARAMETRIC_REPRESENTATION_CONTEXT() REPRESENTATION_CONTEXT('2D SPACE',''
  ) );
#14982 = PCURVE('',#3608,#14983);
#14983 = DEFINITIONAL_REPRESENTATION('',(#14984),#14988);
#14984 = LINE('',#14985,#14986);
#14985 = CARTESIAN_POINT('',(0.,-0.));
#14986 = VECTOR('',#14987,1.);
#14987 = DIRECTION('',(0.,1.));
#14988 = ( GEOMETRIC_REPRESENTATION_CONTEXT(2) 
PARAMETRIC_REPRESENTATION_CONTEXT() REPRESENTATION_CONTEXT('2D SPACE',''
  ) );
#14989 = ORIENTED_EDGE('',*,*,#3587,.T.);
#14990 = ORIENTED_EDGE('',*,*,#14969,.T.);
#14991 = ADVANCED_FACE('',(#14992),#3643,.F.);
#14992 = FACE_BOUND('',#14993,.F.);
#14993 = EDGE_LOOP('',(#14994,#14995,#15016,#15017));
#14994 = ORIENTED_EDGE('',*,*,#9689,.F.);
#14995 = ORIENTED_EDGE('',*,*,#14996,.F.);
#14996 = EDGE_CURVE('',#3623,#9690,#14997,.T.);
#14997 = SEAM_CURVE('',#14998,(#15002,#15009),.PCURVE_S1.);
#14998 = LINE('',#14999,#15000);
#14999 = CARTESIAN_POINT('',(240.66,-152.,-1.E-02));
#15000 = VECTOR('',#15001,1.);
#15001 = DIRECTION('',(0.,0.,1.));
#15002 = PCURVE('',#3643,#15003);
#15003 = DEFINITIONAL_REPRESENTATION('',(#15004),#15008);
#15004 = LINE('',#15005,#15006);
#15005 = CARTESIAN_POINT('',(6.28318530718,-0.));
#15006 = VECTOR('',#15007,1.);
#15007 = DIRECTION('',(0.,1.));
#15008 = ( GEOMETRIC_REPRESENTATION_CONTEXT(2) 
PARAMETRIC_REPRESENTATION_CONTEXT() REPRESENTATION_CONTEXT('2D SPACE',''
  ) );
#15009 = PCURVE('',#3643,#15010);
#15010 = DEFINITIONAL_REPRESENTATION('',(#15011),#15015);
#15011 = LINE('',#15012,#15013);
#15012 = CARTESIAN_POINT('',(0.,-0.));
#15013 = VECTOR('',#15014,1.);
#15014 = DIRECTION('',(0.,1.));
#15015 = ( GEOMETRIC_REPRESENTATION_CONTEXT(2) 
PARAMETRIC_REPRESENTATION_CONTEXT() REPRESENTATION_CONTEXT('2D SPACE',''
  ) );
#15016 = ORIENTED_EDGE('',*,*,#3622,.T.);
#15017 = ORIENTED_EDGE('',*,*,#14996,.T.);
#15018 = ADVANCED_FACE('',(#15019),#3678,.F.);
#15019 = FACE_BOUND('',#15020,.F.);
#15020 = EDGE_LOOP('',(#15021,#15022,#15043,#15044));
#15021 = ORIENTED_EDGE('',*,*,#9719,.F.);
#15022 = ORIENTED_EDGE('',*,*,#15023,.F.);
#15023 = EDGE_CURVE('',#3658,#9720,#15024,.T.);
#15024 = SEAM_CURVE('',#15025,(#15029,#15036),.PCURVE_S1.);
#15025 = LINE('',#15026,#15027);
#15026 = CARTESIAN_POINT('',(238.12,-152.,-1.E-02));
#15027 = VECTOR('',#15028,1.);
#15028 = DIRECTION('',(0.,0.,1.));
#15029 = PCURVE('',#3678,#15030);
#15030 = DEFINITIONAL_REPRESENTATION('',(#15031),#15035);
#15031 = LINE('',#15032,#15033);
#15032 = CARTESIAN_POINT('',(6.28318530718,-0.));
#15033 = VECTOR('',#15034,1.);
#15034 = DIRECTION('',(0.,1.));
#15035 = ( GEOMETRIC_REPRESENTATION_CONTEXT(2) 
PARAMETRIC_REPRESENTATION_CONTEXT() REPRESENTATION_CONTEXT('2D SPACE',''
  ) );
#15036 = PCURVE('',#3678,#15037);
#15037 = DEFINITIONAL_REPRESENTATION('',(#15038),#15042);
#15038 = LINE('',#15039,#15040);
#15039 = CARTESIAN_POINT('',(0.,-0.));
#15040 = VECTOR('',#15041,1.);
#15041 = DIRECTION('',(0.,1.));
#15042 = ( GEOMETRIC_REPRESENTATION_CONTEXT(2) 
PARAMETRIC_REPRESENTATION_CONTEXT() REPRESENTATION_CONTEXT('2D SPACE',''
  ) );
#15043 = ORIENTED_EDGE('',*,*,#3657,.T.);
#15044 = ORIENTED_EDGE('',*,*,#15023,.T.);
#15045 = ADVANCED_FACE('',(#15046),#3713,.F.);
#15046 = FACE_BOUND('',#15047,.F.);
#15047 = EDGE_LOOP('',(#15048,#15049,#15070,#15071));
#15048 = ORIENTED_EDGE('',*,*,#9749,.F.);
#15049 = ORIENTED_EDGE('',*,*,#15050,.F.);
#15050 = EDGE_CURVE('',#3693,#9750,#15051,.T.);
#15051 = SEAM_CURVE('',#15052,(#15056,#15063),.PCURVE_S1.);
#15052 = LINE('',#15053,#15054);
#15053 = CARTESIAN_POINT('',(235.58,-152.,-1.E-02));
#15054 = VECTOR('',#15055,1.);
#15055 = DIRECTION('',(0.,0.,1.));
#15056 = PCURVE('',#3713,#15057);
#15057 = DEFINITIONAL_REPRESENTATION('',(#15058),#15062);
#15058 = LINE('',#15059,#15060);
#15059 = CARTESIAN_POINT('',(6.28318530718,-0.));
#15060 = VECTOR('',#15061,1.);
#15061 = DIRECTION('',(0.,1.));
#15062 = ( GEOMETRIC_REPRESENTATION_CONTEXT(2) 
PARAMETRIC_REPRESENTATION_CONTEXT() REPRESENTATION_CONTEXT('2D SPACE',''
  ) );
#15063 = PCURVE('',#3713,#15064);
#15064 = DEFINITIONAL_REPRESENTATION('',(#15065),#15069);
#15065 = LINE('',#15066,#15067);
#15066 = CARTESIAN_POINT('',(0.,-0.));
#15067 = VECTOR('',#15068,1.);
#15068 = DIRECTION('',(0.,1.));
#15069 = ( GEOMETRIC_REPRESENTATION_CONTEXT(2) 
PARAMETRIC_REPRESENTATION_CONTEXT() REPRESENTATION_CONTEXT('2D SPACE',''
  ) );
#15070 = ORIENTED_EDGE('',*,*,#3692,.T.);
#15071 = ORIENTED_EDGE('',*,*,#15050,.T.);
#15072 = ADVANCED_FACE('',(#15073),#3748,.F.);
#15073 = FACE_BOUND('',#15074,.F.);
#15074 = EDGE_LOOP('',(#15075,#15076,#15097,#15098));
#15075 = ORIENTED_EDGE('',*,*,#9779,.F.);
#15076 = ORIENTED_EDGE('',*,*,#15077,.F.);
#15077 = EDGE_CURVE('',#3728,#9780,#15078,.T.);
#15078 = SEAM_CURVE('',#15079,(#15083,#15090),.PCURVE_S1.);
#15079 = LINE('',#15080,#15081);
#15080 = CARTESIAN_POINT('',(233.04,-152.,-1.E-02));
#15081 = VECTOR('',#15082,1.);
#15082 = DIRECTION('',(0.,0.,1.));
#15083 = PCURVE('',#3748,#15084);
#15084 = DEFINITIONAL_REPRESENTATION('',(#15085),#15089);
#15085 = LINE('',#15086,#15087);
#15086 = CARTESIAN_POINT('',(6.28318530718,-0.));
#15087 = VECTOR('',#15088,1.);
#15088 = DIRECTION('',(0.,1.));
#15089 = ( GEOMETRIC_REPRESENTATION_CONTEXT(2) 
PARAMETRIC_REPRESENTATION_CONTEXT() REPRESENTATION_CONTEXT('2D SPACE',''
  ) );
#15090 = PCURVE('',#3748,#15091);
#15091 = DEFINITIONAL_REPRESENTATION('',(#15092),#15096);
#15092 = LINE('',#15093,#15094);
#15093 = CARTESIAN_POINT('',(0.,-0.));
#15094 = VECTOR('',#15095,1.);
#15095 = DIRECTION('',(0.,1.));
#15096 = ( GEOMETRIC_REPRESENTATION_CONTEXT(2) 
PARAMETRIC_REPRESENTATION_CONTEXT() REPRESENTATION_CONTEXT('2D SPACE',''
  ) );
#15097 = ORIENTED_EDGE('',*,*,#3727,.T.);
#15098 = ORIENTED_EDGE('',*,*,#15077,.T.);
#15099 = ADVANCED_FACE('',(#15100),#3783,.F.);
#15100 = FACE_BOUND('',#15101,.F.);
#15101 = EDGE_LOOP('',(#15102,#15103,#15124,#15125));
#15102 = ORIENTED_EDGE('',*,*,#9809,.F.);
#15103 = ORIENTED_EDGE('',*,*,#15104,.F.);
#15104 = EDGE_CURVE('',#3763,#9810,#15105,.T.);
#15105 = SEAM_CURVE('',#15106,(#15110,#15117),.PCURVE_S1.);
#15106 = LINE('',#15107,#15108);
#15107 = CARTESIAN_POINT('',(230.5,-152.,-1.E-02));
#15108 = VECTOR('',#15109,1.);
#15109 = DIRECTION('',(0.,0.,1.));
#15110 = PCURVE('',#3783,#15111);
#15111 = DEFINITIONAL_REPRESENTATION('',(#15112),#15116);
#15112 = LINE('',#15113,#15114);
#15113 = CARTESIAN_POINT('',(6.28318530718,-0.));
#15114 = VECTOR('',#15115,1.);
#15115 = DIRECTION('',(0.,1.));
#15116 = ( GEOMETRIC_REPRESENTATION_CONTEXT(2) 
PARAMETRIC_REPRESENTATION_CONTEXT() REPRESENTATION_CONTEXT('2D SPACE',''
  ) );
#15117 = PCURVE('',#3783,#15118);
#15118 = DEFINITIONAL_REPRESENTATION('',(#15119),#15123);
#15119 = LINE('',#15120,#15121);
#15120 = CARTESIAN_POINT('',(0.,-0.));
#15121 = VECTOR('',#15122,1.);
#15122 = DIRECTION('',(0.,1.));
#15123 = ( GEOMETRIC_REPRESENTATION_CONTEXT(2) 
PARAMETRIC_REPRESENTATION_CONTEXT() REPRESENTATION_CONTEXT('2D SPACE',''
  ) );
#15124 = ORIENTED_EDGE('',*,*,#3762,.T.);
#15125 = ORIENTED_EDGE('',*,*,#15104,.T.);
#15126 = ADVANCED_FACE('',(#15127),#3818,.F.);
#15127 = FACE_BOUND('',#15128,.F.);
#15128 = EDGE_LOOP('',(#15129,#15130,#15151,#15152));
#15129 = ORIENTED_EDGE('',*,*,#9839,.F.);
#15130 = ORIENTED_EDGE('',*,*,#15131,.F.);
#15131 = EDGE_CURVE('',#3798,#9840,#15132,.T.);
#15132 = SEAM_CURVE('',#15133,(#15137,#15144),.PCURVE_S1.);
#15133 = LINE('',#15134,#15135);
#15134 = CARTESIAN_POINT('',(245.74,-149.46,-1.E-02));
#15135 = VECTOR('',#15136,1.);
#15136 = DIRECTION('',(0.,0.,1.));
#15137 = PCURVE('',#3818,#15138);
#15138 = DEFINITIONAL_REPRESENTATION('',(#15139),#15143);
#15139 = LINE('',#15140,#15141);
#15140 = CARTESIAN_POINT('',(6.28318530718,-0.));
#15141 = VECTOR('',#15142,1.);
#15142 = DIRECTION('',(0.,1.));
#15143 = ( GEOMETRIC_REPRESENTATION_CONTEXT(2) 
PARAMETRIC_REPRESENTATION_CONTEXT() REPRESENTATION_CONTEXT('2D SPACE',''
  ) );
#15144 = PCURVE('',#3818,#15145);
#15145 = DEFINITIONAL_REPRESENTATION('',(#15146),#15150);
#15146 = LINE('',#15147,#15148);
#15147 = CARTESIAN_POINT('',(0.,-0.));
#15148 = VECTOR('',#15149,1.);
#15149 = DIRECTION('',(0.,1.));
#15150 = ( GEOMETRIC_REPRESENTATION_CONTEXT(2) 
PARAMETRIC_REPRESENTATION_CONTEXT() REPRESENTATION_CONTEXT('2D SPACE',''
  ) );
#15151 = ORIENTED_EDGE('',*,*,#3797,.T.);
#15152 = ORIENTED_EDGE('',*,*,#15131,.T.);
#15153 = ADVANCED_FACE('',(#15154),#3853,.F.);
#15154 = FACE_BOUND('',#15155,.F.);
#15155 = EDGE_LOOP('',(#15156,#15157,#15178,#15179));
#15156 = ORIENTED_EDGE('',*,*,#9869,.F.);
#15157 = ORIENTED_EDGE('',*,*,#15158,.F.);
#15158 = EDGE_CURVE('',#3833,#9870,#15159,.T.);
#15159 = SEAM_CURVE('',#15160,(#15164,#15171),.PCURVE_S1.);
#15160 = LINE('',#15161,#15162);
#15161 = CARTESIAN_POINT('',(243.2,-149.46,-1.E-02));
#15162 = VECTOR('',#15163,1.);
#15163 = DIRECTION('',(0.,0.,1.));
#15164 = PCURVE('',#3853,#15165);
#15165 = DEFINITIONAL_REPRESENTATION('',(#15166),#15170);
#15166 = LINE('',#15167,#15168);
#15167 = CARTESIAN_POINT('',(6.28318530718,-0.));
#15168 = VECTOR('',#15169,1.);
#15169 = DIRECTION('',(0.,1.));
#15170 = ( GEOMETRIC_REPRESENTATION_CONTEXT(2) 
PARAMETRIC_REPRESENTATION_CONTEXT() REPRESENTATION_CONTEXT('2D SPACE',''
  ) );
#15171 = PCURVE('',#3853,#15172);
#15172 = DEFINITIONAL_REPRESENTATION('',(#15173),#15177);
#15173 = LINE('',#15174,#15175);
#15174 = CARTESIAN_POINT('',(0.,-0.));
#15175 = VECTOR('',#15176,1.);
#15176 = DIRECTION('',(0.,1.));
#15177 = ( GEOMETRIC_REPRESENTATION_CONTEXT(2) 
PARAMETRIC_REPRESENTATION_CONTEXT() REPRESENTATION_CONTEXT('2D SPACE',''
  ) );
#15178 = ORIENTED_EDGE('',*,*,#3832,.T.);
#15179 = ORIENTED_EDGE('',*,*,#15158,.T.);
#15180 = ADVANCED_FACE('',(#15181),#3888,.F.);
#15181 = FACE_BOUND('',#15182,.F.);
#15182 = EDGE_LOOP('',(#15183,#15184,#15205,#15206));
#15183 = ORIENTED_EDGE('',*,*,#9899,.F.);
#15184 = ORIENTED_EDGE('',*,*,#15185,.F.);
#15185 = EDGE_CURVE('',#3868,#9900,#15186,.T.);
#15186 = SEAM_CURVE('',#15187,(#15191,#15198),.PCURVE_S1.);
#15187 = LINE('',#15188,#15189);
#15188 = CARTESIAN_POINT('',(240.66,-149.46,-1.E-02));
#15189 = VECTOR('',#15190,1.);
#15190 = DIRECTION('',(0.,0.,1.));
#15191 = PCURVE('',#3888,#15192);
#15192 = DEFINITIONAL_REPRESENTATION('',(#15193),#15197);
#15193 = LINE('',#15194,#15195);
#15194 = CARTESIAN_POINT('',(6.28318530718,-0.));
#15195 = VECTOR('',#15196,1.);
#15196 = DIRECTION('',(0.,1.));
#15197 = ( GEOMETRIC_REPRESENTATION_CONTEXT(2) 
PARAMETRIC_REPRESENTATION_CONTEXT() REPRESENTATION_CONTEXT('2D SPACE',''
  ) );
#15198 = PCURVE('',#3888,#15199);
#15199 = DEFINITIONAL_REPRESENTATION('',(#15200),#15204);
#15200 = LINE('',#15201,#15202);
#15201 = CARTESIAN_POINT('',(0.,-0.));
#15202 = VECTOR('',#15203,1.);
#15203 = DIRECTION('',(0.,1.));
#15204 = ( GEOMETRIC_REPRESENTATION_CONTEXT(2) 
PARAMETRIC_REPRESENTATION_CONTEXT() REPRESENTATION_CONTEXT('2D SPACE',''
  ) );
#15205 = ORIENTED_EDGE('',*,*,#3867,.T.);
#15206 = ORIENTED_EDGE('',*,*,#15185,.T.);
#15207 = ADVANCED_FACE('',(#15208),#3923,.F.);
#15208 = FACE_BOUND('',#15209,.F.);
#15209 = EDGE_LOOP('',(#15210,#15211,#15232,#15233));
#15210 = ORIENTED_EDGE('',*,*,#9929,.F.);
#15211 = ORIENTED_EDGE('',*,*,#15212,.F.);
#15212 = EDGE_CURVE('',#3903,#9930,#15213,.T.);
#15213 = SEAM_CURVE('',#15214,(#15218,#15225),.PCURVE_S1.);
#15214 = LINE('',#15215,#15216);
#15215 = CARTESIAN_POINT('',(238.12,-149.46,-1.E-02));
#15216 = VECTOR('',#15217,1.);
#15217 = DIRECTION('',(0.,0.,1.));
#15218 = PCURVE('',#3923,#15219);
#15219 = DEFINITIONAL_REPRESENTATION('',(#15220),#15224);
#15220 = LINE('',#15221,#15222);
#15221 = CARTESIAN_POINT('',(6.28318530718,-0.));
#15222 = VECTOR('',#15223,1.);
#15223 = DIRECTION('',(0.,1.));
#15224 = ( GEOMETRIC_REPRESENTATION_CONTEXT(2) 
PARAMETRIC_REPRESENTATION_CONTEXT() REPRESENTATION_CONTEXT('2D SPACE',''
  ) );
#15225 = PCURVE('',#3923,#15226);
#15226 = DEFINITIONAL_REPRESENTATION('',(#15227),#15231);
#15227 = LINE('',#15228,#15229);
#15228 = CARTESIAN_POINT('',(0.,-0.));
#15229 = VECTOR('',#15230,1.);
#15230 = DIRECTION('',(0.,1.));
#15231 = ( GEOMETRIC_REPRESENTATION_CONTEXT(2) 
PARAMETRIC_REPRESENTATION_CONTEXT() REPRESENTATION_CONTEXT('2D SPACE',''
  ) );
#15232 = ORIENTED_EDGE('',*,*,#3902,.T.);
#15233 = ORIENTED_EDGE('',*,*,#15212,.T.);
#15234 = ADVANCED_FACE('',(#15235),#3958,.F.);
#15235 = FACE_BOUND('',#15236,.F.);
#15236 = EDGE_LOOP('',(#15237,#15238,#15259,#15260));
#15237 = ORIENTED_EDGE('',*,*,#9959,.F.);
#15238 = ORIENTED_EDGE('',*,*,#15239,.F.);
#15239 = EDGE_CURVE('',#3938,#9960,#15240,.T.);
#15240 = SEAM_CURVE('',#15241,(#15245,#15252),.PCURVE_S1.);
#15241 = LINE('',#15242,#15243);
#15242 = CARTESIAN_POINT('',(235.58,-149.46,-1.E-02));
#15243 = VECTOR('',#15244,1.);
#15244 = DIRECTION('',(0.,0.,1.));
#15245 = PCURVE('',#3958,#15246);
#15246 = DEFINITIONAL_REPRESENTATION('',(#15247),#15251);
#15247 = LINE('',#15248,#15249);
#15248 = CARTESIAN_POINT('',(6.28318530718,-0.));
#15249 = VECTOR('',#15250,1.);
#15250 = DIRECTION('',(0.,1.));
#15251 = ( GEOMETRIC_REPRESENTATION_CONTEXT(2) 
PARAMETRIC_REPRESENTATION_CONTEXT() REPRESENTATION_CONTEXT('2D SPACE',''
  ) );
#15252 = PCURVE('',#3958,#15253);
#15253 = DEFINITIONAL_REPRESENTATION('',(#15254),#15258);
#15254 = LINE('',#15255,#15256);
#15255 = CARTESIAN_POINT('',(0.,-0.));
#15256 = VECTOR('',#15257,1.);
#15257 = DIRECTION('',(0.,1.));
#15258 = ( GEOMETRIC_REPRESENTATION_CONTEXT(2) 
PARAMETRIC_REPRESENTATION_CONTEXT() REPRESENTATION_CONTEXT('2D SPACE',''
  ) );
#15259 = ORIENTED_EDGE('',*,*,#3937,.T.);
#15260 = ORIENTED_EDGE('',*,*,#15239,.T.);
#15261 = ADVANCED_FACE('',(#15262),#3993,.F.);
#15262 = FACE_BOUND('',#15263,.F.);
#15263 = EDGE_LOOP('',(#15264,#15265,#15286,#15287));
#15264 = ORIENTED_EDGE('',*,*,#9989,.F.);
#15265 = ORIENTED_EDGE('',*,*,#15266,.F.);
#15266 = EDGE_CURVE('',#3973,#9990,#15267,.T.);
#15267 = SEAM_CURVE('',#15268,(#15272,#15279),.PCURVE_S1.);
#15268 = LINE('',#15269,#15270);
#15269 = CARTESIAN_POINT('',(233.04,-149.46,-1.E-02));
#15270 = VECTOR('',#15271,1.);
#15271 = DIRECTION('',(0.,0.,1.));
#15272 = PCURVE('',#3993,#15273);
#15273 = DEFINITIONAL_REPRESENTATION('',(#15274),#15278);
#15274 = LINE('',#15275,#15276);
#15275 = CARTESIAN_POINT('',(6.28318530718,-0.));
#15276 = VECTOR('',#15277,1.);
#15277 = DIRECTION('',(0.,1.));
#15278 = ( GEOMETRIC_REPRESENTATION_CONTEXT(2) 
PARAMETRIC_REPRESENTATION_CONTEXT() REPRESENTATION_CONTEXT('2D SPACE',''
  ) );
#15279 = PCURVE('',#3993,#15280);
#15280 = DEFINITIONAL_REPRESENTATION('',(#15281),#15285);
#15281 = LINE('',#15282,#15283);
#15282 = CARTESIAN_POINT('',(0.,-0.));
#15283 = VECTOR('',#15284,1.);
#15284 = DIRECTION('',(0.,1.));
#15285 = ( GEOMETRIC_REPRESENTATION_CONTEXT(2) 
PARAMETRIC_REPRESENTATION_CONTEXT() REPRESENTATION_CONTEXT('2D SPACE',''
  ) );
#15286 = ORIENTED_EDGE('',*,*,#3972,.T.);
#15287 = ORIENTED_EDGE('',*,*,#15266,.T.);
#15288 = ADVANCED_FACE('',(#15289),#4028,.F.);
#15289 = FACE_BOUND('',#15290,.F.);
#15290 = EDGE_LOOP('',(#15291,#15292,#15313,#15314));
#15291 = ORIENTED_EDGE('',*,*,#10019,.F.);
#15292 = ORIENTED_EDGE('',*,*,#15293,.F.);
#15293 = EDGE_CURVE('',#4008,#10020,#15294,.T.);
#15294 = SEAM_CURVE('',#15295,(#15299,#15306),.PCURVE_S1.);
#15295 = LINE('',#15296,#15297);
#15296 = CARTESIAN_POINT('',(230.5,-149.46,-1.E-02));
#15297 = VECTOR('',#15298,1.);
#15298 = DIRECTION('',(0.,0.,1.));
#15299 = PCURVE('',#4028,#15300);
#15300 = DEFINITIONAL_REPRESENTATION('',(#15301),#15305);
#15301 = LINE('',#15302,#15303);
#15302 = CARTESIAN_POINT('',(6.28318530718,-0.));
#15303 = VECTOR('',#15304,1.);
#15304 = DIRECTION('',(0.,1.));
#15305 = ( GEOMETRIC_REPRESENTATION_CONTEXT(2) 
PARAMETRIC_REPRESENTATION_CONTEXT() REPRESENTATION_CONTEXT('2D SPACE',''
  ) );
#15306 = PCURVE('',#4028,#15307);
#15307 = DEFINITIONAL_REPRESENTATION('',(#15308),#15312);
#15308 = LINE('',#15309,#15310);
#15309 = CARTESIAN_POINT('',(0.,-0.));
#15310 = VECTOR('',#15311,1.);
#15311 = DIRECTION('',(0.,1.));
#15312 = ( GEOMETRIC_REPRESENTATION_CONTEXT(2) 
PARAMETRIC_REPRESENTATION_CONTEXT() REPRESENTATION_CONTEXT('2D SPACE',''
  ) );
#15313 = ORIENTED_EDGE('',*,*,#4007,.T.);
#15314 = ORIENTED_EDGE('',*,*,#15293,.T.);
#15315 = ADVANCED_FACE('',(#15316),#4063,.F.);
#15316 = FACE_BOUND('',#15317,.F.);
#15317 = EDGE_LOOP('',(#15318,#15319,#15340,#15341));
#15318 = ORIENTED_EDGE('',*,*,#10049,.F.);
#15319 = ORIENTED_EDGE('',*,*,#15320,.F.);
#15320 = EDGE_CURVE('',#4043,#10050,#15321,.T.);
#15321 = SEAM_CURVE('',#15322,(#15326,#15333),.PCURVE_S1.);
#15322 = LINE('',#15323,#15324);
#15323 = CARTESIAN_POINT('',(284.45,-130.2,-1.E-02));
#15324 = VECTOR('',#15325,1.);
#15325 = DIRECTION('',(0.,0.,1.));
#15326 = PCURVE('',#4063,#15327);
#15327 = DEFINITIONAL_REPRESENTATION('',(#15328),#15332);
#15328 = LINE('',#15329,#15330);
#15329 = CARTESIAN_POINT('',(6.28318530718,-0.));
#15330 = VECTOR('',#15331,1.);
#15331 = DIRECTION('',(0.,1.));
#15332 = ( GEOMETRIC_REPRESENTATION_CONTEXT(2) 
PARAMETRIC_REPRESENTATION_CONTEXT() REPRESENTATION_CONTEXT('2D SPACE',''
  ) );
#15333 = PCURVE('',#4063,#15334);
#15334 = DEFINITIONAL_REPRESENTATION('',(#15335),#15339);
#15335 = LINE('',#15336,#15337);
#15336 = CARTESIAN_POINT('',(0.,-0.));
#15337 = VECTOR('',#15338,1.);
#15338 = DIRECTION('',(0.,1.));
#15339 = ( GEOMETRIC_REPRESENTATION_CONTEXT(2) 
PARAMETRIC_REPRESENTATION_CONTEXT() REPRESENTATION_CONTEXT('2D SPACE',''
  ) );
#15340 = ORIENTED_EDGE('',*,*,#4042,.T.);
#15341 = ORIENTED_EDGE('',*,*,#15320,.T.);
#15342 = ADVANCED_FACE('',(#15343),#4098,.F.);
#15343 = FACE_BOUND('',#15344,.F.);
#15344 = EDGE_LOOP('',(#15345,#15346,#15367,#15368));
#15345 = ORIENTED_EDGE('',*,*,#10079,.F.);
#15346 = ORIENTED_EDGE('',*,*,#15347,.F.);
#15347 = EDGE_CURVE('',#4078,#10080,#15348,.T.);
#15348 = SEAM_CURVE('',#15349,(#15353,#15360),.PCURVE_S1.);
#15349 = LINE('',#15350,#15351);
#15350 = CARTESIAN_POINT('',(272.45,-130.2,-1.E-02));
#15351 = VECTOR('',#15352,1.);
#15352 = DIRECTION('',(0.,0.,1.));
#15353 = PCURVE('',#4098,#15354);
#15354 = DEFINITIONAL_REPRESENTATION('',(#15355),#15359);
#15355 = LINE('',#15356,#15357);
#15356 = CARTESIAN_POINT('',(6.28318530718,-0.));
#15357 = VECTOR('',#15358,1.);
#15358 = DIRECTION('',(0.,1.));
#15359 = ( GEOMETRIC_REPRESENTATION_CONTEXT(2) 
PARAMETRIC_REPRESENTATION_CONTEXT() REPRESENTATION_CONTEXT('2D SPACE',''
  ) );
#15360 = PCURVE('',#4098,#15361);
#15361 = DEFINITIONAL_REPRESENTATION('',(#15362),#15366);
#15362 = LINE('',#15363,#15364);
#15363 = CARTESIAN_POINT('',(0.,-0.));
#15364 = VECTOR('',#15365,1.);
#15365 = DIRECTION('',(0.,1.));
#15366 = ( GEOMETRIC_REPRESENTATION_CONTEXT(2) 
PARAMETRIC_REPRESENTATION_CONTEXT() REPRESENTATION_CONTEXT('2D SPACE',''
  ) );
#15367 = ORIENTED_EDGE('',*,*,#4077,.T.);
#15368 = ORIENTED_EDGE('',*,*,#15347,.T.);
#15369 = ADVANCED_FACE('',(#15370),#4133,.F.);
#15370 = FACE_BOUND('',#15371,.F.);
#15371 = EDGE_LOOP('',(#15372,#15373,#15394,#15395));
#15372 = ORIENTED_EDGE('',*,*,#10109,.F.);
#15373 = ORIENTED_EDGE('',*,*,#15374,.F.);
#15374 = EDGE_CURVE('',#4113,#10110,#15375,.T.);
#15375 = SEAM_CURVE('',#15376,(#15380,#15387),.PCURVE_S1.);
#15376 = LINE('',#15377,#15378);
#15377 = CARTESIAN_POINT('',(261.45,-130.2,-1.E-02));
#15378 = VECTOR('',#15379,1.);
#15379 = DIRECTION('',(0.,0.,1.));
#15380 = PCURVE('',#4133,#15381);
#15381 = DEFINITIONAL_REPRESENTATION('',(#15382),#15386);
#15382 = LINE('',#15383,#15384);
#15383 = CARTESIAN_POINT('',(6.28318530718,-0.));
#15384 = VECTOR('',#15385,1.);
#15385 = DIRECTION('',(0.,1.));
#15386 = ( GEOMETRIC_REPRESENTATION_CONTEXT(2) 
PARAMETRIC_REPRESENTATION_CONTEXT() REPRESENTATION_CONTEXT('2D SPACE',''
  ) );
#15387 = PCURVE('',#4133,#15388);
#15388 = DEFINITIONAL_REPRESENTATION('',(#15389),#15393);
#15389 = LINE('',#15390,#15391);
#15390 = CARTESIAN_POINT('',(0.,-0.));
#15391 = VECTOR('',#15392,1.);
#15392 = DIRECTION('',(0.,1.));
#15393 = ( GEOMETRIC_REPRESENTATION_CONTEXT(2) 
PARAMETRIC_REPRESENTATION_CONTEXT() REPRESENTATION_CONTEXT('2D SPACE',''
  ) );
#15394 = ORIENTED_EDGE('',*,*,#4112,.T.);
#15395 = ORIENTED_EDGE('',*,*,#15374,.T.);
#15396 = ADVANCED_FACE('',(#15397),#4168,.F.);
#15397 = FACE_BOUND('',#15398,.F.);
#15398 = EDGE_LOOP('',(#15399,#15400,#15421,#15422));
#15399 = ORIENTED_EDGE('',*,*,#10139,.F.);
#15400 = ORIENTED_EDGE('',*,*,#15401,.F.);
#15401 = EDGE_CURVE('',#4148,#10140,#15402,.T.);
#15402 = SEAM_CURVE('',#15403,(#15407,#15414),.PCURVE_S1.);
#15403 = LINE('',#15404,#15405);
#15404 = CARTESIAN_POINT('',(249.45,-130.2,-1.E-02));
#15405 = VECTOR('',#15406,1.);
#15406 = DIRECTION('',(0.,0.,1.));
#15407 = PCURVE('',#4168,#15408);
#15408 = DEFINITIONAL_REPRESENTATION('',(#15409),#15413);
#15409 = LINE('',#15410,#15411);
#15410 = CARTESIAN_POINT('',(6.28318530718,-0.));
#15411 = VECTOR('',#15412,1.);
#15412 = DIRECTION('',(0.,1.));
#15413 = ( GEOMETRIC_REPRESENTATION_CONTEXT(2) 
PARAMETRIC_REPRESENTATION_CONTEXT() REPRESENTATION_CONTEXT('2D SPACE',''
  ) );
#15414 = PCURVE('',#4168,#15415);
#15415 = DEFINITIONAL_REPRESENTATION('',(#15416),#15420);
#15416 = LINE('',#15417,#15418);
#15417 = CARTESIAN_POINT('',(0.,-0.));
#15418 = VECTOR('',#15419,1.);
#15419 = DIRECTION('',(0.,1.));
#15420 = ( GEOMETRIC_REPRESENTATION_CONTEXT(2) 
PARAMETRIC_REPRESENTATION_CONTEXT() REPRESENTATION_CONTEXT('2D SPACE',''
  ) );
#15421 = ORIENTED_EDGE('',*,*,#4147,.T.);
#15422 = ORIENTED_EDGE('',*,*,#15401,.T.);
#15423 = ADVANCED_FACE('',(#15424),#4203,.F.);
#15424 = FACE_BOUND('',#15425,.F.);
#15425 = EDGE_LOOP('',(#15426,#15427,#15448,#15449));
#15426 = ORIENTED_EDGE('',*,*,#10169,.F.);
#15427 = ORIENTED_EDGE('',*,*,#15428,.F.);
#15428 = EDGE_CURVE('',#4183,#10170,#15429,.T.);
#15429 = SEAM_CURVE('',#15430,(#15434,#15441),.PCURVE_S1.);
#15430 = LINE('',#15431,#15432);
#15431 = CARTESIAN_POINT('',(284.45,-118.,-1.E-02));
#15432 = VECTOR('',#15433,1.);
#15433 = DIRECTION('',(0.,0.,1.));
#15434 = PCURVE('',#4203,#15435);
#15435 = DEFINITIONAL_REPRESENTATION('',(#15436),#15440);
#15436 = LINE('',#15437,#15438);
#15437 = CARTESIAN_POINT('',(6.28318530718,-0.));
#15438 = VECTOR('',#15439,1.);
#15439 = DIRECTION('',(0.,1.));
#15440 = ( GEOMETRIC_REPRESENTATION_CONTEXT(2) 
PARAMETRIC_REPRESENTATION_CONTEXT() REPRESENTATION_CONTEXT('2D SPACE',''
  ) );
#15441 = PCURVE('',#4203,#15442);
#15442 = DEFINITIONAL_REPRESENTATION('',(#15443),#15447);
#15443 = LINE('',#15444,#15445);
#15444 = CARTESIAN_POINT('',(0.,-0.));
#15445 = VECTOR('',#15446,1.);
#15446 = DIRECTION('',(0.,1.));
#15447 = ( GEOMETRIC_REPRESENTATION_CONTEXT(2) 
PARAMETRIC_REPRESENTATION_CONTEXT() REPRESENTATION_CONTEXT('2D SPACE',''
  ) );
#15448 = ORIENTED_EDGE('',*,*,#4182,.T.);
#15449 = ORIENTED_EDGE('',*,*,#15428,.T.);
#15450 = ADVANCED_FACE('',(#15451),#4238,.F.);
#15451 = FACE_BOUND('',#15452,.F.);
#15452 = EDGE_LOOP('',(#15453,#15454,#15475,#15476));
#15453 = ORIENTED_EDGE('',*,*,#10199,.F.);
#15454 = ORIENTED_EDGE('',*,*,#15455,.F.);
#15455 = EDGE_CURVE('',#4218,#10200,#15456,.T.);
#15456 = SEAM_CURVE('',#15457,(#15461,#15468),.PCURVE_S1.);
#15457 = LINE('',#15458,#15459);
#15458 = CARTESIAN_POINT('',(272.45,-118.,-1.E-02));
#15459 = VECTOR('',#15460,1.);
#15460 = DIRECTION('',(0.,0.,1.));
#15461 = PCURVE('',#4238,#15462);
#15462 = DEFINITIONAL_REPRESENTATION('',(#15463),#15467);
#15463 = LINE('',#15464,#15465);
#15464 = CARTESIAN_POINT('',(6.28318530718,-0.));
#15465 = VECTOR('',#15466,1.);
#15466 = DIRECTION('',(0.,1.));
#15467 = ( GEOMETRIC_REPRESENTATION_CONTEXT(2) 
PARAMETRIC_REPRESENTATION_CONTEXT() REPRESENTATION_CONTEXT('2D SPACE',''
  ) );
#15468 = PCURVE('',#4238,#15469);
#15469 = DEFINITIONAL_REPRESENTATION('',(#15470),#15474);
#15470 = LINE('',#15471,#15472);
#15471 = CARTESIAN_POINT('',(0.,-0.));
#15472 = VECTOR('',#15473,1.);
#15473 = DIRECTION('',(0.,1.));
#15474 = ( GEOMETRIC_REPRESENTATION_CONTEXT(2) 
PARAMETRIC_REPRESENTATION_CONTEXT() REPRESENTATION_CONTEXT('2D SPACE',''
  ) );
#15475 = ORIENTED_EDGE('',*,*,#4217,.T.);
#15476 = ORIENTED_EDGE('',*,*,#15455,.T.);
#15477 = ADVANCED_FACE('',(#15478),#4273,.F.);
#15478 = FACE_BOUND('',#15479,.F.);
#15479 = EDGE_LOOP('',(#15480,#15481,#15502,#15503));
#15480 = ORIENTED_EDGE('',*,*,#10229,.F.);
#15481 = ORIENTED_EDGE('',*,*,#15482,.F.);
#15482 = EDGE_CURVE('',#4253,#10230,#15483,.T.);
#15483 = SEAM_CURVE('',#15484,(#15488,#15495),.PCURVE_S1.);
#15484 = LINE('',#15485,#15486);
#15485 = CARTESIAN_POINT('',(278.45,-116.,-1.E-02));
#15486 = VECTOR('',#15487,1.);
#15487 = DIRECTION('',(0.,0.,1.));
#15488 = PCURVE('',#4273,#15489);
#15489 = DEFINITIONAL_REPRESENTATION('',(#15490),#15494);
#15490 = LINE('',#15491,#15492);
#15491 = CARTESIAN_POINT('',(6.28318530718,-0.));
#15492 = VECTOR('',#15493,1.);
#15493 = DIRECTION('',(0.,1.));
#15494 = ( GEOMETRIC_REPRESENTATION_CONTEXT(2) 
PARAMETRIC_REPRESENTATION_CONTEXT() REPRESENTATION_CONTEXT('2D SPACE',''
  ) );
#15495 = PCURVE('',#4273,#15496);
#15496 = DEFINITIONAL_REPRESENTATION('',(#15497),#15501);
#15497 = LINE('',#15498,#15499);
#15498 = CARTESIAN_POINT('',(0.,-0.));
#15499 = VECTOR('',#15500,1.);
#15500 = DIRECTION('',(0.,1.));
#15501 = ( GEOMETRIC_REPRESENTATION_CONTEXT(2) 
PARAMETRIC_REPRESENTATION_CONTEXT() REPRESENTATION_CONTEXT('2D SPACE',''
  ) );
#15502 = ORIENTED_EDGE('',*,*,#4252,.T.);
#15503 = ORIENTED_EDGE('',*,*,#15482,.T.);
#15504 = ADVANCED_FACE('',(#15505),#4308,.F.);
#15505 = FACE_BOUND('',#15506,.F.);
#15506 = EDGE_LOOP('',(#15507,#15508,#15529,#15530));
#15507 = ORIENTED_EDGE('',*,*,#10259,.F.);
#15508 = ORIENTED_EDGE('',*,*,#15509,.F.);
#15509 = EDGE_CURVE('',#4288,#10260,#15510,.T.);
#15510 = SEAM_CURVE('',#15511,(#15515,#15522),.PCURVE_S1.);
#15511 = LINE('',#15512,#15513);
#15512 = CARTESIAN_POINT('',(283.58,-110.53,-1.E-02));
#15513 = VECTOR('',#15514,1.);
#15514 = DIRECTION('',(0.,0.,1.));
#15515 = PCURVE('',#4308,#15516);
#15516 = DEFINITIONAL_REPRESENTATION('',(#15517),#15521);
#15517 = LINE('',#15518,#15519);
#15518 = CARTESIAN_POINT('',(6.28318530718,-0.));
#15519 = VECTOR('',#15520,1.);
#15520 = DIRECTION('',(0.,1.));
#15521 = ( GEOMETRIC_REPRESENTATION_CONTEXT(2) 
PARAMETRIC_REPRESENTATION_CONTEXT() REPRESENTATION_CONTEXT('2D SPACE',''
  ) );
#15522 = PCURVE('',#4308,#15523);
#15523 = DEFINITIONAL_REPRESENTATION('',(#15524),#15528);
#15524 = LINE('',#15525,#15526);
#15525 = CARTESIAN_POINT('',(0.,-0.));
#15526 = VECTOR('',#15527,1.);
#15527 = DIRECTION('',(0.,1.));
#15528 = ( GEOMETRIC_REPRESENTATION_CONTEXT(2) 
PARAMETRIC_REPRESENTATION_CONTEXT() REPRESENTATION_CONTEXT('2D SPACE',''
  ) );
#15529 = ORIENTED_EDGE('',*,*,#4287,.T.);
#15530 = ORIENTED_EDGE('',*,*,#15509,.T.);
#15531 = ADVANCED_FACE('',(#15532),#4343,.F.);
#15532 = FACE_BOUND('',#15533,.F.);
#15533 = EDGE_LOOP('',(#15534,#15535,#15556,#15557));
#15534 = ORIENTED_EDGE('',*,*,#10289,.F.);
#15535 = ORIENTED_EDGE('',*,*,#15536,.F.);
#15536 = EDGE_CURVE('',#4323,#10290,#15537,.T.);
#15537 = SEAM_CURVE('',#15538,(#15542,#15549),.PCURVE_S1.);
#15538 = LINE('',#15539,#15540);
#15539 = CARTESIAN_POINT('',(293.1,-103.5,-1.E-02));
#15540 = VECTOR('',#15541,1.);
#15541 = DIRECTION('',(0.,0.,1.));
#15542 = PCURVE('',#4343,#15543);
#15543 = DEFINITIONAL_REPRESENTATION('',(#15544),#15548);
#15544 = LINE('',#15545,#15546);
#15545 = CARTESIAN_POINT('',(6.28318530718,-0.));
#15546 = VECTOR('',#15547,1.);
#15547 = DIRECTION('',(0.,1.));
#15548 = ( GEOMETRIC_REPRESENTATION_CONTEXT(2) 
PARAMETRIC_REPRESENTATION_CONTEXT() REPRESENTATION_CONTEXT('2D SPACE',''
  ) );
#15549 = PCURVE('',#4343,#15550);
#15550 = DEFINITIONAL_REPRESENTATION('',(#15551),#15555);
#15551 = LINE('',#15552,#15553);
#15552 = CARTESIAN_POINT('',(0.,-0.));
#15553 = VECTOR('',#15554,1.);
#15554 = DIRECTION('',(0.,1.));
#15555 = ( GEOMETRIC_REPRESENTATION_CONTEXT(2) 
PARAMETRIC_REPRESENTATION_CONTEXT() REPRESENTATION_CONTEXT('2D SPACE',''
  ) );
#15556 = ORIENTED_EDGE('',*,*,#4322,.T.);
#15557 = ORIENTED_EDGE('',*,*,#15536,.T.);
#15558 = ADVANCED_FACE('',(#15559),#4378,.F.);
#15559 = FACE_BOUND('',#15560,.F.);
#15560 = EDGE_LOOP('',(#15561,#15562,#15583,#15584));
#15561 = ORIENTED_EDGE('',*,*,#10319,.F.);
#15562 = ORIENTED_EDGE('',*,*,#15563,.F.);
#15563 = EDGE_CURVE('',#4358,#10320,#15564,.T.);
#15564 = SEAM_CURVE('',#15565,(#15569,#15576),.PCURVE_S1.);
#15565 = LINE('',#15566,#15567);
#15566 = CARTESIAN_POINT('',(278.5,-110.53,-1.E-02));
#15567 = VECTOR('',#15568,1.);
#15568 = DIRECTION('',(0.,0.,1.));
#15569 = PCURVE('',#4378,#15570);
#15570 = DEFINITIONAL_REPRESENTATION('',(#15571),#15575);
#15571 = LINE('',#15572,#15573);
#15572 = CARTESIAN_POINT('',(6.28318530718,-0.));
#15573 = VECTOR('',#15574,1.);
#15574 = DIRECTION('',(0.,1.));
#15575 = ( GEOMETRIC_REPRESENTATION_CONTEXT(2) 
PARAMETRIC_REPRESENTATION_CONTEXT() REPRESENTATION_CONTEXT('2D SPACE',''
  ) );
#15576 = PCURVE('',#4378,#15577);
#15577 = DEFINITIONAL_REPRESENTATION('',(#15578),#15582);
#15578 = LINE('',#15579,#15580);
#15579 = CARTESIAN_POINT('',(0.,-0.));
#15580 = VECTOR('',#15581,1.);
#15581 = DIRECTION('',(0.,1.));
#15582 = ( GEOMETRIC_REPRESENTATION_CONTEXT(2) 
PARAMETRIC_REPRESENTATION_CONTEXT() REPRESENTATION_CONTEXT('2D SPACE',''
  ) );
#15583 = ORIENTED_EDGE('',*,*,#4357,.T.);
#15584 = ORIENTED_EDGE('',*,*,#15563,.T.);
#15585 = ADVANCED_FACE('',(#15586),#4413,.F.);
#15586 = FACE_BOUND('',#15587,.F.);
#15587 = EDGE_LOOP('',(#15588,#15589,#15610,#15611));
#15588 = ORIENTED_EDGE('',*,*,#10349,.F.);
#15589 = ORIENTED_EDGE('',*,*,#15590,.F.);
#15590 = EDGE_CURVE('',#4393,#10350,#15591,.T.);
#15591 = SEAM_CURVE('',#15592,(#15596,#15603),.PCURVE_S1.);
#15592 = LINE('',#15593,#15594);
#15593 = CARTESIAN_POINT('',(273.42,-110.53,-1.E-02));
#15594 = VECTOR('',#15595,1.);
#15595 = DIRECTION('',(0.,0.,1.));
#15596 = PCURVE('',#4413,#15597);
#15597 = DEFINITIONAL_REPRESENTATION('',(#15598),#15602);
#15598 = LINE('',#15599,#15600);
#15599 = CARTESIAN_POINT('',(6.28318530718,-0.));
#15600 = VECTOR('',#15601,1.);
#15601 = DIRECTION('',(0.,1.));
#15602 = ( GEOMETRIC_REPRESENTATION_CONTEXT(2) 
PARAMETRIC_REPRESENTATION_CONTEXT() REPRESENTATION_CONTEXT('2D SPACE',''
  ) );
#15603 = PCURVE('',#4413,#15604);
#15604 = DEFINITIONAL_REPRESENTATION('',(#15605),#15609);
#15605 = LINE('',#15606,#15607);
#15606 = CARTESIAN_POINT('',(0.,-0.));
#15607 = VECTOR('',#15608,1.);
#15608 = DIRECTION('',(0.,1.));
#15609 = ( GEOMETRIC_REPRESENTATION_CONTEXT(2) 
PARAMETRIC_REPRESENTATION_CONTEXT() REPRESENTATION_CONTEXT('2D SPACE',''
  ) );
#15610 = ORIENTED_EDGE('',*,*,#4392,.T.);
#15611 = ORIENTED_EDGE('',*,*,#15590,.T.);
#15612 = ADVANCED_FACE('',(#15613),#4448,.F.);
#15613 = FACE_BOUND('',#15614,.F.);
#15614 = EDGE_LOOP('',(#15615,#15616,#15637,#15638));
#15615 = ORIENTED_EDGE('',*,*,#10379,.F.);
#15616 = ORIENTED_EDGE('',*,*,#15617,.F.);
#15617 = EDGE_CURVE('',#4428,#10380,#15618,.T.);
#15618 = SEAM_CURVE('',#15619,(#15623,#15630),.PCURVE_S1.);
#15619 = LINE('',#15620,#15621);
#15620 = CARTESIAN_POINT('',(261.45,-118.,-1.E-02));
#15621 = VECTOR('',#15622,1.);
#15622 = DIRECTION('',(0.,0.,1.));
#15623 = PCURVE('',#4448,#15624);
#15624 = DEFINITIONAL_REPRESENTATION('',(#15625),#15629);
#15625 = LINE('',#15626,#15627);
#15626 = CARTESIAN_POINT('',(6.28318530718,-0.));
#15627 = VECTOR('',#15628,1.);
#15628 = DIRECTION('',(0.,1.));
#15629 = ( GEOMETRIC_REPRESENTATION_CONTEXT(2) 
PARAMETRIC_REPRESENTATION_CONTEXT() REPRESENTATION_CONTEXT('2D SPACE',''
  ) );
#15630 = PCURVE('',#4448,#15631);
#15631 = DEFINITIONAL_REPRESENTATION('',(#15632),#15636);
#15632 = LINE('',#15633,#15634);
#15633 = CARTESIAN_POINT('',(0.,-0.));
#15634 = VECTOR('',#15635,1.);
#15635 = DIRECTION('',(0.,1.));
#15636 = ( GEOMETRIC_REPRESENTATION_CONTEXT(2) 
PARAMETRIC_REPRESENTATION_CONTEXT() REPRESENTATION_CONTEXT('2D SPACE',''
  ) );
#15637 = ORIENTED_EDGE('',*,*,#4427,.T.);
#15638 = ORIENTED_EDGE('',*,*,#15617,.T.);
#15639 = ADVANCED_FACE('',(#15640),#4483,.F.);
#15640 = FACE_BOUND('',#15641,.F.);
#15641 = EDGE_LOOP('',(#15642,#15643,#15664,#15665));
#15642 = ORIENTED_EDGE('',*,*,#10409,.F.);
#15643 = ORIENTED_EDGE('',*,*,#15644,.F.);
#15644 = EDGE_CURVE('',#4463,#10410,#15645,.T.);
#15645 = SEAM_CURVE('',#15646,(#15650,#15657),.PCURVE_S1.);
#15646 = LINE('',#15647,#15648);
#15647 = CARTESIAN_POINT('',(249.45,-118.,-1.E-02));
#15648 = VECTOR('',#15649,1.);
#15649 = DIRECTION('',(0.,0.,1.));
#15650 = PCURVE('',#4483,#15651);
#15651 = DEFINITIONAL_REPRESENTATION('',(#15652),#15656);
#15652 = LINE('',#15653,#15654);
#15653 = CARTESIAN_POINT('',(6.28318530718,-0.));
#15654 = VECTOR('',#15655,1.);
#15655 = DIRECTION('',(0.,1.));
#15656 = ( GEOMETRIC_REPRESENTATION_CONTEXT(2) 
PARAMETRIC_REPRESENTATION_CONTEXT() REPRESENTATION_CONTEXT('2D SPACE',''
  ) );
#15657 = PCURVE('',#4483,#15658);
#15658 = DEFINITIONAL_REPRESENTATION('',(#15659),#15663);
#15659 = LINE('',#15660,#15661);
#15660 = CARTESIAN_POINT('',(0.,-0.));
#15661 = VECTOR('',#15662,1.);
#15662 = DIRECTION('',(0.,1.));
#15663 = ( GEOMETRIC_REPRESENTATION_CONTEXT(2) 
PARAMETRIC_REPRESENTATION_CONTEXT() REPRESENTATION_CONTEXT('2D SPACE',''
  ) );
#15664 = ORIENTED_EDGE('',*,*,#4462,.T.);
#15665 = ORIENTED_EDGE('',*,*,#15644,.T.);
#15666 = ADVANCED_FACE('',(#15667),#4518,.F.);
#15667 = FACE_BOUND('',#15668,.F.);
#15668 = EDGE_LOOP('',(#15669,#15670,#15691,#15692));
#15669 = ORIENTED_EDGE('',*,*,#10439,.F.);
#15670 = ORIENTED_EDGE('',*,*,#15671,.F.);
#15671 = EDGE_CURVE('',#4498,#10440,#15672,.T.);
#15672 = SEAM_CURVE('',#15673,(#15677,#15684),.PCURVE_S1.);
#15673 = LINE('',#15674,#15675);
#15674 = CARTESIAN_POINT('',(255.45,-116.,-1.E-02));
#15675 = VECTOR('',#15676,1.);
#15676 = DIRECTION('',(0.,0.,1.));
#15677 = PCURVE('',#4518,#15678);
#15678 = DEFINITIONAL_REPRESENTATION('',(#15679),#15683);
#15679 = LINE('',#15680,#15681);
#15680 = CARTESIAN_POINT('',(6.28318530718,-0.));
#15681 = VECTOR('',#15682,1.);
#15682 = DIRECTION('',(0.,1.));
#15683 = ( GEOMETRIC_REPRESENTATION_CONTEXT(2) 
PARAMETRIC_REPRESENTATION_CONTEXT() REPRESENTATION_CONTEXT('2D SPACE',''
  ) );
#15684 = PCURVE('',#4518,#15685);
#15685 = DEFINITIONAL_REPRESENTATION('',(#15686),#15690);
#15686 = LINE('',#15687,#15688);
#15687 = CARTESIAN_POINT('',(0.,-0.));
#15688 = VECTOR('',#15689,1.);
#15689 = DIRECTION('',(0.,1.));
#15690 = ( GEOMETRIC_REPRESENTATION_CONTEXT(2) 
PARAMETRIC_REPRESENTATION_CONTEXT() REPRESENTATION_CONTEXT('2D SPACE',''
  ) );
#15691 = ORIENTED_EDGE('',*,*,#4497,.T.);
#15692 = ORIENTED_EDGE('',*,*,#15671,.T.);
#15693 = ADVANCED_FACE('',(#15694),#4553,.F.);
#15694 = FACE_BOUND('',#15695,.F.);
#15695 = EDGE_LOOP('',(#15696,#15697,#15718,#15719));
#15696 = ORIENTED_EDGE('',*,*,#10469,.F.);
#15697 = ORIENTED_EDGE('',*,*,#15698,.F.);
#15698 = EDGE_CURVE('',#4533,#10470,#15699,.T.);
#15699 = SEAM_CURVE('',#15700,(#15704,#15711),.PCURVE_S1.);
#15700 = LINE('',#15701,#15702);
#15701 = CARTESIAN_POINT('',(260.58,-110.53,-1.E-02));
#15702 = VECTOR('',#15703,1.);
#15703 = DIRECTION('',(0.,0.,1.));
#15704 = PCURVE('',#4553,#15705);
#15705 = DEFINITIONAL_REPRESENTATION('',(#15706),#15710);
#15706 = LINE('',#15707,#15708);
#15707 = CARTESIAN_POINT('',(6.28318530718,-0.));
#15708 = VECTOR('',#15709,1.);
#15709 = DIRECTION('',(0.,1.));
#15710 = ( GEOMETRIC_REPRESENTATION_CONTEXT(2) 
PARAMETRIC_REPRESENTATION_CONTEXT() REPRESENTATION_CONTEXT('2D SPACE',''
  ) );
#15711 = PCURVE('',#4553,#15712);
#15712 = DEFINITIONAL_REPRESENTATION('',(#15713),#15717);
#15713 = LINE('',#15714,#15715);
#15714 = CARTESIAN_POINT('',(0.,-0.));
#15715 = VECTOR('',#15716,1.);
#15716 = DIRECTION('',(0.,1.));
#15717 = ( GEOMETRIC_REPRESENTATION_CONTEXT(2) 
PARAMETRIC_REPRESENTATION_CONTEXT() REPRESENTATION_CONTEXT('2D SPACE',''
  ) );
#15718 = ORIENTED_EDGE('',*,*,#4532,.T.);
#15719 = ORIENTED_EDGE('',*,*,#15698,.T.);
#15720 = ADVANCED_FACE('',(#15721),#4588,.F.);
#15721 = FACE_BOUND('',#15722,.F.);
#15722 = EDGE_LOOP('',(#15723,#15724,#15745,#15746));
#15723 = ORIENTED_EDGE('',*,*,#10499,.F.);
#15724 = ORIENTED_EDGE('',*,*,#15725,.F.);
#15725 = EDGE_CURVE('',#4568,#10500,#15726,.T.);
#15726 = SEAM_CURVE('',#15727,(#15731,#15738),.PCURVE_S1.);
#15727 = LINE('',#15728,#15729);
#15728 = CARTESIAN_POINT('',(255.5,-110.53,-1.E-02));
#15729 = VECTOR('',#15730,1.);
#15730 = DIRECTION('',(0.,0.,1.));
#15731 = PCURVE('',#4588,#15732);
#15732 = DEFINITIONAL_REPRESENTATION('',(#15733),#15737);
#15733 = LINE('',#15734,#15735);
#15734 = CARTESIAN_POINT('',(6.28318530718,-0.));
#15735 = VECTOR('',#15736,1.);
#15736 = DIRECTION('',(0.,1.));
#15737 = ( GEOMETRIC_REPRESENTATION_CONTEXT(2) 
PARAMETRIC_REPRESENTATION_CONTEXT() REPRESENTATION_CONTEXT('2D SPACE',''
  ) );
#15738 = PCURVE('',#4588,#15739);
#15739 = DEFINITIONAL_REPRESENTATION('',(#15740),#15744);
#15740 = LINE('',#15741,#15742);
#15741 = CARTESIAN_POINT('',(0.,-0.));
#15742 = VECTOR('',#15743,1.);
#15743 = DIRECTION('',(0.,1.));
#15744 = ( GEOMETRIC_REPRESENTATION_CONTEXT(2) 
PARAMETRIC_REPRESENTATION_CONTEXT() REPRESENTATION_CONTEXT('2D SPACE',''
  ) );
#15745 = ORIENTED_EDGE('',*,*,#4567,.T.);
#15746 = ORIENTED_EDGE('',*,*,#15725,.T.);
#15747 = ADVANCED_FACE('',(#15748),#4623,.F.);
#15748 = FACE_BOUND('',#15749,.F.);
#15749 = EDGE_LOOP('',(#15750,#15751,#15772,#15773));
#15750 = ORIENTED_EDGE('',*,*,#10529,.F.);
#15751 = ORIENTED_EDGE('',*,*,#15752,.F.);
#15752 = EDGE_CURVE('',#4603,#10530,#15753,.T.);
#15753 = SEAM_CURVE('',#15754,(#15758,#15765),.PCURVE_S1.);
#15754 = LINE('',#15755,#15756);
#15755 = CARTESIAN_POINT('',(250.42,-110.53,-1.E-02));
#15756 = VECTOR('',#15757,1.);
#15757 = DIRECTION('',(0.,0.,1.));
#15758 = PCURVE('',#4623,#15759);
#15759 = DEFINITIONAL_REPRESENTATION('',(#15760),#15764);
#15760 = LINE('',#15761,#15762);
#15761 = CARTESIAN_POINT('',(6.28318530718,-0.));
#15762 = VECTOR('',#15763,1.);
#15763 = DIRECTION('',(0.,1.));
#15764 = ( GEOMETRIC_REPRESENTATION_CONTEXT(2) 
PARAMETRIC_REPRESENTATION_CONTEXT() REPRESENTATION_CONTEXT('2D SPACE',''
  ) );
#15765 = PCURVE('',#4623,#15766);
#15766 = DEFINITIONAL_REPRESENTATION('',(#15767),#15771);
#15767 = LINE('',#15768,#15769);
#15768 = CARTESIAN_POINT('',(0.,-0.));
#15769 = VECTOR('',#15770,1.);
#15770 = DIRECTION('',(0.,1.));
#15771 = ( GEOMETRIC_REPRESENTATION_CONTEXT(2) 
PARAMETRIC_REPRESENTATION_CONTEXT() REPRESENTATION_CONTEXT('2D SPACE',''
  ) );
#15772 = ORIENTED_EDGE('',*,*,#4602,.T.);
#15773 = ORIENTED_EDGE('',*,*,#15752,.T.);
#15774 = ADVANCED_FACE('',(#15775),#4658,.F.);
#15775 = FACE_BOUND('',#15776,.F.);
#15776 = EDGE_LOOP('',(#15777,#15778,#15799,#15800));
#15777 = ORIENTED_EDGE('',*,*,#10559,.F.);
#15778 = ORIENTED_EDGE('',*,*,#15779,.F.);
#15779 = EDGE_CURVE('',#4638,#10560,#15780,.T.);
#15780 = SEAM_CURVE('',#15781,(#15785,#15792),.PCURVE_S1.);
#15781 = LINE('',#15782,#15783);
#15782 = CARTESIAN_POINT('',(238.45,-130.2,-1.E-02));
#15783 = VECTOR('',#15784,1.);
#15784 = DIRECTION('',(0.,0.,1.));
#15785 = PCURVE('',#4658,#15786);
#15786 = DEFINITIONAL_REPRESENTATION('',(#15787),#15791);
#15787 = LINE('',#15788,#15789);
#15788 = CARTESIAN_POINT('',(6.28318530718,-0.));
#15789 = VECTOR('',#15790,1.);
#15790 = DIRECTION('',(0.,1.));
#15791 = ( GEOMETRIC_REPRESENTATION_CONTEXT(2) 
PARAMETRIC_REPRESENTATION_CONTEXT() REPRESENTATION_CONTEXT('2D SPACE',''
  ) );
#15792 = PCURVE('',#4658,#15793);
#15793 = DEFINITIONAL_REPRESENTATION('',(#15794),#15798);
#15794 = LINE('',#15795,#15796);
#15795 = CARTESIAN_POINT('',(0.,-0.));
#15796 = VECTOR('',#15797,1.);
#15797 = DIRECTION('',(0.,1.));
#15798 = ( GEOMETRIC_REPRESENTATION_CONTEXT(2) 
PARAMETRIC_REPRESENTATION_CONTEXT() REPRESENTATION_CONTEXT('2D SPACE',''
  ) );
#15799 = ORIENTED_EDGE('',*,*,#4637,.T.);
#15800 = ORIENTED_EDGE('',*,*,#15779,.T.);
#15801 = ADVANCED_FACE('',(#15802),#4693,.F.);
#15802 = FACE_BOUND('',#15803,.F.);
#15803 = EDGE_LOOP('',(#15804,#15805,#15826,#15827));
#15804 = ORIENTED_EDGE('',*,*,#10589,.F.);
#15805 = ORIENTED_EDGE('',*,*,#15806,.F.);
#15806 = EDGE_CURVE('',#4673,#10590,#15807,.T.);
#15807 = SEAM_CURVE('',#15808,(#15812,#15819),.PCURVE_S1.);
#15808 = LINE('',#15809,#15810);
#15809 = CARTESIAN_POINT('',(226.45,-130.2,-1.E-02));
#15810 = VECTOR('',#15811,1.);
#15811 = DIRECTION('',(0.,0.,1.));
#15812 = PCURVE('',#4693,#15813);
#15813 = DEFINITIONAL_REPRESENTATION('',(#15814),#15818);
#15814 = LINE('',#15815,#15816);
#15815 = CARTESIAN_POINT('',(6.28318530718,-0.));
#15816 = VECTOR('',#15817,1.);
#15817 = DIRECTION('',(0.,1.));
#15818 = ( GEOMETRIC_REPRESENTATION_CONTEXT(2) 
PARAMETRIC_REPRESENTATION_CONTEXT() REPRESENTATION_CONTEXT('2D SPACE',''
  ) );
#15819 = PCURVE('',#4693,#15820);
#15820 = DEFINITIONAL_REPRESENTATION('',(#15821),#15825);
#15821 = LINE('',#15822,#15823);
#15822 = CARTESIAN_POINT('',(0.,-0.));
#15823 = VECTOR('',#15824,1.);
#15824 = DIRECTION('',(0.,1.));
#15825 = ( GEOMETRIC_REPRESENTATION_CONTEXT(2) 
PARAMETRIC_REPRESENTATION_CONTEXT() REPRESENTATION_CONTEXT('2D SPACE',''
  ) );
#15826 = ORIENTED_EDGE('',*,*,#4672,.T.);
#15827 = ORIENTED_EDGE('',*,*,#15806,.T.);
#15828 = ADVANCED_FACE('',(#15829),#4728,.F.);
#15829 = FACE_BOUND('',#15830,.F.);
#15830 = EDGE_LOOP('',(#15831,#15832,#15853,#15854));
#15831 = ORIENTED_EDGE('',*,*,#10619,.F.);
#15832 = ORIENTED_EDGE('',*,*,#15833,.F.);
#15833 = EDGE_CURVE('',#4708,#10620,#15834,.T.);
#15834 = SEAM_CURVE('',#15835,(#15839,#15846),.PCURVE_S1.);
#15835 = LINE('',#15836,#15837);
#15836 = CARTESIAN_POINT('',(215.45,-130.2,-1.E-02));
#15837 = VECTOR('',#15838,1.);
#15838 = DIRECTION('',(0.,0.,1.));
#15839 = PCURVE('',#4728,#15840);
#15840 = DEFINITIONAL_REPRESENTATION('',(#15841),#15845);
#15841 = LINE('',#15842,#15843);
#15842 = CARTESIAN_POINT('',(6.28318530718,-0.));
#15843 = VECTOR('',#15844,1.);
#15844 = DIRECTION('',(0.,1.));
#15845 = ( GEOMETRIC_REPRESENTATION_CONTEXT(2) 
PARAMETRIC_REPRESENTATION_CONTEXT() REPRESENTATION_CONTEXT('2D SPACE',''
  ) );
#15846 = PCURVE('',#4728,#15847);
#15847 = DEFINITIONAL_REPRESENTATION('',(#15848),#15852);
#15848 = LINE('',#15849,#15850);
#15849 = CARTESIAN_POINT('',(0.,-0.));
#15850 = VECTOR('',#15851,1.);
#15851 = DIRECTION('',(0.,1.));
#15852 = ( GEOMETRIC_REPRESENTATION_CONTEXT(2) 
PARAMETRIC_REPRESENTATION_CONTEXT() REPRESENTATION_CONTEXT('2D SPACE',''
  ) );
#15853 = ORIENTED_EDGE('',*,*,#4707,.T.);
#15854 = ORIENTED_EDGE('',*,*,#15833,.T.);
#15855 = ADVANCED_FACE('',(#15856),#4763,.F.);
#15856 = FACE_BOUND('',#15857,.F.);
#15857 = EDGE_LOOP('',(#15858,#15859,#15880,#15881));
#15858 = ORIENTED_EDGE('',*,*,#10649,.F.);
#15859 = ORIENTED_EDGE('',*,*,#15860,.F.);
#15860 = EDGE_CURVE('',#4743,#10650,#15861,.T.);
#15861 = SEAM_CURVE('',#15862,(#15866,#15873),.PCURVE_S1.);
#15862 = LINE('',#15863,#15864);
#15863 = CARTESIAN_POINT('',(203.45,-130.2,-1.E-02));
#15864 = VECTOR('',#15865,1.);
#15865 = DIRECTION('',(0.,0.,1.));
#15866 = PCURVE('',#4763,#15867);
#15867 = DEFINITIONAL_REPRESENTATION('',(#15868),#15872);
#15868 = LINE('',#15869,#15870);
#15869 = CARTESIAN_POINT('',(6.28318530718,-0.));
#15870 = VECTOR('',#15871,1.);
#15871 = DIRECTION('',(0.,1.));
#15872 = ( GEOMETRIC_REPRESENTATION_CONTEXT(2) 
PARAMETRIC_REPRESENTATION_CONTEXT() REPRESENTATION_CONTEXT('2D SPACE',''
  ) );
#15873 = PCURVE('',#4763,#15874);
#15874 = DEFINITIONAL_REPRESENTATION('',(#15875),#15879);
#15875 = LINE('',#15876,#15877);
#15876 = CARTESIAN_POINT('',(0.,-0.));
#15877 = VECTOR('',#15878,1.);
#15878 = DIRECTION('',(0.,1.));
#15879 = ( GEOMETRIC_REPRESENTATION_CONTEXT(2) 
PARAMETRIC_REPRESENTATION_CONTEXT() REPRESENTATION_CONTEXT('2D SPACE',''
  ) );
#15880 = ORIENTED_EDGE('',*,*,#4742,.T.);
#15881 = ORIENTED_EDGE('',*,*,#15860,.T.);
#15882 = ADVANCED_FACE('',(#15883),#4798,.F.);
#15883 = FACE_BOUND('',#15884,.F.);
#15884 = EDGE_LOOP('',(#15885,#15886,#15907,#15908));
#15885 = ORIENTED_EDGE('',*,*,#10679,.F.);
#15886 = ORIENTED_EDGE('',*,*,#15887,.F.);
#15887 = EDGE_CURVE('',#4778,#10680,#15888,.T.);
#15888 = SEAM_CURVE('',#15889,(#15893,#15900),.PCURVE_S1.);
#15889 = LINE('',#15890,#15891);
#15890 = CARTESIAN_POINT('',(238.45,-118.,-1.E-02));
#15891 = VECTOR('',#15892,1.);
#15892 = DIRECTION('',(0.,0.,1.));
#15893 = PCURVE('',#4798,#15894);
#15894 = DEFINITIONAL_REPRESENTATION('',(#15895),#15899);
#15895 = LINE('',#15896,#15897);
#15896 = CARTESIAN_POINT('',(6.28318530718,-0.));
#15897 = VECTOR('',#15898,1.);
#15898 = DIRECTION('',(0.,1.));
#15899 = ( GEOMETRIC_REPRESENTATION_CONTEXT(2) 
PARAMETRIC_REPRESENTATION_CONTEXT() REPRESENTATION_CONTEXT('2D SPACE',''
  ) );
#15900 = PCURVE('',#4798,#15901);
#15901 = DEFINITIONAL_REPRESENTATION('',(#15902),#15906);
#15902 = LINE('',#15903,#15904);
#15903 = CARTESIAN_POINT('',(0.,-0.));
#15904 = VECTOR('',#15905,1.);
#15905 = DIRECTION('',(0.,1.));
#15906 = ( GEOMETRIC_REPRESENTATION_CONTEXT(2) 
PARAMETRIC_REPRESENTATION_CONTEXT() REPRESENTATION_CONTEXT('2D SPACE',''
  ) );
#15907 = ORIENTED_EDGE('',*,*,#4777,.T.);
#15908 = ORIENTED_EDGE('',*,*,#15887,.T.);
#15909 = ADVANCED_FACE('',(#15910),#4833,.F.);
#15910 = FACE_BOUND('',#15911,.F.);
#15911 = EDGE_LOOP('',(#15912,#15913,#15934,#15935));
#15912 = ORIENTED_EDGE('',*,*,#10709,.F.);
#15913 = ORIENTED_EDGE('',*,*,#15914,.F.);
#15914 = EDGE_CURVE('',#4813,#10710,#15915,.T.);
#15915 = SEAM_CURVE('',#15916,(#15920,#15927),.PCURVE_S1.);
#15916 = LINE('',#15917,#15918);
#15917 = CARTESIAN_POINT('',(226.45,-118.,-1.E-02));
#15918 = VECTOR('',#15919,1.);
#15919 = DIRECTION('',(0.,0.,1.));
#15920 = PCURVE('',#4833,#15921);
#15921 = DEFINITIONAL_REPRESENTATION('',(#15922),#15926);
#15922 = LINE('',#15923,#15924);
#15923 = CARTESIAN_POINT('',(6.28318530718,-0.));
#15924 = VECTOR('',#15925,1.);
#15925 = DIRECTION('',(0.,1.));
#15926 = ( GEOMETRIC_REPRESENTATION_CONTEXT(2) 
PARAMETRIC_REPRESENTATION_CONTEXT() REPRESENTATION_CONTEXT('2D SPACE',''
  ) );
#15927 = PCURVE('',#4833,#15928);
#15928 = DEFINITIONAL_REPRESENTATION('',(#15929),#15933);
#15929 = LINE('',#15930,#15931);
#15930 = CARTESIAN_POINT('',(0.,-0.));
#15931 = VECTOR('',#15932,1.);
#15932 = DIRECTION('',(0.,1.));
#15933 = ( GEOMETRIC_REPRESENTATION_CONTEXT(2) 
PARAMETRIC_REPRESENTATION_CONTEXT() REPRESENTATION_CONTEXT('2D SPACE',''
  ) );
#15934 = ORIENTED_EDGE('',*,*,#4812,.T.);
#15935 = ORIENTED_EDGE('',*,*,#15914,.T.);
#15936 = ADVANCED_FACE('',(#15937),#4868,.F.);
#15937 = FACE_BOUND('',#15938,.F.);
#15938 = EDGE_LOOP('',(#15939,#15940,#15961,#15962));
#15939 = ORIENTED_EDGE('',*,*,#10739,.F.);
#15940 = ORIENTED_EDGE('',*,*,#15941,.F.);
#15941 = EDGE_CURVE('',#4848,#10740,#15942,.T.);
#15942 = SEAM_CURVE('',#15943,(#15947,#15954),.PCURVE_S1.);
#15943 = LINE('',#15944,#15945);
#15944 = CARTESIAN_POINT('',(232.45,-116.,-1.E-02));
#15945 = VECTOR('',#15946,1.);
#15946 = DIRECTION('',(0.,0.,1.));
#15947 = PCURVE('',#4868,#15948);
#15948 = DEFINITIONAL_REPRESENTATION('',(#15949),#15953);
#15949 = LINE('',#15950,#15951);
#15950 = CARTESIAN_POINT('',(6.28318530718,-0.));
#15951 = VECTOR('',#15952,1.);
#15952 = DIRECTION('',(0.,1.));
#15953 = ( GEOMETRIC_REPRESENTATION_CONTEXT(2) 
PARAMETRIC_REPRESENTATION_CONTEXT() REPRESENTATION_CONTEXT('2D SPACE',''
  ) );
#15954 = PCURVE('',#4868,#15955);
#15955 = DEFINITIONAL_REPRESENTATION('',(#15956),#15960);
#15956 = LINE('',#15957,#15958);
#15957 = CARTESIAN_POINT('',(0.,-0.));
#15958 = VECTOR('',#15959,1.);
#15959 = DIRECTION('',(0.,1.));
#15960 = ( GEOMETRIC_REPRESENTATION_CONTEXT(2) 
PARAMETRIC_REPRESENTATION_CONTEXT() REPRESENTATION_CONTEXT('2D SPACE',''
  ) );
#15961 = ORIENTED_EDGE('',*,*,#4847,.T.);
#15962 = ORIENTED_EDGE('',*,*,#15941,.T.);
#15963 = ADVANCED_FACE('',(#15964),#4903,.F.);
#15964 = FACE_BOUND('',#15965,.F.);
#15965 = EDGE_LOOP('',(#15966,#15967,#15988,#15989));
#15966 = ORIENTED_EDGE('',*,*,#10769,.F.);
#15967 = ORIENTED_EDGE('',*,*,#15968,.F.);
#15968 = EDGE_CURVE('',#4883,#10770,#15969,.T.);
#15969 = SEAM_CURVE('',#15970,(#15974,#15981),.PCURVE_S1.);
#15970 = LINE('',#15971,#15972);
#15971 = CARTESIAN_POINT('',(237.58,-110.53,-1.E-02));
#15972 = VECTOR('',#15973,1.);
#15973 = DIRECTION('',(0.,0.,1.));
#15974 = PCURVE('',#4903,#15975);
#15975 = DEFINITIONAL_REPRESENTATION('',(#15976),#15980);
#15976 = LINE('',#15977,#15978);
#15977 = CARTESIAN_POINT('',(6.28318530718,-0.));
#15978 = VECTOR('',#15979,1.);
#15979 = DIRECTION('',(0.,1.));
#15980 = ( GEOMETRIC_REPRESENTATION_CONTEXT(2) 
PARAMETRIC_REPRESENTATION_CONTEXT() REPRESENTATION_CONTEXT('2D SPACE',''
  ) );
#15981 = PCURVE('',#4903,#15982);
#15982 = DEFINITIONAL_REPRESENTATION('',(#15983),#15987);
#15983 = LINE('',#15984,#15985);
#15984 = CARTESIAN_POINT('',(0.,-0.));
#15985 = VECTOR('',#15986,1.);
#15986 = DIRECTION('',(0.,1.));
#15987 = ( GEOMETRIC_REPRESENTATION_CONTEXT(2) 
PARAMETRIC_REPRESENTATION_CONTEXT() REPRESENTATION_CONTEXT('2D SPACE',''
  ) );
#15988 = ORIENTED_EDGE('',*,*,#4882,.T.);
#15989 = ORIENTED_EDGE('',*,*,#15968,.T.);
#15990 = ADVANCED_FACE('',(#15991),#4938,.F.);
#15991 = FACE_BOUND('',#15992,.F.);
#15992 = EDGE_LOOP('',(#15993,#15994,#16015,#16016));
#15993 = ORIENTED_EDGE('',*,*,#10799,.F.);
#15994 = ORIENTED_EDGE('',*,*,#15995,.F.);
#15995 = EDGE_CURVE('',#4918,#10800,#15996,.T.);
#15996 = SEAM_CURVE('',#15997,(#16001,#16008),.PCURVE_S1.);
#15997 = LINE('',#15998,#15999);
#15998 = CARTESIAN_POINT('',(232.5,-110.53,-1.E-02));
#15999 = VECTOR('',#16000,1.);
#16000 = DIRECTION('',(0.,0.,1.));
#16001 = PCURVE('',#4938,#16002);
#16002 = DEFINITIONAL_REPRESENTATION('',(#16003),#16007);
#16003 = LINE('',#16004,#16005);
#16004 = CARTESIAN_POINT('',(6.28318530718,-0.));
#16005 = VECTOR('',#16006,1.);
#16006 = DIRECTION('',(0.,1.));
#16007 = ( GEOMETRIC_REPRESENTATION_CONTEXT(2) 
PARAMETRIC_REPRESENTATION_CONTEXT() REPRESENTATION_CONTEXT('2D SPACE',''
  ) );
#16008 = PCURVE('',#4938,#16009);
#16009 = DEFINITIONAL_REPRESENTATION('',(#16010),#16014);
#16010 = LINE('',#16011,#16012);
#16011 = CARTESIAN_POINT('',(0.,-0.));
#16012 = VECTOR('',#16013,1.);
#16013 = DIRECTION('',(0.,1.));
#16014 = ( GEOMETRIC_REPRESENTATION_CONTEXT(2) 
PARAMETRIC_REPRESENTATION_CONTEXT() REPRESENTATION_CONTEXT('2D SPACE',''
  ) );
#16015 = ORIENTED_EDGE('',*,*,#4917,.T.);
#16016 = ORIENTED_EDGE('',*,*,#15995,.T.);
#16017 = ADVANCED_FACE('',(#16018),#4973,.F.);
#16018 = FACE_BOUND('',#16019,.F.);
#16019 = EDGE_LOOP('',(#16020,#16021,#16042,#16043));
#16020 = ORIENTED_EDGE('',*,*,#10829,.F.);
#16021 = ORIENTED_EDGE('',*,*,#16022,.F.);
#16022 = EDGE_CURVE('',#4953,#10830,#16023,.T.);
#16023 = SEAM_CURVE('',#16024,(#16028,#16035),.PCURVE_S1.);
#16024 = LINE('',#16025,#16026);
#16025 = CARTESIAN_POINT('',(227.42,-110.53,-1.E-02));
#16026 = VECTOR('',#16027,1.);
#16027 = DIRECTION('',(0.,0.,1.));
#16028 = PCURVE('',#4973,#16029);
#16029 = DEFINITIONAL_REPRESENTATION('',(#16030),#16034);
#16030 = LINE('',#16031,#16032);
#16031 = CARTESIAN_POINT('',(6.28318530718,-0.));
#16032 = VECTOR('',#16033,1.);
#16033 = DIRECTION('',(0.,1.));
#16034 = ( GEOMETRIC_REPRESENTATION_CONTEXT(2) 
PARAMETRIC_REPRESENTATION_CONTEXT() REPRESENTATION_CONTEXT('2D SPACE',''
  ) );
#16035 = PCURVE('',#4973,#16036);
#16036 = DEFINITIONAL_REPRESENTATION('',(#16037),#16041);
#16037 = LINE('',#16038,#16039);
#16038 = CARTESIAN_POINT('',(0.,-0.));
#16039 = VECTOR('',#16040,1.);
#16040 = DIRECTION('',(0.,1.));
#16041 = ( GEOMETRIC_REPRESENTATION_CONTEXT(2) 
PARAMETRIC_REPRESENTATION_CONTEXT() REPRESENTATION_CONTEXT('2D SPACE',''
  ) );
#16042 = ORIENTED_EDGE('',*,*,#4952,.T.);
#16043 = ORIENTED_EDGE('',*,*,#16022,.T.);
#16044 = ADVANCED_FACE('',(#16045),#5008,.F.);
#16045 = FACE_BOUND('',#16046,.F.);
#16046 = EDGE_LOOP('',(#16047,#16048,#16069,#16070));
#16047 = ORIENTED_EDGE('',*,*,#10859,.F.);
#16048 = ORIENTED_EDGE('',*,*,#16049,.F.);
#16049 = EDGE_CURVE('',#4988,#10860,#16050,.T.);
#16050 = SEAM_CURVE('',#16051,(#16055,#16062),.PCURVE_S1.);
#16051 = LINE('',#16052,#16053);
#16052 = CARTESIAN_POINT('',(215.45,-118.,-1.E-02));
#16053 = VECTOR('',#16054,1.);
#16054 = DIRECTION('',(0.,0.,1.));
#16055 = PCURVE('',#5008,#16056);
#16056 = DEFINITIONAL_REPRESENTATION('',(#16057),#16061);
#16057 = LINE('',#16058,#16059);
#16058 = CARTESIAN_POINT('',(6.28318530718,-0.));
#16059 = VECTOR('',#16060,1.);
#16060 = DIRECTION('',(0.,1.));
#16061 = ( GEOMETRIC_REPRESENTATION_CONTEXT(2) 
PARAMETRIC_REPRESENTATION_CONTEXT() REPRESENTATION_CONTEXT('2D SPACE',''
  ) );
#16062 = PCURVE('',#5008,#16063);
#16063 = DEFINITIONAL_REPRESENTATION('',(#16064),#16068);
#16064 = LINE('',#16065,#16066);
#16065 = CARTESIAN_POINT('',(0.,-0.));
#16066 = VECTOR('',#16067,1.);
#16067 = DIRECTION('',(0.,1.));
#16068 = ( GEOMETRIC_REPRESENTATION_CONTEXT(2) 
PARAMETRIC_REPRESENTATION_CONTEXT() REPRESENTATION_CONTEXT('2D SPACE',''
  ) );
#16069 = ORIENTED_EDGE('',*,*,#4987,.T.);
#16070 = ORIENTED_EDGE('',*,*,#16049,.T.);
#16071 = ADVANCED_FACE('',(#16072),#5043,.F.);
#16072 = FACE_BOUND('',#16073,.F.);
#16073 = EDGE_LOOP('',(#16074,#16075,#16096,#16097));
#16074 = ORIENTED_EDGE('',*,*,#10889,.F.);
#16075 = ORIENTED_EDGE('',*,*,#16076,.F.);
#16076 = EDGE_CURVE('',#5023,#10890,#16077,.T.);
#16077 = SEAM_CURVE('',#16078,(#16082,#16089),.PCURVE_S1.);
#16078 = LINE('',#16079,#16080);
#16079 = CARTESIAN_POINT('',(203.45,-118.,-1.E-02));
#16080 = VECTOR('',#16081,1.);
#16081 = DIRECTION('',(0.,0.,1.));
#16082 = PCURVE('',#5043,#16083);
#16083 = DEFINITIONAL_REPRESENTATION('',(#16084),#16088);
#16084 = LINE('',#16085,#16086);
#16085 = CARTESIAN_POINT('',(6.28318530718,-0.));
#16086 = VECTOR('',#16087,1.);
#16087 = DIRECTION('',(0.,1.));
#16088 = ( GEOMETRIC_REPRESENTATION_CONTEXT(2) 
PARAMETRIC_REPRESENTATION_CONTEXT() REPRESENTATION_CONTEXT('2D SPACE',''
  ) );
#16089 = PCURVE('',#5043,#16090);
#16090 = DEFINITIONAL_REPRESENTATION('',(#16091),#16095);
#16091 = LINE('',#16092,#16093);
#16092 = CARTESIAN_POINT('',(0.,-0.));
#16093 = VECTOR('',#16094,1.);
#16094 = DIRECTION('',(0.,1.));
#16095 = ( GEOMETRIC_REPRESENTATION_CONTEXT(2) 
PARAMETRIC_REPRESENTATION_CONTEXT() REPRESENTATION_CONTEXT('2D SPACE',''
  ) );
#16096 = ORIENTED_EDGE('',*,*,#5022,.T.);
#16097 = ORIENTED_EDGE('',*,*,#16076,.T.);
#16098 = ADVANCED_FACE('',(#16099),#5078,.F.);
#16099 = FACE_BOUND('',#16100,.F.);
#16100 = EDGE_LOOP('',(#16101,#16102,#16123,#16124));
#16101 = ORIENTED_EDGE('',*,*,#10919,.F.);
#16102 = ORIENTED_EDGE('',*,*,#16103,.F.);
#16103 = EDGE_CURVE('',#5058,#10920,#16104,.T.);
#16104 = SEAM_CURVE('',#16105,(#16109,#16116),.PCURVE_S1.);
#16105 = LINE('',#16106,#16107);
#16106 = CARTESIAN_POINT('',(209.45,-116.,-1.E-02));
#16107 = VECTOR('',#16108,1.);
#16108 = DIRECTION('',(0.,0.,1.));
#16109 = PCURVE('',#5078,#16110);
#16110 = DEFINITIONAL_REPRESENTATION('',(#16111),#16115);
#16111 = LINE('',#16112,#16113);
#16112 = CARTESIAN_POINT('',(6.28318530718,-0.));
#16113 = VECTOR('',#16114,1.);
#16114 = DIRECTION('',(0.,1.));
#16115 = ( GEOMETRIC_REPRESENTATION_CONTEXT(2) 
PARAMETRIC_REPRESENTATION_CONTEXT() REPRESENTATION_CONTEXT('2D SPACE',''
  ) );
#16116 = PCURVE('',#5078,#16117);
#16117 = DEFINITIONAL_REPRESENTATION('',(#16118),#16122);
#16118 = LINE('',#16119,#16120);
#16119 = CARTESIAN_POINT('',(0.,-0.));
#16120 = VECTOR('',#16121,1.);
#16121 = DIRECTION('',(0.,1.));
#16122 = ( GEOMETRIC_REPRESENTATION_CONTEXT(2) 
PARAMETRIC_REPRESENTATION_CONTEXT() REPRESENTATION_CONTEXT('2D SPACE',''
  ) );
#16123 = ORIENTED_EDGE('',*,*,#5057,.T.);
#16124 = ORIENTED_EDGE('',*,*,#16103,.T.);
#16125 = ADVANCED_FACE('',(#16126),#5113,.F.);
#16126 = FACE_BOUND('',#16127,.F.);
#16127 = EDGE_LOOP('',(#16128,#16129,#16150,#16151));
#16128 = ORIENTED_EDGE('',*,*,#10949,.F.);
#16129 = ORIENTED_EDGE('',*,*,#16130,.F.);
#16130 = EDGE_CURVE('',#5093,#10950,#16131,.T.);
#16131 = SEAM_CURVE('',#16132,(#16136,#16143),.PCURVE_S1.);
#16132 = LINE('',#16133,#16134);
#16133 = CARTESIAN_POINT('',(214.58,-110.53,-1.E-02));
#16134 = VECTOR('',#16135,1.);
#16135 = DIRECTION('',(0.,0.,1.));
#16136 = PCURVE('',#5113,#16137);
#16137 = DEFINITIONAL_REPRESENTATION('',(#16138),#16142);
#16138 = LINE('',#16139,#16140);
#16139 = CARTESIAN_POINT('',(6.28318530718,-0.));
#16140 = VECTOR('',#16141,1.);
#16141 = DIRECTION('',(0.,1.));
#16142 = ( GEOMETRIC_REPRESENTATION_CONTEXT(2) 
PARAMETRIC_REPRESENTATION_CONTEXT() REPRESENTATION_CONTEXT('2D SPACE',''
  ) );
#16143 = PCURVE('',#5113,#16144);
#16144 = DEFINITIONAL_REPRESENTATION('',(#16145),#16149);
#16145 = LINE('',#16146,#16147);
#16146 = CARTESIAN_POINT('',(0.,-0.));
#16147 = VECTOR('',#16148,1.);
#16148 = DIRECTION('',(0.,1.));
#16149 = ( GEOMETRIC_REPRESENTATION_CONTEXT(2) 
PARAMETRIC_REPRESENTATION_CONTEXT() REPRESENTATION_CONTEXT('2D SPACE',''
  ) );
#16150 = ORIENTED_EDGE('',*,*,#5092,.T.);
#16151 = ORIENTED_EDGE('',*,*,#16130,.T.);
#16152 = ADVANCED_FACE('',(#16153),#5148,.F.);
#16153 = FACE_BOUND('',#16154,.F.);
#16154 = EDGE_LOOP('',(#16155,#16156,#16177,#16178));
#16155 = ORIENTED_EDGE('',*,*,#10979,.F.);
#16156 = ORIENTED_EDGE('',*,*,#16157,.F.);
#16157 = EDGE_CURVE('',#5128,#10980,#16158,.T.);
#16158 = SEAM_CURVE('',#16159,(#16163,#16170),.PCURVE_S1.);
#16159 = LINE('',#16160,#16161);
#16160 = CARTESIAN_POINT('',(209.5,-110.53,-1.E-02));
#16161 = VECTOR('',#16162,1.);
#16162 = DIRECTION('',(0.,0.,1.));
#16163 = PCURVE('',#5148,#16164);
#16164 = DEFINITIONAL_REPRESENTATION('',(#16165),#16169);
#16165 = LINE('',#16166,#16167);
#16166 = CARTESIAN_POINT('',(6.28318530718,-0.));
#16167 = VECTOR('',#16168,1.);
#16168 = DIRECTION('',(0.,1.));
#16169 = ( GEOMETRIC_REPRESENTATION_CONTEXT(2) 
PARAMETRIC_REPRESENTATION_CONTEXT() REPRESENTATION_CONTEXT('2D SPACE',''
  ) );
#16170 = PCURVE('',#5148,#16171);
#16171 = DEFINITIONAL_REPRESENTATION('',(#16172),#16176);
#16172 = LINE('',#16173,#16174);
#16173 = CARTESIAN_POINT('',(0.,-0.));
#16174 = VECTOR('',#16175,1.);
#16175 = DIRECTION('',(0.,1.));
#16176 = ( GEOMETRIC_REPRESENTATION_CONTEXT(2) 
PARAMETRIC_REPRESENTATION_CONTEXT() REPRESENTATION_CONTEXT('2D SPACE',''
  ) );
#16177 = ORIENTED_EDGE('',*,*,#5127,.T.);
#16178 = ORIENTED_EDGE('',*,*,#16157,.T.);
#16179 = ADVANCED_FACE('',(#16180),#5183,.F.);
#16180 = FACE_BOUND('',#16181,.F.);
#16181 = EDGE_LOOP('',(#16182,#16183,#16204,#16205));
#16182 = ORIENTED_EDGE('',*,*,#11009,.F.);
#16183 = ORIENTED_EDGE('',*,*,#16184,.F.);
#16184 = EDGE_CURVE('',#5163,#11010,#16185,.T.);
#16185 = SEAM_CURVE('',#16186,(#16190,#16197),.PCURVE_S1.);
#16186 = LINE('',#16187,#16188);
#16187 = CARTESIAN_POINT('',(204.42,-110.53,-1.E-02));
#16188 = VECTOR('',#16189,1.);
#16189 = DIRECTION('',(0.,0.,1.));
#16190 = PCURVE('',#5183,#16191);
#16191 = DEFINITIONAL_REPRESENTATION('',(#16192),#16196);
#16192 = LINE('',#16193,#16194);
#16193 = CARTESIAN_POINT('',(6.28318530718,-0.));
#16194 = VECTOR('',#16195,1.);
#16195 = DIRECTION('',(0.,1.));
#16196 = ( GEOMETRIC_REPRESENTATION_CONTEXT(2) 
PARAMETRIC_REPRESENTATION_CONTEXT() REPRESENTATION_CONTEXT('2D SPACE',''
  ) );
#16197 = PCURVE('',#5183,#16198);
#16198 = DEFINITIONAL_REPRESENTATION('',(#16199),#16203);
#16199 = LINE('',#16200,#16201);
#16200 = CARTESIAN_POINT('',(0.,-0.));
#16201 = VECTOR('',#16202,1.);
#16202 = DIRECTION('',(0.,1.));
#16203 = ( GEOMETRIC_REPRESENTATION_CONTEXT(2) 
PARAMETRIC_REPRESENTATION_CONTEXT() REPRESENTATION_CONTEXT('2D SPACE',''
  ) );
#16204 = ORIENTED_EDGE('',*,*,#5162,.T.);
#16205 = ORIENTED_EDGE('',*,*,#16184,.T.);
#16206 = ADVANCED_FACE('',(#16207),#5218,.F.);
#16207 = FACE_BOUND('',#16208,.F.);
#16208 = EDGE_LOOP('',(#16209,#16210,#16231,#16232));
#16209 = ORIENTED_EDGE('',*,*,#11039,.F.);
#16210 = ORIENTED_EDGE('',*,*,#16211,.F.);
#16211 = EDGE_CURVE('',#5198,#11040,#16212,.T.);
#16212 = SEAM_CURVE('',#16213,(#16217,#16224),.PCURVE_S1.);
#16213 = LINE('',#16214,#16215);
#16214 = CARTESIAN_POINT('',(150.65,-176.,-1.E-02));
#16215 = VECTOR('',#16216,1.);
#16216 = DIRECTION('',(0.,0.,1.));
#16217 = PCURVE('',#5218,#16218);
#16218 = DEFINITIONAL_REPRESENTATION('',(#16219),#16223);
#16219 = LINE('',#16220,#16221);
#16220 = CARTESIAN_POINT('',(6.28318530718,-0.));
#16221 = VECTOR('',#16222,1.);
#16222 = DIRECTION('',(0.,1.));
#16223 = ( GEOMETRIC_REPRESENTATION_CONTEXT(2) 
PARAMETRIC_REPRESENTATION_CONTEXT() REPRESENTATION_CONTEXT('2D SPACE',''
  ) );
#16224 = PCURVE('',#5218,#16225);
#16225 = DEFINITIONAL_REPRESENTATION('',(#16226),#16230);
#16226 = LINE('',#16227,#16228);
#16227 = CARTESIAN_POINT('',(0.,-0.));
#16228 = VECTOR('',#16229,1.);
#16229 = DIRECTION('',(0.,1.));
#16230 = ( GEOMETRIC_REPRESENTATION_CONTEXT(2) 
PARAMETRIC_REPRESENTATION_CONTEXT() REPRESENTATION_CONTEXT('2D SPACE',''
  ) );
#16231 = ORIENTED_EDGE('',*,*,#5197,.T.);
#16232 = ORIENTED_EDGE('',*,*,#16211,.T.);
#16233 = ADVANCED_FACE('',(#16234),#5253,.F.);
#16234 = FACE_BOUND('',#16235,.F.);
#16235 = EDGE_LOOP('',(#16236,#16237,#16258,#16259));
#16236 = ORIENTED_EDGE('',*,*,#11069,.F.);
#16237 = ORIENTED_EDGE('',*,*,#16238,.F.);
#16238 = EDGE_CURVE('',#5233,#11070,#16239,.T.);
#16239 = SEAM_CURVE('',#16240,(#16244,#16251),.PCURVE_S1.);
#16240 = LINE('',#16241,#16242);
#16241 = CARTESIAN_POINT('',(164.85,-170.,-1.E-02));
#16242 = VECTOR('',#16243,1.);
#16243 = DIRECTION('',(0.,0.,1.));
#16244 = PCURVE('',#5253,#16245);
#16245 = DEFINITIONAL_REPRESENTATION('',(#16246),#16250);
#16246 = LINE('',#16247,#16248);
#16247 = CARTESIAN_POINT('',(6.28318530718,-0.));
#16248 = VECTOR('',#16249,1.);
#16249 = DIRECTION('',(0.,1.));
#16250 = ( GEOMETRIC_REPRESENTATION_CONTEXT(2) 
PARAMETRIC_REPRESENTATION_CONTEXT() REPRESENTATION_CONTEXT('2D SPACE',''
  ) );
#16251 = PCURVE('',#5253,#16252);
#16252 = DEFINITIONAL_REPRESENTATION('',(#16253),#16257);
#16253 = LINE('',#16254,#16255);
#16254 = CARTESIAN_POINT('',(0.,-0.));
#16255 = VECTOR('',#16256,1.);
#16256 = DIRECTION('',(0.,1.));
#16257 = ( GEOMETRIC_REPRESENTATION_CONTEXT(2) 
PARAMETRIC_REPRESENTATION_CONTEXT() REPRESENTATION_CONTEXT('2D SPACE',''
  ) );
#16258 = ORIENTED_EDGE('',*,*,#5232,.T.);
#16259 = ORIENTED_EDGE('',*,*,#16238,.T.);
#16260 = ADVANCED_FACE('',(#16261),#5288,.F.);
#16261 = FACE_BOUND('',#16262,.F.);
#16262 = EDGE_LOOP('',(#16263,#16264,#16285,#16286));
#16263 = ORIENTED_EDGE('',*,*,#11099,.F.);
#16264 = ORIENTED_EDGE('',*,*,#16265,.F.);
#16265 = EDGE_CURVE('',#5268,#11100,#16266,.T.);
#16266 = SEAM_CURVE('',#16267,(#16271,#16278),.PCURVE_S1.);
#16267 = LINE('',#16268,#16269);
#16268 = CARTESIAN_POINT('',(164.85,-163.,-1.E-02));
#16269 = VECTOR('',#16270,1.);
#16270 = DIRECTION('',(0.,0.,1.));
#16271 = PCURVE('',#5288,#16272);
#16272 = DEFINITIONAL_REPRESENTATION('',(#16273),#16277);
#16273 = LINE('',#16274,#16275);
#16274 = CARTESIAN_POINT('',(6.28318530718,-0.));
#16275 = VECTOR('',#16276,1.);
#16276 = DIRECTION('',(0.,1.));
#16277 = ( GEOMETRIC_REPRESENTATION_CONTEXT(2) 
PARAMETRIC_REPRESENTATION_CONTEXT() REPRESENTATION_CONTEXT('2D SPACE',''
  ) );
#16278 = PCURVE('',#5288,#16279);
#16279 = DEFINITIONAL_REPRESENTATION('',(#16280),#16284);
#16280 = LINE('',#16281,#16282);
#16281 = CARTESIAN_POINT('',(0.,-0.));
#16282 = VECTOR('',#16283,1.);
#16283 = DIRECTION('',(0.,1.));
#16284 = ( GEOMETRIC_REPRESENTATION_CONTEXT(2) 
PARAMETRIC_REPRESENTATION_CONTEXT() REPRESENTATION_CONTEXT('2D SPACE',''
  ) );
#16285 = ORIENTED_EDGE('',*,*,#5267,.T.);
#16286 = ORIENTED_EDGE('',*,*,#16265,.T.);
#16287 = ADVANCED_FACE('',(#16288),#5323,.F.);
#16288 = FACE_BOUND('',#16289,.F.);
#16289 = EDGE_LOOP('',(#16290,#16291,#16312,#16313));
#16290 = ORIENTED_EDGE('',*,*,#11129,.F.);
#16291 = ORIENTED_EDGE('',*,*,#16292,.F.);
#16292 = EDGE_CURVE('',#5303,#11130,#16293,.T.);
#16293 = SEAM_CURVE('',#16294,(#16298,#16305),.PCURVE_S1.);
#16294 = LINE('',#16295,#16296);
#16295 = CARTESIAN_POINT('',(152.65,-170.,-1.E-02));
#16296 = VECTOR('',#16297,1.);
#16297 = DIRECTION('',(0.,0.,1.));
#16298 = PCURVE('',#5323,#16299);
#16299 = DEFINITIONAL_REPRESENTATION('',(#16300),#16304);
#16300 = LINE('',#16301,#16302);
#16301 = CARTESIAN_POINT('',(6.28318530718,-0.));
#16302 = VECTOR('',#16303,1.);
#16303 = DIRECTION('',(0.,1.));
#16304 = ( GEOMETRIC_REPRESENTATION_CONTEXT(2) 
PARAMETRIC_REPRESENTATION_CONTEXT() REPRESENTATION_CONTEXT('2D SPACE',''
  ) );
#16305 = PCURVE('',#5323,#16306);
#16306 = DEFINITIONAL_REPRESENTATION('',(#16307),#16311);
#16307 = LINE('',#16308,#16309);
#16308 = CARTESIAN_POINT('',(0.,-0.));
#16309 = VECTOR('',#16310,1.);
#16310 = DIRECTION('',(0.,1.));
#16311 = ( GEOMETRIC_REPRESENTATION_CONTEXT(2) 
PARAMETRIC_REPRESENTATION_CONTEXT() REPRESENTATION_CONTEXT('2D SPACE',''
  ) );
#16312 = ORIENTED_EDGE('',*,*,#5302,.T.);
#16313 = ORIENTED_EDGE('',*,*,#16292,.T.);
#16314 = ADVANCED_FACE('',(#16315),#5358,.F.);
#16315 = FACE_BOUND('',#16316,.F.);
#16316 = EDGE_LOOP('',(#16317,#16318,#16339,#16340));
#16317 = ORIENTED_EDGE('',*,*,#11159,.F.);
#16318 = ORIENTED_EDGE('',*,*,#16319,.F.);
#16319 = EDGE_CURVE('',#5338,#11160,#16320,.T.);
#16320 = SEAM_CURVE('',#16321,(#16325,#16332),.PCURVE_S1.);
#16321 = LINE('',#16322,#16323);
#16322 = CARTESIAN_POINT('',(152.65,-163.,-1.E-02));
#16323 = VECTOR('',#16324,1.);
#16324 = DIRECTION('',(0.,0.,1.));
#16325 = PCURVE('',#5358,#16326);
#16326 = DEFINITIONAL_REPRESENTATION('',(#16327),#16331);
#16327 = LINE('',#16328,#16329);
#16328 = CARTESIAN_POINT('',(6.28318530718,-0.));
#16329 = VECTOR('',#16330,1.);
#16330 = DIRECTION('',(0.,1.));
#16331 = ( GEOMETRIC_REPRESENTATION_CONTEXT(2) 
PARAMETRIC_REPRESENTATION_CONTEXT() REPRESENTATION_CONTEXT('2D SPACE',''
  ) );
#16332 = PCURVE('',#5358,#16333);
#16333 = DEFINITIONAL_REPRESENTATION('',(#16334),#16338);
#16334 = LINE('',#16335,#16336);
#16335 = CARTESIAN_POINT('',(0.,-0.));
#16336 = VECTOR('',#16337,1.);
#16337 = DIRECTION('',(0.,1.));
#16338 = ( GEOMETRIC_REPRESENTATION_CONTEXT(2) 
PARAMETRIC_REPRESENTATION_CONTEXT() REPRESENTATION_CONTEXT('2D SPACE',''
  ) );
#16339 = ORIENTED_EDGE('',*,*,#5337,.T.);
#16340 = ORIENTED_EDGE('',*,*,#16319,.T.);
#16341 = ADVANCED_FACE('',(#16342),#5393,.F.);
#16342 = FACE_BOUND('',#16343,.F.);
#16343 = EDGE_LOOP('',(#16344,#16345,#16366,#16367));
#16344 = ORIENTED_EDGE('',*,*,#11189,.F.);
#16345 = ORIENTED_EDGE('',*,*,#16346,.F.);
#16346 = EDGE_CURVE('',#5373,#11190,#16347,.T.);
#16347 = SEAM_CURVE('',#16348,(#16352,#16359),.PCURVE_S1.);
#16348 = LINE('',#16349,#16350);
#16349 = CARTESIAN_POINT('',(164.85,-151.,-1.E-02));
#16350 = VECTOR('',#16351,1.);
#16351 = DIRECTION('',(0.,0.,1.));
#16352 = PCURVE('',#5393,#16353);
#16353 = DEFINITIONAL_REPRESENTATION('',(#16354),#16358);
#16354 = LINE('',#16355,#16356);
#16355 = CARTESIAN_POINT('',(6.28318530718,-0.));
#16356 = VECTOR('',#16357,1.);
#16357 = DIRECTION('',(0.,1.));
#16358 = ( GEOMETRIC_REPRESENTATION_CONTEXT(2) 
PARAMETRIC_REPRESENTATION_CONTEXT() REPRESENTATION_CONTEXT('2D SPACE',''
  ) );
#16359 = PCURVE('',#5393,#16360);
#16360 = DEFINITIONAL_REPRESENTATION('',(#16361),#16365);
#16361 = LINE('',#16362,#16363);
#16362 = CARTESIAN_POINT('',(0.,-0.));
#16363 = VECTOR('',#16364,1.);
#16364 = DIRECTION('',(0.,1.));
#16365 = ( GEOMETRIC_REPRESENTATION_CONTEXT(2) 
PARAMETRIC_REPRESENTATION_CONTEXT() REPRESENTATION_CONTEXT('2D SPACE',''
  ) );
#16366 = ORIENTED_EDGE('',*,*,#5372,.T.);
#16367 = ORIENTED_EDGE('',*,*,#16346,.T.);
#16368 = ADVANCED_FACE('',(#16369),#5428,.F.);
#16369 = FACE_BOUND('',#16370,.F.);
#16370 = EDGE_LOOP('',(#16371,#16372,#16393,#16394));
#16371 = ORIENTED_EDGE('',*,*,#11219,.F.);
#16372 = ORIENTED_EDGE('',*,*,#16373,.F.);
#16373 = EDGE_CURVE('',#5408,#11220,#16374,.T.);
#16374 = SEAM_CURVE('',#16375,(#16379,#16386),.PCURVE_S1.);
#16375 = LINE('',#16376,#16377);
#16376 = CARTESIAN_POINT('',(150.65,-157.,-1.E-02));
#16377 = VECTOR('',#16378,1.);
#16378 = DIRECTION('',(0.,0.,1.));
#16379 = PCURVE('',#5428,#16380);
#16380 = DEFINITIONAL_REPRESENTATION('',(#16381),#16385);
#16381 = LINE('',#16382,#16383);
#16382 = CARTESIAN_POINT('',(6.28318530718,-0.));
#16383 = VECTOR('',#16384,1.);
#16384 = DIRECTION('',(0.,1.));
#16385 = ( GEOMETRIC_REPRESENTATION_CONTEXT(2) 
PARAMETRIC_REPRESENTATION_CONTEXT() REPRESENTATION_CONTEXT('2D SPACE',''
  ) );
#16386 = PCURVE('',#5428,#16387);
#16387 = DEFINITIONAL_REPRESENTATION('',(#16388),#16392);
#16388 = LINE('',#16389,#16390);
#16389 = CARTESIAN_POINT('',(0.,-0.));
#16390 = VECTOR('',#16391,1.);
#16391 = DIRECTION('',(0.,1.));
#16392 = ( GEOMETRIC_REPRESENTATION_CONTEXT(2) 
PARAMETRIC_REPRESENTATION_CONTEXT() REPRESENTATION_CONTEXT('2D SPACE',''
  ) );
#16393 = ORIENTED_EDGE('',*,*,#5407,.T.);
#16394 = ORIENTED_EDGE('',*,*,#16373,.T.);
#16395 = ADVANCED_FACE('',(#16396),#5463,.F.);
#16396 = FACE_BOUND('',#16397,.F.);
#16397 = EDGE_LOOP('',(#16398,#16399,#16420,#16421));
#16398 = ORIENTED_EDGE('',*,*,#11249,.F.);
#16399 = ORIENTED_EDGE('',*,*,#16400,.F.);
#16400 = EDGE_CURVE('',#5443,#11250,#16401,.T.);
#16401 = SEAM_CURVE('',#16402,(#16406,#16413),.PCURVE_S1.);
#16402 = LINE('',#16403,#16404);
#16403 = CARTESIAN_POINT('',(152.65,-151.,-1.E-02));
#16404 = VECTOR('',#16405,1.);
#16405 = DIRECTION('',(0.,0.,1.));
#16406 = PCURVE('',#5463,#16407);
#16407 = DEFINITIONAL_REPRESENTATION('',(#16408),#16412);
#16408 = LINE('',#16409,#16410);
#16409 = CARTESIAN_POINT('',(6.28318530718,-0.));
#16410 = VECTOR('',#16411,1.);
#16411 = DIRECTION('',(0.,1.));
#16412 = ( GEOMETRIC_REPRESENTATION_CONTEXT(2) 
PARAMETRIC_REPRESENTATION_CONTEXT() REPRESENTATION_CONTEXT('2D SPACE',''
  ) );
#16413 = PCURVE('',#5463,#16414);
#16414 = DEFINITIONAL_REPRESENTATION('',(#16415),#16419);
#16415 = LINE('',#16416,#16417);
#16416 = CARTESIAN_POINT('',(0.,-0.));
#16417 = VECTOR('',#16418,1.);
#16418 = DIRECTION('',(0.,1.));
#16419 = ( GEOMETRIC_REPRESENTATION_CONTEXT(2) 
PARAMETRIC_REPRESENTATION_CONTEXT() REPRESENTATION_CONTEXT('2D SPACE',''
  ) );
#16420 = ORIENTED_EDGE('',*,*,#5442,.T.);
#16421 = ORIENTED_EDGE('',*,*,#16400,.T.);
#16422 = ADVANCED_FACE('',(#16423),#5498,.F.);
#16423 = FACE_BOUND('',#16424,.F.);
#16424 = EDGE_LOOP('',(#16425,#16426,#16447,#16448));
#16425 = ORIENTED_EDGE('',*,*,#11279,.F.);
#16426 = ORIENTED_EDGE('',*,*,#16427,.F.);
#16427 = EDGE_CURVE('',#5478,#11280,#16428,.T.);
#16428 = SEAM_CURVE('',#16429,(#16433,#16440),.PCURVE_S1.);
#16429 = LINE('',#16430,#16431);
#16430 = CARTESIAN_POINT('',(109.13,-169.5,-1.E-02));
#16431 = VECTOR('',#16432,1.);
#16432 = DIRECTION('',(0.,0.,1.));
#16433 = PCURVE('',#5498,#16434);
#16434 = DEFINITIONAL_REPRESENTATION('',(#16435),#16439);
#16435 = LINE('',#16436,#16437);
#16436 = CARTESIAN_POINT('',(6.28318530718,-0.));
#16437 = VECTOR('',#16438,1.);
#16438 = DIRECTION('',(0.,1.));
#16439 = ( GEOMETRIC_REPRESENTATION_CONTEXT(2) 
PARAMETRIC_REPRESENTATION_CONTEXT() REPRESENTATION_CONTEXT('2D SPACE',''
  ) );
#16440 = PCURVE('',#5498,#16441);
#16441 = DEFINITIONAL_REPRESENTATION('',(#16442),#16446);
#16442 = LINE('',#16443,#16444);
#16443 = CARTESIAN_POINT('',(0.,-0.));
#16444 = VECTOR('',#16445,1.);
#16445 = DIRECTION('',(0.,1.));
#16446 = ( GEOMETRIC_REPRESENTATION_CONTEXT(2) 
PARAMETRIC_REPRESENTATION_CONTEXT() REPRESENTATION_CONTEXT('2D SPACE',''
  ) );
#16447 = ORIENTED_EDGE('',*,*,#5477,.T.);
#16448 = ORIENTED_EDGE('',*,*,#16427,.T.);
#16449 = ADVANCED_FACE('',(#16450),#5533,.F.);
#16450 = FACE_BOUND('',#16451,.F.);
#16451 = EDGE_LOOP('',(#16452,#16453,#16474,#16475));
#16452 = ORIENTED_EDGE('',*,*,#11309,.F.);
#16453 = ORIENTED_EDGE('',*,*,#16454,.F.);
#16454 = EDGE_CURVE('',#5513,#11310,#16455,.T.);
#16455 = SEAM_CURVE('',#16456,(#16460,#16467),.PCURVE_S1.);
#16456 = LINE('',#16457,#16458);
#16457 = CARTESIAN_POINT('',(109.13,-166.,-1.E-02));
#16458 = VECTOR('',#16459,1.);
#16459 = DIRECTION('',(0.,0.,1.));
#16460 = PCURVE('',#5533,#16461);
#16461 = DEFINITIONAL_REPRESENTATION('',(#16462),#16466);
#16462 = LINE('',#16463,#16464);
#16463 = CARTESIAN_POINT('',(6.28318530718,-0.));
#16464 = VECTOR('',#16465,1.);
#16465 = DIRECTION('',(0.,1.));
#16466 = ( GEOMETRIC_REPRESENTATION_CONTEXT(2) 
PARAMETRIC_REPRESENTATION_CONTEXT() REPRESENTATION_CONTEXT('2D SPACE',''
  ) );
#16467 = PCURVE('',#5533,#16468);
#16468 = DEFINITIONAL_REPRESENTATION('',(#16469),#16473);
#16469 = LINE('',#16470,#16471);
#16470 = CARTESIAN_POINT('',(0.,-0.));
#16471 = VECTOR('',#16472,1.);
#16472 = DIRECTION('',(0.,1.));
#16473 = ( GEOMETRIC_REPRESENTATION_CONTEXT(2) 
PARAMETRIC_REPRESENTATION_CONTEXT() REPRESENTATION_CONTEXT('2D SPACE',''
  ) );
#16474 = ORIENTED_EDGE('',*,*,#5512,.T.);
#16475 = ORIENTED_EDGE('',*,*,#16454,.T.);
#16476 = ADVANCED_FACE('',(#16477),#5568,.F.);
#16477 = FACE_BOUND('',#16478,.F.);
#16478 = EDGE_LOOP('',(#16479,#16480,#16501,#16502));
#16479 = ORIENTED_EDGE('',*,*,#11339,.F.);
#16480 = ORIENTED_EDGE('',*,*,#16481,.F.);
#16481 = EDGE_CURVE('',#5548,#11340,#16482,.T.);
#16482 = SEAM_CURVE('',#16483,(#16487,#16494),.PCURVE_S1.);
#16483 = LINE('',#16484,#16485);
#16484 = CARTESIAN_POINT('',(111.23,-155.08,-1.E-02));
#16485 = VECTOR('',#16486,1.);
#16486 = DIRECTION('',(0.,0.,1.));
#16487 = PCURVE('',#5568,#16488);
#16488 = DEFINITIONAL_REPRESENTATION('',(#16489),#16493);
#16489 = LINE('',#16490,#16491);
#16490 = CARTESIAN_POINT('',(6.28318530718,-0.));
#16491 = VECTOR('',#16492,1.);
#16492 = DIRECTION('',(0.,1.));
#16493 = ( GEOMETRIC_REPRESENTATION_CONTEXT(2) 
PARAMETRIC_REPRESENTATION_CONTEXT() REPRESENTATION_CONTEXT('2D SPACE',''
  ) );
#16494 = PCURVE('',#5568,#16495);
#16495 = DEFINITIONAL_REPRESENTATION('',(#16496),#16500);
#16496 = LINE('',#16497,#16498);
#16497 = CARTESIAN_POINT('',(0.,-0.));
#16498 = VECTOR('',#16499,1.);
#16499 = DIRECTION('',(0.,1.));
#16500 = ( GEOMETRIC_REPRESENTATION_CONTEXT(2) 
PARAMETRIC_REPRESENTATION_CONTEXT() REPRESENTATION_CONTEXT('2D SPACE',''
  ) );
#16501 = ORIENTED_EDGE('',*,*,#5547,.T.);
#16502 = ORIENTED_EDGE('',*,*,#16481,.T.);
#16503 = ADVANCED_FACE('',(#16504),#5603,.F.);
#16504 = FACE_BOUND('',#16505,.F.);
#16505 = EDGE_LOOP('',(#16506,#16507,#16528,#16529));
#16506 = ORIENTED_EDGE('',*,*,#11369,.F.);
#16507 = ORIENTED_EDGE('',*,*,#16508,.F.);
#16508 = EDGE_CURVE('',#5583,#11370,#16509,.T.);
#16509 = SEAM_CURVE('',#16510,(#16514,#16521),.PCURVE_S1.);
#16510 = LINE('',#16511,#16512);
#16511 = CARTESIAN_POINT('',(121.565,-149.285,-1.E-02));
#16512 = VECTOR('',#16513,1.);
#16513 = DIRECTION('',(0.,0.,1.));
#16514 = PCURVE('',#5603,#16515);
#16515 = DEFINITIONAL_REPRESENTATION('',(#16516),#16520);
#16516 = LINE('',#16517,#16518);
#16517 = CARTESIAN_POINT('',(6.28318530718,-0.));
#16518 = VECTOR('',#16519,1.);
#16519 = DIRECTION('',(0.,1.));
#16520 = ( GEOMETRIC_REPRESENTATION_CONTEXT(2) 
PARAMETRIC_REPRESENTATION_CONTEXT() REPRESENTATION_CONTEXT('2D SPACE',''
  ) );
#16521 = PCURVE('',#5603,#16522);
#16522 = DEFINITIONAL_REPRESENTATION('',(#16523),#16527);
#16523 = LINE('',#16524,#16525);
#16524 = CARTESIAN_POINT('',(0.,-0.));
#16525 = VECTOR('',#16526,1.);
#16526 = DIRECTION('',(0.,1.));
#16527 = ( GEOMETRIC_REPRESENTATION_CONTEXT(2) 
PARAMETRIC_REPRESENTATION_CONTEXT() REPRESENTATION_CONTEXT('2D SPACE',''
  ) );
#16528 = ORIENTED_EDGE('',*,*,#5582,.T.);
#16529 = ORIENTED_EDGE('',*,*,#16508,.T.);
#16530 = ADVANCED_FACE('',(#16531),#5638,.F.);
#16531 = FACE_BOUND('',#16532,.F.);
#16532 = EDGE_LOOP('',(#16533,#16534,#16555,#16556));
#16533 = ORIENTED_EDGE('',*,*,#11399,.F.);
#16534 = ORIENTED_EDGE('',*,*,#16535,.F.);
#16535 = EDGE_CURVE('',#5618,#11400,#16536,.T.);
#16536 = SEAM_CURVE('',#16537,(#16541,#16548),.PCURVE_S1.);
#16537 = LINE('',#16538,#16539);
#16538 = CARTESIAN_POINT('',(116.485,-149.275,-1.E-02));
#16539 = VECTOR('',#16540,1.);
#16540 = DIRECTION('',(0.,0.,1.));
#16541 = PCURVE('',#5638,#16542);
#16542 = DEFINITIONAL_REPRESENTATION('',(#16543),#16547);
#16543 = LINE('',#16544,#16545);
#16544 = CARTESIAN_POINT('',(6.28318530718,-0.));
#16545 = VECTOR('',#16546,1.);
#16546 = DIRECTION('',(0.,1.));
#16547 = ( GEOMETRIC_REPRESENTATION_CONTEXT(2) 
PARAMETRIC_REPRESENTATION_CONTEXT() REPRESENTATION_CONTEXT('2D SPACE',''
  ) );
#16548 = PCURVE('',#5638,#16549);
#16549 = DEFINITIONAL_REPRESENTATION('',(#16550),#16554);
#16550 = LINE('',#16551,#16552);
#16551 = CARTESIAN_POINT('',(0.,-0.));
#16552 = VECTOR('',#16553,1.);
#16553 = DIRECTION('',(0.,1.));
#16554 = ( GEOMETRIC_REPRESENTATION_CONTEXT(2) 
PARAMETRIC_REPRESENTATION_CONTEXT() REPRESENTATION_CONTEXT('2D SPACE',''
  ) );
#16555 = ORIENTED_EDGE('',*,*,#5617,.T.);
#16556 = ORIENTED_EDGE('',*,*,#16535,.T.);
#16557 = ADVANCED_FACE('',(#16558),#5673,.F.);
#16558 = FACE_BOUND('',#16559,.F.);
#16559 = EDGE_LOOP('',(#16560,#16561,#16582,#16583));
#16560 = ORIENTED_EDGE('',*,*,#11429,.F.);
#16561 = ORIENTED_EDGE('',*,*,#16562,.F.);
#16562 = EDGE_CURVE('',#5653,#11430,#16563,.T.);
#16563 = SEAM_CURVE('',#16564,(#16568,#16575),.PCURVE_S1.);
#16564 = LINE('',#16565,#16566);
#16565 = CARTESIAN_POINT('',(111.23,-150.,-1.E-02));
#16566 = VECTOR('',#16567,1.);
#16567 = DIRECTION('',(0.,0.,1.));
#16568 = PCURVE('',#5673,#16569);
#16569 = DEFINITIONAL_REPRESENTATION('',(#16570),#16574);
#16570 = LINE('',#16571,#16572);
#16571 = CARTESIAN_POINT('',(6.28318530718,-0.));
#16572 = VECTOR('',#16573,1.);
#16573 = DIRECTION('',(0.,1.));
#16574 = ( GEOMETRIC_REPRESENTATION_CONTEXT(2) 
PARAMETRIC_REPRESENTATION_CONTEXT() REPRESENTATION_CONTEXT('2D SPACE',''
  ) );
#16575 = PCURVE('',#5673,#16576);
#16576 = DEFINITIONAL_REPRESENTATION('',(#16577),#16581);
#16577 = LINE('',#16578,#16579);
#16578 = CARTESIAN_POINT('',(0.,-0.));
#16579 = VECTOR('',#16580,1.);
#16580 = DIRECTION('',(0.,1.));
#16581 = ( GEOMETRIC_REPRESENTATION_CONTEXT(2) 
PARAMETRIC_REPRESENTATION_CONTEXT() REPRESENTATION_CONTEXT('2D SPACE',''
  ) );
#16582 = ORIENTED_EDGE('',*,*,#5652,.T.);
#16583 = ORIENTED_EDGE('',*,*,#16562,.T.);
#16584 = ADVANCED_FACE('',(#16585),#5708,.F.);
#16585 = FACE_BOUND('',#16586,.F.);
#16586 = EDGE_LOOP('',(#16587,#16588,#16609,#16610));
#16587 = ORIENTED_EDGE('',*,*,#11459,.F.);
#16588 = ORIENTED_EDGE('',*,*,#16589,.F.);
#16589 = EDGE_CURVE('',#5688,#11460,#16590,.T.);
#16590 = SEAM_CURVE('',#16591,(#16595,#16602),.PCURVE_S1.);
#16591 = LINE('',#16592,#16593);
#16592 = CARTESIAN_POINT('',(192.45,-130.2,-1.E-02));
#16593 = VECTOR('',#16594,1.);
#16594 = DIRECTION('',(0.,0.,1.));
#16595 = PCURVE('',#5708,#16596);
#16596 = DEFINITIONAL_REPRESENTATION('',(#16597),#16601);
#16597 = LINE('',#16598,#16599);
#16598 = CARTESIAN_POINT('',(6.28318530718,-0.));
#16599 = VECTOR('',#16600,1.);
#16600 = DIRECTION('',(0.,1.));
#16601 = ( GEOMETRIC_REPRESENTATION_CONTEXT(2) 
PARAMETRIC_REPRESENTATION_CONTEXT() REPRESENTATION_CONTEXT('2D SPACE',''
  ) );
#16602 = PCURVE('',#5708,#16603);
#16603 = DEFINITIONAL_REPRESENTATION('',(#16604),#16608);
#16604 = LINE('',#16605,#16606);
#16605 = CARTESIAN_POINT('',(0.,-0.));
#16606 = VECTOR('',#16607,1.);
#16607 = DIRECTION('',(0.,1.));
#16608 = ( GEOMETRIC_REPRESENTATION_CONTEXT(2) 
PARAMETRIC_REPRESENTATION_CONTEXT() REPRESENTATION_CONTEXT('2D SPACE',''
  ) );
#16609 = ORIENTED_EDGE('',*,*,#5687,.T.);
#16610 = ORIENTED_EDGE('',*,*,#16589,.T.);
#16611 = ADVANCED_FACE('',(#16612),#5743,.F.);
#16612 = FACE_BOUND('',#16613,.F.);
#16613 = EDGE_LOOP('',(#16614,#16615,#16636,#16637));
#16614 = ORIENTED_EDGE('',*,*,#11489,.F.);
#16615 = ORIENTED_EDGE('',*,*,#16616,.F.);
#16616 = EDGE_CURVE('',#5723,#11490,#16617,.T.);
#16617 = SEAM_CURVE('',#16618,(#16622,#16629),.PCURVE_S1.);
#16618 = LINE('',#16619,#16620);
#16619 = CARTESIAN_POINT('',(180.45,-130.2,-1.E-02));
#16620 = VECTOR('',#16621,1.);
#16621 = DIRECTION('',(0.,0.,1.));
#16622 = PCURVE('',#5743,#16623);
#16623 = DEFINITIONAL_REPRESENTATION('',(#16624),#16628);
#16624 = LINE('',#16625,#16626);
#16625 = CARTESIAN_POINT('',(6.28318530718,-0.));
#16626 = VECTOR('',#16627,1.);
#16627 = DIRECTION('',(0.,1.));
#16628 = ( GEOMETRIC_REPRESENTATION_CONTEXT(2) 
PARAMETRIC_REPRESENTATION_CONTEXT() REPRESENTATION_CONTEXT('2D SPACE',''
  ) );
#16629 = PCURVE('',#5743,#16630);
#16630 = DEFINITIONAL_REPRESENTATION('',(#16631),#16635);
#16631 = LINE('',#16632,#16633);
#16632 = CARTESIAN_POINT('',(0.,-0.));
#16633 = VECTOR('',#16634,1.);
#16634 = DIRECTION('',(0.,1.));
#16635 = ( GEOMETRIC_REPRESENTATION_CONTEXT(2) 
PARAMETRIC_REPRESENTATION_CONTEXT() REPRESENTATION_CONTEXT('2D SPACE',''
  ) );
#16636 = ORIENTED_EDGE('',*,*,#5722,.T.);
#16637 = ORIENTED_EDGE('',*,*,#16616,.T.);
#16638 = ADVANCED_FACE('',(#16639),#5778,.F.);
#16639 = FACE_BOUND('',#16640,.F.);
#16640 = EDGE_LOOP('',(#16641,#16642,#16663,#16664));
#16641 = ORIENTED_EDGE('',*,*,#11519,.F.);
#16642 = ORIENTED_EDGE('',*,*,#16643,.F.);
#16643 = EDGE_CURVE('',#5758,#11520,#16644,.T.);
#16644 = SEAM_CURVE('',#16645,(#16649,#16656),.PCURVE_S1.);
#16645 = LINE('',#16646,#16647);
#16646 = CARTESIAN_POINT('',(169.45,-130.2,-1.E-02));
#16647 = VECTOR('',#16648,1.);
#16648 = DIRECTION('',(0.,0.,1.));
#16649 = PCURVE('',#5778,#16650);
#16650 = DEFINITIONAL_REPRESENTATION('',(#16651),#16655);
#16651 = LINE('',#16652,#16653);
#16652 = CARTESIAN_POINT('',(6.28318530718,-0.));
#16653 = VECTOR('',#16654,1.);
#16654 = DIRECTION('',(0.,1.));
#16655 = ( GEOMETRIC_REPRESENTATION_CONTEXT(2) 
PARAMETRIC_REPRESENTATION_CONTEXT() REPRESENTATION_CONTEXT('2D SPACE',''
  ) );
#16656 = PCURVE('',#5778,#16657);
#16657 = DEFINITIONAL_REPRESENTATION('',(#16658),#16662);
#16658 = LINE('',#16659,#16660);
#16659 = CARTESIAN_POINT('',(0.,-0.));
#16660 = VECTOR('',#16661,1.);
#16661 = DIRECTION('',(0.,1.));
#16662 = ( GEOMETRIC_REPRESENTATION_CONTEXT(2) 
PARAMETRIC_REPRESENTATION_CONTEXT() REPRESENTATION_CONTEXT('2D SPACE',''
  ) );
#16663 = ORIENTED_EDGE('',*,*,#5757,.T.);
#16664 = ORIENTED_EDGE('',*,*,#16643,.T.);
#16665 = ADVANCED_FACE('',(#16666),#5813,.F.);
#16666 = FACE_BOUND('',#16667,.F.);
#16667 = EDGE_LOOP('',(#16668,#16669,#16690,#16691));
#16668 = ORIENTED_EDGE('',*,*,#11549,.F.);
#16669 = ORIENTED_EDGE('',*,*,#16670,.F.);
#16670 = EDGE_CURVE('',#5793,#11550,#16671,.T.);
#16671 = SEAM_CURVE('',#16672,(#16676,#16683),.PCURVE_S1.);
#16672 = LINE('',#16673,#16674);
#16673 = CARTESIAN_POINT('',(157.45,-130.2,-1.E-02));
#16674 = VECTOR('',#16675,1.);
#16675 = DIRECTION('',(0.,0.,1.));
#16676 = PCURVE('',#5813,#16677);
#16677 = DEFINITIONAL_REPRESENTATION('',(#16678),#16682);
#16678 = LINE('',#16679,#16680);
#16679 = CARTESIAN_POINT('',(6.28318530718,-0.));
#16680 = VECTOR('',#16681,1.);
#16681 = DIRECTION('',(0.,1.));
#16682 = ( GEOMETRIC_REPRESENTATION_CONTEXT(2) 
PARAMETRIC_REPRESENTATION_CONTEXT() REPRESENTATION_CONTEXT('2D SPACE',''
  ) );
#16683 = PCURVE('',#5813,#16684);
#16684 = DEFINITIONAL_REPRESENTATION('',(#16685),#16689);
#16685 = LINE('',#16686,#16687);
#16686 = CARTESIAN_POINT('',(0.,-0.));
#16687 = VECTOR('',#16688,1.);
#16688 = DIRECTION('',(0.,1.));
#16689 = ( GEOMETRIC_REPRESENTATION_CONTEXT(2) 
PARAMETRIC_REPRESENTATION_CONTEXT() REPRESENTATION_CONTEXT('2D SPACE',''
  ) );
#16690 = ORIENTED_EDGE('',*,*,#5792,.T.);
#16691 = ORIENTED_EDGE('',*,*,#16670,.T.);
#16692 = ADVANCED_FACE('',(#16693),#5848,.F.);
#16693 = FACE_BOUND('',#16694,.F.);
#16694 = EDGE_LOOP('',(#16695,#16696,#16717,#16718));
#16695 = ORIENTED_EDGE('',*,*,#11579,.F.);
#16696 = ORIENTED_EDGE('',*,*,#16697,.F.);
#16697 = EDGE_CURVE('',#5828,#11580,#16698,.T.);
#16698 = SEAM_CURVE('',#16699,(#16703,#16710),.PCURVE_S1.);
#16699 = LINE('',#16700,#16701);
#16700 = CARTESIAN_POINT('',(192.45,-118.,-1.E-02));
#16701 = VECTOR('',#16702,1.);
#16702 = DIRECTION('',(0.,0.,1.));
#16703 = PCURVE('',#5848,#16704);
#16704 = DEFINITIONAL_REPRESENTATION('',(#16705),#16709);
#16705 = LINE('',#16706,#16707);
#16706 = CARTESIAN_POINT('',(6.28318530718,-0.));
#16707 = VECTOR('',#16708,1.);
#16708 = DIRECTION('',(0.,1.));
#16709 = ( GEOMETRIC_REPRESENTATION_CONTEXT(2) 
PARAMETRIC_REPRESENTATION_CONTEXT() REPRESENTATION_CONTEXT('2D SPACE',''
  ) );
#16710 = PCURVE('',#5848,#16711);
#16711 = DEFINITIONAL_REPRESENTATION('',(#16712),#16716);
#16712 = LINE('',#16713,#16714);
#16713 = CARTESIAN_POINT('',(0.,-0.));
#16714 = VECTOR('',#16715,1.);
#16715 = DIRECTION('',(0.,1.));
#16716 = ( GEOMETRIC_REPRESENTATION_CONTEXT(2) 
PARAMETRIC_REPRESENTATION_CONTEXT() REPRESENTATION_CONTEXT('2D SPACE',''
  ) );
#16717 = ORIENTED_EDGE('',*,*,#5827,.T.);
#16718 = ORIENTED_EDGE('',*,*,#16697,.T.);
#16719 = ADVANCED_FACE('',(#16720),#5883,.F.);
#16720 = FACE_BOUND('',#16721,.F.);
#16721 = EDGE_LOOP('',(#16722,#16723,#16744,#16745));
#16722 = ORIENTED_EDGE('',*,*,#11609,.F.);
#16723 = ORIENTED_EDGE('',*,*,#16724,.F.);
#16724 = EDGE_CURVE('',#5863,#11610,#16725,.T.);
#16725 = SEAM_CURVE('',#16726,(#16730,#16737),.PCURVE_S1.);
#16726 = LINE('',#16727,#16728);
#16727 = CARTESIAN_POINT('',(186.45,-116.,-1.E-02));
#16728 = VECTOR('',#16729,1.);
#16729 = DIRECTION('',(0.,0.,1.));
#16730 = PCURVE('',#5883,#16731);
#16731 = DEFINITIONAL_REPRESENTATION('',(#16732),#16736);
#16732 = LINE('',#16733,#16734);
#16733 = CARTESIAN_POINT('',(6.28318530718,-0.));
#16734 = VECTOR('',#16735,1.);
#16735 = DIRECTION('',(0.,1.));
#16736 = ( GEOMETRIC_REPRESENTATION_CONTEXT(2) 
PARAMETRIC_REPRESENTATION_CONTEXT() REPRESENTATION_CONTEXT('2D SPACE',''
  ) );
#16737 = PCURVE('',#5883,#16738);
#16738 = DEFINITIONAL_REPRESENTATION('',(#16739),#16743);
#16739 = LINE('',#16740,#16741);
#16740 = CARTESIAN_POINT('',(0.,-0.));
#16741 = VECTOR('',#16742,1.);
#16742 = DIRECTION('',(0.,1.));
#16743 = ( GEOMETRIC_REPRESENTATION_CONTEXT(2) 
PARAMETRIC_REPRESENTATION_CONTEXT() REPRESENTATION_CONTEXT('2D SPACE',''
  ) );
#16744 = ORIENTED_EDGE('',*,*,#5862,.T.);
#16745 = ORIENTED_EDGE('',*,*,#16724,.T.);
#16746 = ADVANCED_FACE('',(#16747),#5918,.F.);
#16747 = FACE_BOUND('',#16748,.F.);
#16748 = EDGE_LOOP('',(#16749,#16750,#16771,#16772));
#16749 = ORIENTED_EDGE('',*,*,#11639,.F.);
#16750 = ORIENTED_EDGE('',*,*,#16751,.F.);
#16751 = EDGE_CURVE('',#5898,#11640,#16752,.T.);
#16752 = SEAM_CURVE('',#16753,(#16757,#16764),.PCURVE_S1.);
#16753 = LINE('',#16754,#16755);
#16754 = CARTESIAN_POINT('',(180.45,-118.,-1.E-02));
#16755 = VECTOR('',#16756,1.);
#16756 = DIRECTION('',(0.,0.,1.));
#16757 = PCURVE('',#5918,#16758);
#16758 = DEFINITIONAL_REPRESENTATION('',(#16759),#16763);
#16759 = LINE('',#16760,#16761);
#16760 = CARTESIAN_POINT('',(6.28318530718,-0.));
#16761 = VECTOR('',#16762,1.);
#16762 = DIRECTION('',(0.,1.));
#16763 = ( GEOMETRIC_REPRESENTATION_CONTEXT(2) 
PARAMETRIC_REPRESENTATION_CONTEXT() REPRESENTATION_CONTEXT('2D SPACE',''
  ) );
#16764 = PCURVE('',#5918,#16765);
#16765 = DEFINITIONAL_REPRESENTATION('',(#16766),#16770);
#16766 = LINE('',#16767,#16768);
#16767 = CARTESIAN_POINT('',(0.,-0.));
#16768 = VECTOR('',#16769,1.);
#16769 = DIRECTION('',(0.,1.));
#16770 = ( GEOMETRIC_REPRESENTATION_CONTEXT(2) 
PARAMETRIC_REPRESENTATION_CONTEXT() REPRESENTATION_CONTEXT('2D SPACE',''
  ) );
#16771 = ORIENTED_EDGE('',*,*,#5897,.T.);
#16772 = ORIENTED_EDGE('',*,*,#16751,.T.);
#16773 = ADVANCED_FACE('',(#16774),#5953,.F.);
#16774 = FACE_BOUND('',#16775,.F.);
#16775 = EDGE_LOOP('',(#16776,#16777,#16798,#16799));
#16776 = ORIENTED_EDGE('',*,*,#11669,.F.);
#16777 = ORIENTED_EDGE('',*,*,#16778,.F.);
#16778 = EDGE_CURVE('',#5933,#11670,#16779,.T.);
#16779 = SEAM_CURVE('',#16780,(#16784,#16791),.PCURVE_S1.);
#16780 = LINE('',#16781,#16782);
#16781 = CARTESIAN_POINT('',(191.58,-110.53,-1.E-02));
#16782 = VECTOR('',#16783,1.);
#16783 = DIRECTION('',(0.,0.,1.));
#16784 = PCURVE('',#5953,#16785);
#16785 = DEFINITIONAL_REPRESENTATION('',(#16786),#16790);
#16786 = LINE('',#16787,#16788);
#16787 = CARTESIAN_POINT('',(6.28318530718,-0.));
#16788 = VECTOR('',#16789,1.);
#16789 = DIRECTION('',(0.,1.));
#16790 = ( GEOMETRIC_REPRESENTATION_CONTEXT(2) 
PARAMETRIC_REPRESENTATION_CONTEXT() REPRESENTATION_CONTEXT('2D SPACE',''
  ) );
#16791 = PCURVE('',#5953,#16792);
#16792 = DEFINITIONAL_REPRESENTATION('',(#16793),#16797);
#16793 = LINE('',#16794,#16795);
#16794 = CARTESIAN_POINT('',(0.,-0.));
#16795 = VECTOR('',#16796,1.);
#16796 = DIRECTION('',(0.,1.));
#16797 = ( GEOMETRIC_REPRESENTATION_CONTEXT(2) 
PARAMETRIC_REPRESENTATION_CONTEXT() REPRESENTATION_CONTEXT('2D SPACE',''
  ) );
#16798 = ORIENTED_EDGE('',*,*,#5932,.T.);
#16799 = ORIENTED_EDGE('',*,*,#16778,.T.);
#16800 = ADVANCED_FACE('',(#16801),#5988,.F.);
#16801 = FACE_BOUND('',#16802,.F.);
#16802 = EDGE_LOOP('',(#16803,#16804,#16825,#16826));
#16803 = ORIENTED_EDGE('',*,*,#11699,.F.);
#16804 = ORIENTED_EDGE('',*,*,#16805,.F.);
#16805 = EDGE_CURVE('',#5968,#11700,#16806,.T.);
#16806 = SEAM_CURVE('',#16807,(#16811,#16818),.PCURVE_S1.);
#16807 = LINE('',#16808,#16809);
#16808 = CARTESIAN_POINT('',(186.5,-110.53,-1.E-02));
#16809 = VECTOR('',#16810,1.);
#16810 = DIRECTION('',(0.,0.,1.));
#16811 = PCURVE('',#5988,#16812);
#16812 = DEFINITIONAL_REPRESENTATION('',(#16813),#16817);
#16813 = LINE('',#16814,#16815);
#16814 = CARTESIAN_POINT('',(6.28318530718,-0.));
#16815 = VECTOR('',#16816,1.);
#16816 = DIRECTION('',(0.,1.));
#16817 = ( GEOMETRIC_REPRESENTATION_CONTEXT(2) 
PARAMETRIC_REPRESENTATION_CONTEXT() REPRESENTATION_CONTEXT('2D SPACE',''
  ) );
#16818 = PCURVE('',#5988,#16819);
#16819 = DEFINITIONAL_REPRESENTATION('',(#16820),#16824);
#16820 = LINE('',#16821,#16822);
#16821 = CARTESIAN_POINT('',(0.,-0.));
#16822 = VECTOR('',#16823,1.);
#16823 = DIRECTION('',(0.,1.));
#16824 = ( GEOMETRIC_REPRESENTATION_CONTEXT(2) 
PARAMETRIC_REPRESENTATION_CONTEXT() REPRESENTATION_CONTEXT('2D SPACE',''
  ) );
#16825 = ORIENTED_EDGE('',*,*,#5967,.T.);
#16826 = ORIENTED_EDGE('',*,*,#16805,.T.);
#16827 = ADVANCED_FACE('',(#16828),#6023,.F.);
#16828 = FACE_BOUND('',#16829,.F.);
#16829 = EDGE_LOOP('',(#16830,#16831,#16852,#16853));
#16830 = ORIENTED_EDGE('',*,*,#11729,.F.);
#16831 = ORIENTED_EDGE('',*,*,#16832,.F.);
#16832 = EDGE_CURVE('',#6003,#11730,#16833,.T.);
#16833 = SEAM_CURVE('',#16834,(#16838,#16845),.PCURVE_S1.);
#16834 = LINE('',#16835,#16836);
#16835 = CARTESIAN_POINT('',(181.42,-110.53,-1.E-02));
#16836 = VECTOR('',#16837,1.);
#16837 = DIRECTION('',(0.,0.,1.));
#16838 = PCURVE('',#6023,#16839);
#16839 = DEFINITIONAL_REPRESENTATION('',(#16840),#16844);
#16840 = LINE('',#16841,#16842);
#16841 = CARTESIAN_POINT('',(6.28318530718,-0.));
#16842 = VECTOR('',#16843,1.);
#16843 = DIRECTION('',(0.,1.));
#16844 = ( GEOMETRIC_REPRESENTATION_CONTEXT(2) 
PARAMETRIC_REPRESENTATION_CONTEXT() REPRESENTATION_CONTEXT('2D SPACE',''
  ) );
#16845 = PCURVE('',#6023,#16846);
#16846 = DEFINITIONAL_REPRESENTATION('',(#16847),#16851);
#16847 = LINE('',#16848,#16849);
#16848 = CARTESIAN_POINT('',(0.,-0.));
#16849 = VECTOR('',#16850,1.);
#16850 = DIRECTION('',(0.,1.));
#16851 = ( GEOMETRIC_REPRESENTATION_CONTEXT(2) 
PARAMETRIC_REPRESENTATION_CONTEXT() REPRESENTATION_CONTEXT('2D SPACE',''
  ) );
#16852 = ORIENTED_EDGE('',*,*,#6002,.T.);
#16853 = ORIENTED_EDGE('',*,*,#16832,.T.);
#16854 = ADVANCED_FACE('',(#16855),#6058,.F.);
#16855 = FACE_BOUND('',#16856,.F.);
#16856 = EDGE_LOOP('',(#16857,#16858,#16879,#16880));
#16857 = ORIENTED_EDGE('',*,*,#11759,.F.);
#16858 = ORIENTED_EDGE('',*,*,#16859,.F.);
#16859 = EDGE_CURVE('',#6038,#11760,#16860,.T.);
#16860 = SEAM_CURVE('',#16861,(#16865,#16872),.PCURVE_S1.);
#16861 = LINE('',#16862,#16863);
#16862 = CARTESIAN_POINT('',(169.45,-118.,-1.E-02));
#16863 = VECTOR('',#16864,1.);
#16864 = DIRECTION('',(0.,0.,1.));
#16865 = PCURVE('',#6058,#16866);
#16866 = DEFINITIONAL_REPRESENTATION('',(#16867),#16871);
#16867 = LINE('',#16868,#16869);
#16868 = CARTESIAN_POINT('',(6.28318530718,-0.));
#16869 = VECTOR('',#16870,1.);
#16870 = DIRECTION('',(0.,1.));
#16871 = ( GEOMETRIC_REPRESENTATION_CONTEXT(2) 
PARAMETRIC_REPRESENTATION_CONTEXT() REPRESENTATION_CONTEXT('2D SPACE',''
  ) );
#16872 = PCURVE('',#6058,#16873);
#16873 = DEFINITIONAL_REPRESENTATION('',(#16874),#16878);
#16874 = LINE('',#16875,#16876);
#16875 = CARTESIAN_POINT('',(0.,-0.));
#16876 = VECTOR('',#16877,1.);
#16877 = DIRECTION('',(0.,1.));
#16878 = ( GEOMETRIC_REPRESENTATION_CONTEXT(2) 
PARAMETRIC_REPRESENTATION_CONTEXT() REPRESENTATION_CONTEXT('2D SPACE',''
  ) );
#16879 = ORIENTED_EDGE('',*,*,#6037,.T.);
#16880 = ORIENTED_EDGE('',*,*,#16859,.T.);
#16881 = ADVANCED_FACE('',(#16882),#6093,.F.);
#16882 = FACE_BOUND('',#16883,.F.);
#16883 = EDGE_LOOP('',(#16884,#16885,#16906,#16907));
#16884 = ORIENTED_EDGE('',*,*,#11789,.F.);
#16885 = ORIENTED_EDGE('',*,*,#16886,.F.);
#16886 = EDGE_CURVE('',#6073,#11790,#16887,.T.);
#16887 = SEAM_CURVE('',#16888,(#16892,#16899),.PCURVE_S1.);
#16888 = LINE('',#16889,#16890);
#16889 = CARTESIAN_POINT('',(163.45,-116.,-1.E-02));
#16890 = VECTOR('',#16891,1.);
#16891 = DIRECTION('',(0.,0.,1.));
#16892 = PCURVE('',#6093,#16893);
#16893 = DEFINITIONAL_REPRESENTATION('',(#16894),#16898);
#16894 = LINE('',#16895,#16896);
#16895 = CARTESIAN_POINT('',(6.28318530718,-0.));
#16896 = VECTOR('',#16897,1.);
#16897 = DIRECTION('',(0.,1.));
#16898 = ( GEOMETRIC_REPRESENTATION_CONTEXT(2) 
PARAMETRIC_REPRESENTATION_CONTEXT() REPRESENTATION_CONTEXT('2D SPACE',''
  ) );
#16899 = PCURVE('',#6093,#16900);
#16900 = DEFINITIONAL_REPRESENTATION('',(#16901),#16905);
#16901 = LINE('',#16902,#16903);
#16902 = CARTESIAN_POINT('',(0.,-0.));
#16903 = VECTOR('',#16904,1.);
#16904 = DIRECTION('',(0.,1.));
#16905 = ( GEOMETRIC_REPRESENTATION_CONTEXT(2) 
PARAMETRIC_REPRESENTATION_CONTEXT() REPRESENTATION_CONTEXT('2D SPACE',''
  ) );
#16906 = ORIENTED_EDGE('',*,*,#6072,.T.);
#16907 = ORIENTED_EDGE('',*,*,#16886,.T.);
#16908 = ADVANCED_FACE('',(#16909),#6128,.F.);
#16909 = FACE_BOUND('',#16910,.F.);
#16910 = EDGE_LOOP('',(#16911,#16912,#16933,#16934));
#16911 = ORIENTED_EDGE('',*,*,#11819,.F.);
#16912 = ORIENTED_EDGE('',*,*,#16913,.F.);
#16913 = EDGE_CURVE('',#6108,#11820,#16914,.T.);
#16914 = SEAM_CURVE('',#16915,(#16919,#16926),.PCURVE_S1.);
#16915 = LINE('',#16916,#16917);
#16916 = CARTESIAN_POINT('',(157.45,-118.,-1.E-02));
#16917 = VECTOR('',#16918,1.);
#16918 = DIRECTION('',(0.,0.,1.));
#16919 = PCURVE('',#6128,#16920);
#16920 = DEFINITIONAL_REPRESENTATION('',(#16921),#16925);
#16921 = LINE('',#16922,#16923);
#16922 = CARTESIAN_POINT('',(6.28318530718,-0.));
#16923 = VECTOR('',#16924,1.);
#16924 = DIRECTION('',(0.,1.));
#16925 = ( GEOMETRIC_REPRESENTATION_CONTEXT(2) 
PARAMETRIC_REPRESENTATION_CONTEXT() REPRESENTATION_CONTEXT('2D SPACE',''
  ) );
#16926 = PCURVE('',#6128,#16927);
#16927 = DEFINITIONAL_REPRESENTATION('',(#16928),#16932);
#16928 = LINE('',#16929,#16930);
#16929 = CARTESIAN_POINT('',(0.,-0.));
#16930 = VECTOR('',#16931,1.);
#16931 = DIRECTION('',(0.,1.));
#16932 = ( GEOMETRIC_REPRESENTATION_CONTEXT(2) 
PARAMETRIC_REPRESENTATION_CONTEXT() REPRESENTATION_CONTEXT('2D SPACE',''
  ) );
#16933 = ORIENTED_EDGE('',*,*,#6107,.T.);
#16934 = ORIENTED_EDGE('',*,*,#16913,.T.);
#16935 = ADVANCED_FACE('',(#16936),#6163,.F.);
#16936 = FACE_BOUND('',#16937,.F.);
#16937 = EDGE_LOOP('',(#16938,#16939,#16960,#16961));
#16938 = ORIENTED_EDGE('',*,*,#11849,.F.);
#16939 = ORIENTED_EDGE('',*,*,#16940,.F.);
#16940 = EDGE_CURVE('',#6143,#11850,#16941,.T.);
#16941 = SEAM_CURVE('',#16942,(#16946,#16953),.PCURVE_S1.);
#16942 = LINE('',#16943,#16944);
#16943 = CARTESIAN_POINT('',(168.58,-110.53,-1.E-02));
#16944 = VECTOR('',#16945,1.);
#16945 = DIRECTION('',(0.,0.,1.));
#16946 = PCURVE('',#6163,#16947);
#16947 = DEFINITIONAL_REPRESENTATION('',(#16948),#16952);
#16948 = LINE('',#16949,#16950);
#16949 = CARTESIAN_POINT('',(6.28318530718,-0.));
#16950 = VECTOR('',#16951,1.);
#16951 = DIRECTION('',(0.,1.));
#16952 = ( GEOMETRIC_REPRESENTATION_CONTEXT(2) 
PARAMETRIC_REPRESENTATION_CONTEXT() REPRESENTATION_CONTEXT('2D SPACE',''
  ) );
#16953 = PCURVE('',#6163,#16954);
#16954 = DEFINITIONAL_REPRESENTATION('',(#16955),#16959);
#16955 = LINE('',#16956,#16957);
#16956 = CARTESIAN_POINT('',(0.,-0.));
#16957 = VECTOR('',#16958,1.);
#16958 = DIRECTION('',(0.,1.));
#16959 = ( GEOMETRIC_REPRESENTATION_CONTEXT(2) 
PARAMETRIC_REPRESENTATION_CONTEXT() REPRESENTATION_CONTEXT('2D SPACE',''
  ) );
#16960 = ORIENTED_EDGE('',*,*,#6142,.T.);
#16961 = ORIENTED_EDGE('',*,*,#16940,.T.);
#16962 = ADVANCED_FACE('',(#16963),#6198,.F.);
#16963 = FACE_BOUND('',#16964,.F.);
#16964 = EDGE_LOOP('',(#16965,#16966,#16987,#16988));
#16965 = ORIENTED_EDGE('',*,*,#11879,.F.);
#16966 = ORIENTED_EDGE('',*,*,#16967,.F.);
#16967 = EDGE_CURVE('',#6178,#11880,#16968,.T.);
#16968 = SEAM_CURVE('',#16969,(#16973,#16980),.PCURVE_S1.);
#16969 = LINE('',#16970,#16971);
#16970 = CARTESIAN_POINT('',(163.5,-110.53,-1.E-02));
#16971 = VECTOR('',#16972,1.);
#16972 = DIRECTION('',(0.,0.,1.));
#16973 = PCURVE('',#6198,#16974);
#16974 = DEFINITIONAL_REPRESENTATION('',(#16975),#16979);
#16975 = LINE('',#16976,#16977);
#16976 = CARTESIAN_POINT('',(6.28318530718,-0.));
#16977 = VECTOR('',#16978,1.);
#16978 = DIRECTION('',(0.,1.));
#16979 = ( GEOMETRIC_REPRESENTATION_CONTEXT(2) 
PARAMETRIC_REPRESENTATION_CONTEXT() REPRESENTATION_CONTEXT('2D SPACE',''
  ) );
#16980 = PCURVE('',#6198,#16981);
#16981 = DEFINITIONAL_REPRESENTATION('',(#16982),#16986);
#16982 = LINE('',#16983,#16984);
#16983 = CARTESIAN_POINT('',(0.,-0.));
#16984 = VECTOR('',#16985,1.);
#16985 = DIRECTION('',(0.,1.));
#16986 = ( GEOMETRIC_REPRESENTATION_CONTEXT(2) 
PARAMETRIC_REPRESENTATION_CONTEXT() REPRESENTATION_CONTEXT('2D SPACE',''
  ) );
#16987 = ORIENTED_EDGE('',*,*,#6177,.T.);
#16988 = ORIENTED_EDGE('',*,*,#16967,.T.);
#16989 = ADVANCED_FACE('',(#16990),#6233,.F.);
#16990 = FACE_BOUND('',#16991,.F.);
#16991 = EDGE_LOOP('',(#16992,#16993,#17014,#17015));
#16992 = ORIENTED_EDGE('',*,*,#11909,.F.);
#16993 = ORIENTED_EDGE('',*,*,#16994,.F.);
#16994 = EDGE_CURVE('',#6213,#11910,#16995,.T.);
#16995 = SEAM_CURVE('',#16996,(#17000,#17007),.PCURVE_S1.);
#16996 = LINE('',#16997,#16998);
#16997 = CARTESIAN_POINT('',(158.42,-110.53,-1.E-02));
#16998 = VECTOR('',#16999,1.);
#16999 = DIRECTION('',(0.,0.,1.));
#17000 = PCURVE('',#6233,#17001);
#17001 = DEFINITIONAL_REPRESENTATION('',(#17002),#17006);
#17002 = LINE('',#17003,#17004);
#17003 = CARTESIAN_POINT('',(6.28318530718,-0.));
#17004 = VECTOR('',#17005,1.);
#17005 = DIRECTION('',(0.,1.));
#17006 = ( GEOMETRIC_REPRESENTATION_CONTEXT(2) 
PARAMETRIC_REPRESENTATION_CONTEXT() REPRESENTATION_CONTEXT('2D SPACE',''
  ) );
#17007 = PCURVE('',#6233,#17008);
#17008 = DEFINITIONAL_REPRESENTATION('',(#17009),#17013);
#17009 = LINE('',#17010,#17011);
#17010 = CARTESIAN_POINT('',(0.,-0.));
#17011 = VECTOR('',#17012,1.);
#17012 = DIRECTION('',(0.,1.));
#17013 = ( GEOMETRIC_REPRESENTATION_CONTEXT(2) 
PARAMETRIC_REPRESENTATION_CONTEXT() REPRESENTATION_CONTEXT('2D SPACE',''
  ) );
#17014 = ORIENTED_EDGE('',*,*,#6212,.T.);
#17015 = ORIENTED_EDGE('',*,*,#16994,.T.);
#17016 = ADVANCED_FACE('',(#17017),#6268,.F.);
#17017 = FACE_BOUND('',#17018,.F.);
#17018 = EDGE_LOOP('',(#17019,#17020,#17041,#17042));
#17019 = ORIENTED_EDGE('',*,*,#11939,.F.);
#17020 = ORIENTED_EDGE('',*,*,#17021,.F.);
#17021 = EDGE_CURVE('',#6248,#11940,#17022,.T.);
#17022 = SEAM_CURVE('',#17023,(#17027,#17034),.PCURVE_S1.);
#17023 = LINE('',#17024,#17025);
#17024 = CARTESIAN_POINT('',(146.45,-130.2,-1.E-02));
#17025 = VECTOR('',#17026,1.);
#17026 = DIRECTION('',(0.,0.,1.));
#17027 = PCURVE('',#6268,#17028);
#17028 = DEFINITIONAL_REPRESENTATION('',(#17029),#17033);
#17029 = LINE('',#17030,#17031);
#17030 = CARTESIAN_POINT('',(6.28318530718,-0.));
#17031 = VECTOR('',#17032,1.);
#17032 = DIRECTION('',(0.,1.));
#17033 = ( GEOMETRIC_REPRESENTATION_CONTEXT(2) 
PARAMETRIC_REPRESENTATION_CONTEXT() REPRESENTATION_CONTEXT('2D SPACE',''
  ) );
#17034 = PCURVE('',#6268,#17035);
#17035 = DEFINITIONAL_REPRESENTATION('',(#17036),#17040);
#17036 = LINE('',#17037,#17038);
#17037 = CARTESIAN_POINT('',(0.,-0.));
#17038 = VECTOR('',#17039,1.);
#17039 = DIRECTION('',(0.,1.));
#17040 = ( GEOMETRIC_REPRESENTATION_CONTEXT(2) 
PARAMETRIC_REPRESENTATION_CONTEXT() REPRESENTATION_CONTEXT('2D SPACE',''
  ) );
#17041 = ORIENTED_EDGE('',*,*,#6247,.T.);
#17042 = ORIENTED_EDGE('',*,*,#17021,.T.);
#17043 = ADVANCED_FACE('',(#17044),#6303,.F.);
#17044 = FACE_BOUND('',#17045,.F.);
#17045 = EDGE_LOOP('',(#17046,#17047,#17068,#17069));
#17046 = ORIENTED_EDGE('',*,*,#11969,.F.);
#17047 = ORIENTED_EDGE('',*,*,#17048,.F.);
#17048 = EDGE_CURVE('',#6283,#11970,#17049,.T.);
#17049 = SEAM_CURVE('',#17050,(#17054,#17061),.PCURVE_S1.);
#17050 = LINE('',#17051,#17052);
#17051 = CARTESIAN_POINT('',(134.45,-130.2,-1.E-02));
#17052 = VECTOR('',#17053,1.);
#17053 = DIRECTION('',(0.,0.,1.));
#17054 = PCURVE('',#6303,#17055);
#17055 = DEFINITIONAL_REPRESENTATION('',(#17056),#17060);
#17056 = LINE('',#17057,#17058);
#17057 = CARTESIAN_POINT('',(6.28318530718,-0.));
#17058 = VECTOR('',#17059,1.);
#17059 = DIRECTION('',(0.,1.));
#17060 = ( GEOMETRIC_REPRESENTATION_CONTEXT(2) 
PARAMETRIC_REPRESENTATION_CONTEXT() REPRESENTATION_CONTEXT('2D SPACE',''
  ) );
#17061 = PCURVE('',#6303,#17062);
#17062 = DEFINITIONAL_REPRESENTATION('',(#17063),#17067);
#17063 = LINE('',#17064,#17065);
#17064 = CARTESIAN_POINT('',(0.,-0.));
#17065 = VECTOR('',#17066,1.);
#17066 = DIRECTION('',(0.,1.));
#17067 = ( GEOMETRIC_REPRESENTATION_CONTEXT(2) 
PARAMETRIC_REPRESENTATION_CONTEXT() REPRESENTATION_CONTEXT('2D SPACE',''
  ) );
#17068 = ORIENTED_EDGE('',*,*,#6282,.T.);
#17069 = ORIENTED_EDGE('',*,*,#17048,.T.);
#17070 = ADVANCED_FACE('',(#17071),#6338,.F.);
#17071 = FACE_BOUND('',#17072,.F.);
#17072 = EDGE_LOOP('',(#17073,#17074,#17095,#17096));
#17073 = ORIENTED_EDGE('',*,*,#11999,.F.);
#17074 = ORIENTED_EDGE('',*,*,#17075,.F.);
#17075 = EDGE_CURVE('',#6318,#12000,#17076,.T.);
#17076 = SEAM_CURVE('',#17077,(#17081,#17088),.PCURVE_S1.);
#17077 = LINE('',#17078,#17079);
#17078 = CARTESIAN_POINT('',(123.45,-130.2,-1.E-02));
#17079 = VECTOR('',#17080,1.);
#17080 = DIRECTION('',(0.,0.,1.));
#17081 = PCURVE('',#6338,#17082);
#17082 = DEFINITIONAL_REPRESENTATION('',(#17083),#17087);
#17083 = LINE('',#17084,#17085);
#17084 = CARTESIAN_POINT('',(6.28318530718,-0.));
#17085 = VECTOR('',#17086,1.);
#17086 = DIRECTION('',(0.,1.));
#17087 = ( GEOMETRIC_REPRESENTATION_CONTEXT(2) 
PARAMETRIC_REPRESENTATION_CONTEXT() REPRESENTATION_CONTEXT('2D SPACE',''
  ) );
#17088 = PCURVE('',#6338,#17089);
#17089 = DEFINITIONAL_REPRESENTATION('',(#17090),#17094);
#17090 = LINE('',#17091,#17092);
#17091 = CARTESIAN_POINT('',(0.,-0.));
#17092 = VECTOR('',#17093,1.);
#17093 = DIRECTION('',(0.,1.));
#17094 = ( GEOMETRIC_REPRESENTATION_CONTEXT(2) 
PARAMETRIC_REPRESENTATION_CONTEXT() REPRESENTATION_CONTEXT('2D SPACE',''
  ) );
#17095 = ORIENTED_EDGE('',*,*,#6317,.T.);
#17096 = ORIENTED_EDGE('',*,*,#17075,.T.);
#17097 = ADVANCED_FACE('',(#17098),#6373,.F.);
#17098 = FACE_BOUND('',#17099,.F.);
#17099 = EDGE_LOOP('',(#17100,#17101,#17122,#17123));
#17100 = ORIENTED_EDGE('',*,*,#12029,.F.);
#17101 = ORIENTED_EDGE('',*,*,#17102,.F.);
#17102 = EDGE_CURVE('',#6353,#12030,#17103,.T.);
#17103 = SEAM_CURVE('',#17104,(#17108,#17115),.PCURVE_S1.);
#17104 = LINE('',#17105,#17106);
#17105 = CARTESIAN_POINT('',(111.45,-130.2,-1.E-02));
#17106 = VECTOR('',#17107,1.);
#17107 = DIRECTION('',(0.,0.,1.));
#17108 = PCURVE('',#6373,#17109);
#17109 = DEFINITIONAL_REPRESENTATION('',(#17110),#17114);
#17110 = LINE('',#17111,#17112);
#17111 = CARTESIAN_POINT('',(6.28318530718,-0.));
#17112 = VECTOR('',#17113,1.);
#17113 = DIRECTION('',(0.,1.));
#17114 = ( GEOMETRIC_REPRESENTATION_CONTEXT(2) 
PARAMETRIC_REPRESENTATION_CONTEXT() REPRESENTATION_CONTEXT('2D SPACE',''
  ) );
#17115 = PCURVE('',#6373,#17116);
#17116 = DEFINITIONAL_REPRESENTATION('',(#17117),#17121);
#17117 = LINE('',#17118,#17119);
#17118 = CARTESIAN_POINT('',(0.,-0.));
#17119 = VECTOR('',#17120,1.);
#17120 = DIRECTION('',(0.,1.));
#17121 = ( GEOMETRIC_REPRESENTATION_CONTEXT(2) 
PARAMETRIC_REPRESENTATION_CONTEXT() REPRESENTATION_CONTEXT('2D SPACE',''
  ) );
#17122 = ORIENTED_EDGE('',*,*,#6352,.T.);
#17123 = ORIENTED_EDGE('',*,*,#17102,.T.);
#17124 = ADVANCED_FACE('',(#17125),#6408,.F.);
#17125 = FACE_BOUND('',#17126,.F.);
#17126 = EDGE_LOOP('',(#17127,#17128,#17149,#17150));
#17127 = ORIENTED_EDGE('',*,*,#12059,.F.);
#17128 = ORIENTED_EDGE('',*,*,#17129,.F.);
#17129 = EDGE_CURVE('',#6388,#12060,#17130,.T.);
#17130 = SEAM_CURVE('',#17131,(#17135,#17142),.PCURVE_S1.);
#17131 = LINE('',#17132,#17133);
#17132 = CARTESIAN_POINT('',(146.45,-118.,-1.E-02));
#17133 = VECTOR('',#17134,1.);
#17134 = DIRECTION('',(0.,0.,1.));
#17135 = PCURVE('',#6408,#17136);
#17136 = DEFINITIONAL_REPRESENTATION('',(#17137),#17141);
#17137 = LINE('',#17138,#17139);
#17138 = CARTESIAN_POINT('',(6.28318530718,-0.));
#17139 = VECTOR('',#17140,1.);
#17140 = DIRECTION('',(0.,1.));
#17141 = ( GEOMETRIC_REPRESENTATION_CONTEXT(2) 
PARAMETRIC_REPRESENTATION_CONTEXT() REPRESENTATION_CONTEXT('2D SPACE',''
  ) );
#17142 = PCURVE('',#6408,#17143);
#17143 = DEFINITIONAL_REPRESENTATION('',(#17144),#17148);
#17144 = LINE('',#17145,#17146);
#17145 = CARTESIAN_POINT('',(0.,-0.));
#17146 = VECTOR('',#17147,1.);
#17147 = DIRECTION('',(0.,1.));
#17148 = ( GEOMETRIC_REPRESENTATION_CONTEXT(2) 
PARAMETRIC_REPRESENTATION_CONTEXT() REPRESENTATION_CONTEXT('2D SPACE',''
  ) );
#17149 = ORIENTED_EDGE('',*,*,#6387,.T.);
#17150 = ORIENTED_EDGE('',*,*,#17129,.T.);
#17151 = ADVANCED_FACE('',(#17152),#6443,.F.);
#17152 = FACE_BOUND('',#17153,.F.);
#17153 = EDGE_LOOP('',(#17154,#17155,#17176,#17177));
#17154 = ORIENTED_EDGE('',*,*,#12089,.F.);
#17155 = ORIENTED_EDGE('',*,*,#17156,.F.);
#17156 = EDGE_CURVE('',#6423,#12090,#17157,.T.);
#17157 = SEAM_CURVE('',#17158,(#17162,#17169),.PCURVE_S1.);
#17158 = LINE('',#17159,#17160);
#17159 = CARTESIAN_POINT('',(140.45,-116.,-1.E-02));
#17160 = VECTOR('',#17161,1.);
#17161 = DIRECTION('',(0.,0.,1.));
#17162 = PCURVE('',#6443,#17163);
#17163 = DEFINITIONAL_REPRESENTATION('',(#17164),#17168);
#17164 = LINE('',#17165,#17166);
#17165 = CARTESIAN_POINT('',(6.28318530718,-0.));
#17166 = VECTOR('',#17167,1.);
#17167 = DIRECTION('',(0.,1.));
#17168 = ( GEOMETRIC_REPRESENTATION_CONTEXT(2) 
PARAMETRIC_REPRESENTATION_CONTEXT() REPRESENTATION_CONTEXT('2D SPACE',''
  ) );
#17169 = PCURVE('',#6443,#17170);
#17170 = DEFINITIONAL_REPRESENTATION('',(#17171),#17175);
#17171 = LINE('',#17172,#17173);
#17172 = CARTESIAN_POINT('',(0.,-0.));
#17173 = VECTOR('',#17174,1.);
#17174 = DIRECTION('',(0.,1.));
#17175 = ( GEOMETRIC_REPRESENTATION_CONTEXT(2) 
PARAMETRIC_REPRESENTATION_CONTEXT() REPRESENTATION_CONTEXT('2D SPACE',''
  ) );
#17176 = ORIENTED_EDGE('',*,*,#6422,.T.);
#17177 = ORIENTED_EDGE('',*,*,#17156,.T.);
#17178 = ADVANCED_FACE('',(#17179),#6478,.F.);
#17179 = FACE_BOUND('',#17180,.F.);
#17180 = EDGE_LOOP('',(#17181,#17182,#17203,#17204));
#17181 = ORIENTED_EDGE('',*,*,#12119,.F.);
#17182 = ORIENTED_EDGE('',*,*,#17183,.F.);
#17183 = EDGE_CURVE('',#6458,#12120,#17184,.T.);
#17184 = SEAM_CURVE('',#17185,(#17189,#17196),.PCURVE_S1.);
#17185 = LINE('',#17186,#17187);
#17186 = CARTESIAN_POINT('',(134.45,-118.,-1.E-02));
#17187 = VECTOR('',#17188,1.);
#17188 = DIRECTION('',(0.,0.,1.));
#17189 = PCURVE('',#6478,#17190);
#17190 = DEFINITIONAL_REPRESENTATION('',(#17191),#17195);
#17191 = LINE('',#17192,#17193);
#17192 = CARTESIAN_POINT('',(6.28318530718,-0.));
#17193 = VECTOR('',#17194,1.);
#17194 = DIRECTION('',(0.,1.));
#17195 = ( GEOMETRIC_REPRESENTATION_CONTEXT(2) 
PARAMETRIC_REPRESENTATION_CONTEXT() REPRESENTATION_CONTEXT('2D SPACE',''
  ) );
#17196 = PCURVE('',#6478,#17197);
#17197 = DEFINITIONAL_REPRESENTATION('',(#17198),#17202);
#17198 = LINE('',#17199,#17200);
#17199 = CARTESIAN_POINT('',(0.,-0.));
#17200 = VECTOR('',#17201,1.);
#17201 = DIRECTION('',(0.,1.));
#17202 = ( GEOMETRIC_REPRESENTATION_CONTEXT(2) 
PARAMETRIC_REPRESENTATION_CONTEXT() REPRESENTATION_CONTEXT('2D SPACE',''
  ) );
#17203 = ORIENTED_EDGE('',*,*,#6457,.T.);
#17204 = ORIENTED_EDGE('',*,*,#17183,.T.);
#17205 = ADVANCED_FACE('',(#17206),#6513,.F.);
#17206 = FACE_BOUND('',#17207,.F.);
#17207 = EDGE_LOOP('',(#17208,#17209,#17230,#17231));
#17208 = ORIENTED_EDGE('',*,*,#12149,.F.);
#17209 = ORIENTED_EDGE('',*,*,#17210,.F.);
#17210 = EDGE_CURVE('',#6493,#12150,#17211,.T.);
#17211 = SEAM_CURVE('',#17212,(#17216,#17223),.PCURVE_S1.);
#17212 = LINE('',#17213,#17214);
#17213 = CARTESIAN_POINT('',(145.58,-110.53,-1.E-02));
#17214 = VECTOR('',#17215,1.);
#17215 = DIRECTION('',(0.,0.,1.));
#17216 = PCURVE('',#6513,#17217);
#17217 = DEFINITIONAL_REPRESENTATION('',(#17218),#17222);
#17218 = LINE('',#17219,#17220);
#17219 = CARTESIAN_POINT('',(6.28318530718,-0.));
#17220 = VECTOR('',#17221,1.);
#17221 = DIRECTION('',(0.,1.));
#17222 = ( GEOMETRIC_REPRESENTATION_CONTEXT(2) 
PARAMETRIC_REPRESENTATION_CONTEXT() REPRESENTATION_CONTEXT('2D SPACE',''
  ) );
#17223 = PCURVE('',#6513,#17224);
#17224 = DEFINITIONAL_REPRESENTATION('',(#17225),#17229);
#17225 = LINE('',#17226,#17227);
#17226 = CARTESIAN_POINT('',(0.,-0.));
#17227 = VECTOR('',#17228,1.);
#17228 = DIRECTION('',(0.,1.));
#17229 = ( GEOMETRIC_REPRESENTATION_CONTEXT(2) 
PARAMETRIC_REPRESENTATION_CONTEXT() REPRESENTATION_CONTEXT('2D SPACE',''
  ) );
#17230 = ORIENTED_EDGE('',*,*,#6492,.T.);
#17231 = ORIENTED_EDGE('',*,*,#17210,.T.);
#17232 = ADVANCED_FACE('',(#17233),#6548,.F.);
#17233 = FACE_BOUND('',#17234,.F.);
#17234 = EDGE_LOOP('',(#17235,#17236,#17257,#17258));
#17235 = ORIENTED_EDGE('',*,*,#12179,.F.);
#17236 = ORIENTED_EDGE('',*,*,#17237,.F.);
#17237 = EDGE_CURVE('',#6528,#12180,#17238,.T.);
#17238 = SEAM_CURVE('',#17239,(#17243,#17250),.PCURVE_S1.);
#17239 = LINE('',#17240,#17241);
#17240 = CARTESIAN_POINT('',(140.5,-110.53,-1.E-02));
#17241 = VECTOR('',#17242,1.);
#17242 = DIRECTION('',(0.,0.,1.));
#17243 = PCURVE('',#6548,#17244);
#17244 = DEFINITIONAL_REPRESENTATION('',(#17245),#17249);
#17245 = LINE('',#17246,#17247);
#17246 = CARTESIAN_POINT('',(6.28318530718,-0.));
#17247 = VECTOR('',#17248,1.);
#17248 = DIRECTION('',(0.,1.));
#17249 = ( GEOMETRIC_REPRESENTATION_CONTEXT(2) 
PARAMETRIC_REPRESENTATION_CONTEXT() REPRESENTATION_CONTEXT('2D SPACE',''
  ) );
#17250 = PCURVE('',#6548,#17251);
#17251 = DEFINITIONAL_REPRESENTATION('',(#17252),#17256);
#17252 = LINE('',#17253,#17254);
#17253 = CARTESIAN_POINT('',(0.,-0.));
#17254 = VECTOR('',#17255,1.);
#17255 = DIRECTION('',(0.,1.));
#17256 = ( GEOMETRIC_REPRESENTATION_CONTEXT(2) 
PARAMETRIC_REPRESENTATION_CONTEXT() REPRESENTATION_CONTEXT('2D SPACE',''
  ) );
#17257 = ORIENTED_EDGE('',*,*,#6527,.T.);
#17258 = ORIENTED_EDGE('',*,*,#17237,.T.);
#17259 = ADVANCED_FACE('',(#17260),#6583,.F.);
#17260 = FACE_BOUND('',#17261,.F.);
#17261 = EDGE_LOOP('',(#17262,#17263,#17284,#17285));
#17262 = ORIENTED_EDGE('',*,*,#12209,.F.);
#17263 = ORIENTED_EDGE('',*,*,#17264,.F.);
#17264 = EDGE_CURVE('',#6563,#12210,#17265,.T.);
#17265 = SEAM_CURVE('',#17266,(#17270,#17277),.PCURVE_S1.);
#17266 = LINE('',#17267,#17268);
#17267 = CARTESIAN_POINT('',(135.42,-110.53,-1.E-02));
#17268 = VECTOR('',#17269,1.);
#17269 = DIRECTION('',(0.,0.,1.));
#17270 = PCURVE('',#6583,#17271);
#17271 = DEFINITIONAL_REPRESENTATION('',(#17272),#17276);
#17272 = LINE('',#17273,#17274);
#17273 = CARTESIAN_POINT('',(6.28318530718,-0.));
#17274 = VECTOR('',#17275,1.);
#17275 = DIRECTION('',(0.,1.));
#17276 = ( GEOMETRIC_REPRESENTATION_CONTEXT(2) 
PARAMETRIC_REPRESENTATION_CONTEXT() REPRESENTATION_CONTEXT('2D SPACE',''
  ) );
#17277 = PCURVE('',#6583,#17278);
#17278 = DEFINITIONAL_REPRESENTATION('',(#17279),#17283);
#17279 = LINE('',#17280,#17281);
#17280 = CARTESIAN_POINT('',(0.,-0.));
#17281 = VECTOR('',#17282,1.);
#17282 = DIRECTION('',(0.,1.));
#17283 = ( GEOMETRIC_REPRESENTATION_CONTEXT(2) 
PARAMETRIC_REPRESENTATION_CONTEXT() REPRESENTATION_CONTEXT('2D SPACE',''
  ) );
#17284 = ORIENTED_EDGE('',*,*,#6562,.T.);
#17285 = ORIENTED_EDGE('',*,*,#17264,.T.);
#17286 = ADVANCED_FACE('',(#17287),#6618,.F.);
#17287 = FACE_BOUND('',#17288,.F.);
#17288 = EDGE_LOOP('',(#17289,#17290,#17311,#17312));
#17289 = ORIENTED_EDGE('',*,*,#12239,.F.);
#17290 = ORIENTED_EDGE('',*,*,#17291,.F.);
#17291 = EDGE_CURVE('',#6598,#12240,#17292,.T.);
#17292 = SEAM_CURVE('',#17293,(#17297,#17304),.PCURVE_S1.);
#17293 = LINE('',#17294,#17295);
#17294 = CARTESIAN_POINT('',(123.45,-118.,-1.E-02));
#17295 = VECTOR('',#17296,1.);
#17296 = DIRECTION('',(0.,0.,1.));
#17297 = PCURVE('',#6618,#17298);
#17298 = DEFINITIONAL_REPRESENTATION('',(#17299),#17303);
#17299 = LINE('',#17300,#17301);
#17300 = CARTESIAN_POINT('',(6.28318530718,-0.));
#17301 = VECTOR('',#17302,1.);
#17302 = DIRECTION('',(0.,1.));
#17303 = ( GEOMETRIC_REPRESENTATION_CONTEXT(2) 
PARAMETRIC_REPRESENTATION_CONTEXT() REPRESENTATION_CONTEXT('2D SPACE',''
  ) );
#17304 = PCURVE('',#6618,#17305);
#17305 = DEFINITIONAL_REPRESENTATION('',(#17306),#17310);
#17306 = LINE('',#17307,#17308);
#17307 = CARTESIAN_POINT('',(0.,-0.));
#17308 = VECTOR('',#17309,1.);
#17309 = DIRECTION('',(0.,1.));
#17310 = ( GEOMETRIC_REPRESENTATION_CONTEXT(2) 
PARAMETRIC_REPRESENTATION_CONTEXT() REPRESENTATION_CONTEXT('2D SPACE',''
  ) );
#17311 = ORIENTED_EDGE('',*,*,#6597,.T.);
#17312 = ORIENTED_EDGE('',*,*,#17291,.T.);
#17313 = ADVANCED_FACE('',(#17314),#6653,.F.);
#17314 = FACE_BOUND('',#17315,.F.);
#17315 = EDGE_LOOP('',(#17316,#17317,#17338,#17339));
#17316 = ORIENTED_EDGE('',*,*,#12269,.F.);
#17317 = ORIENTED_EDGE('',*,*,#17318,.F.);
#17318 = EDGE_CURVE('',#6633,#12270,#17319,.T.);
#17319 = SEAM_CURVE('',#17320,(#17324,#17331),.PCURVE_S1.);
#17320 = LINE('',#17321,#17322);
#17321 = CARTESIAN_POINT('',(117.45,-116.,-1.E-02));
#17322 = VECTOR('',#17323,1.);
#17323 = DIRECTION('',(0.,0.,1.));
#17324 = PCURVE('',#6653,#17325);
#17325 = DEFINITIONAL_REPRESENTATION('',(#17326),#17330);
#17326 = LINE('',#17327,#17328);
#17327 = CARTESIAN_POINT('',(6.28318530718,-0.));
#17328 = VECTOR('',#17329,1.);
#17329 = DIRECTION('',(0.,1.));
#17330 = ( GEOMETRIC_REPRESENTATION_CONTEXT(2) 
PARAMETRIC_REPRESENTATION_CONTEXT() REPRESENTATION_CONTEXT('2D SPACE',''
  ) );
#17331 = PCURVE('',#6653,#17332);
#17332 = DEFINITIONAL_REPRESENTATION('',(#17333),#17337);
#17333 = LINE('',#17334,#17335);
#17334 = CARTESIAN_POINT('',(0.,-0.));
#17335 = VECTOR('',#17336,1.);
#17336 = DIRECTION('',(0.,1.));
#17337 = ( GEOMETRIC_REPRESENTATION_CONTEXT(2) 
PARAMETRIC_REPRESENTATION_CONTEXT() REPRESENTATION_CONTEXT('2D SPACE',''
  ) );
#17338 = ORIENTED_EDGE('',*,*,#6632,.T.);
#17339 = ORIENTED_EDGE('',*,*,#17318,.T.);
#17340 = ADVANCED_FACE('',(#17341),#6688,.F.);
#17341 = FACE_BOUND('',#17342,.F.);
#17342 = EDGE_LOOP('',(#17343,#17344,#17365,#17366));
#17343 = ORIENTED_EDGE('',*,*,#12299,.F.);
#17344 = ORIENTED_EDGE('',*,*,#17345,.F.);
#17345 = EDGE_CURVE('',#6668,#12300,#17346,.T.);
#17346 = SEAM_CURVE('',#17347,(#17351,#17358),.PCURVE_S1.);
#17347 = LINE('',#17348,#17349);
#17348 = CARTESIAN_POINT('',(111.45,-118.,-1.E-02));
#17349 = VECTOR('',#17350,1.);
#17350 = DIRECTION('',(0.,0.,1.));
#17351 = PCURVE('',#6688,#17352);
#17352 = DEFINITIONAL_REPRESENTATION('',(#17353),#17357);
#17353 = LINE('',#17354,#17355);
#17354 = CARTESIAN_POINT('',(6.28318530718,-0.));
#17355 = VECTOR('',#17356,1.);
#17356 = DIRECTION('',(0.,1.));
#17357 = ( GEOMETRIC_REPRESENTATION_CONTEXT(2) 
PARAMETRIC_REPRESENTATION_CONTEXT() REPRESENTATION_CONTEXT('2D SPACE',''
  ) );
#17358 = PCURVE('',#6688,#17359);
#17359 = DEFINITIONAL_REPRESENTATION('',(#17360),#17364);
#17360 = LINE('',#17361,#17362);
#17361 = CARTESIAN_POINT('',(0.,-0.));
#17362 = VECTOR('',#17363,1.);
#17363 = DIRECTION('',(0.,1.));
#17364 = ( GEOMETRIC_REPRESENTATION_CONTEXT(2) 
PARAMETRIC_REPRESENTATION_CONTEXT() REPRESENTATION_CONTEXT('2D SPACE',''
  ) );
#17365 = ORIENTED_EDGE('',*,*,#6667,.T.);
#17366 = ORIENTED_EDGE('',*,*,#17345,.T.);
#17367 = ADVANCED_FACE('',(#17368),#6723,.F.);
#17368 = FACE_BOUND('',#17369,.F.);
#17369 = EDGE_LOOP('',(#17370,#17371,#17392,#17393));
#17370 = ORIENTED_EDGE('',*,*,#12329,.F.);
#17371 = ORIENTED_EDGE('',*,*,#17372,.F.);
#17372 = EDGE_CURVE('',#6703,#12330,#17373,.T.);
#17373 = SEAM_CURVE('',#17374,(#17378,#17385),.PCURVE_S1.);
#17374 = LINE('',#17375,#17376);
#17375 = CARTESIAN_POINT('',(122.58,-110.53,-1.E-02));
#17376 = VECTOR('',#17377,1.);
#17377 = DIRECTION('',(0.,0.,1.));
#17378 = PCURVE('',#6723,#17379);
#17379 = DEFINITIONAL_REPRESENTATION('',(#17380),#17384);
#17380 = LINE('',#17381,#17382);
#17381 = CARTESIAN_POINT('',(6.28318530718,-0.));
#17382 = VECTOR('',#17383,1.);
#17383 = DIRECTION('',(0.,1.));
#17384 = ( GEOMETRIC_REPRESENTATION_CONTEXT(2) 
PARAMETRIC_REPRESENTATION_CONTEXT() REPRESENTATION_CONTEXT('2D SPACE',''
  ) );
#17385 = PCURVE('',#6723,#17386);
#17386 = DEFINITIONAL_REPRESENTATION('',(#17387),#17391);
#17387 = LINE('',#17388,#17389);
#17388 = CARTESIAN_POINT('',(0.,-0.));
#17389 = VECTOR('',#17390,1.);
#17390 = DIRECTION('',(0.,1.));
#17391 = ( GEOMETRIC_REPRESENTATION_CONTEXT(2) 
PARAMETRIC_REPRESENTATION_CONTEXT() REPRESENTATION_CONTEXT('2D SPACE',''
  ) );
#17392 = ORIENTED_EDGE('',*,*,#6702,.T.);
#17393 = ORIENTED_EDGE('',*,*,#17372,.T.);
#17394 = ADVANCED_FACE('',(#17395),#6758,.F.);
#17395 = FACE_BOUND('',#17396,.F.);
#17396 = EDGE_LOOP('',(#17397,#17398,#17419,#17420));
#17397 = ORIENTED_EDGE('',*,*,#12359,.F.);
#17398 = ORIENTED_EDGE('',*,*,#17399,.F.);
#17399 = EDGE_CURVE('',#6738,#12360,#17400,.T.);
#17400 = SEAM_CURVE('',#17401,(#17405,#17412),.PCURVE_S1.);
#17401 = LINE('',#17402,#17403);
#17402 = CARTESIAN_POINT('',(117.5,-110.53,-1.E-02));
#17403 = VECTOR('',#17404,1.);
#17404 = DIRECTION('',(0.,0.,1.));
#17405 = PCURVE('',#6758,#17406);
#17406 = DEFINITIONAL_REPRESENTATION('',(#17407),#17411);
#17407 = LINE('',#17408,#17409);
#17408 = CARTESIAN_POINT('',(6.28318530718,-0.));
#17409 = VECTOR('',#17410,1.);
#17410 = DIRECTION('',(0.,1.));
#17411 = ( GEOMETRIC_REPRESENTATION_CONTEXT(2) 
PARAMETRIC_REPRESENTATION_CONTEXT() REPRESENTATION_CONTEXT('2D SPACE',''
  ) );
#17412 = PCURVE('',#6758,#17413);
#17413 = DEFINITIONAL_REPRESENTATION('',(#17414),#17418);
#17414 = LINE('',#17415,#17416);
#17415 = CARTESIAN_POINT('',(0.,-0.));
#17416 = VECTOR('',#17417,1.);
#17417 = DIRECTION('',(0.,1.));
#17418 = ( GEOMETRIC_REPRESENTATION_CONTEXT(2) 
PARAMETRIC_REPRESENTATION_CONTEXT() REPRESENTATION_CONTEXT('2D SPACE',''
  ) );
#17419 = ORIENTED_EDGE('',*,*,#6737,.T.);
#17420 = ORIENTED_EDGE('',*,*,#17399,.T.);
#17421 = ADVANCED_FACE('',(#17422),#6793,.F.);
#17422 = FACE_BOUND('',#17423,.F.);
#17423 = EDGE_LOOP('',(#17424,#17425,#17446,#17447));
#17424 = ORIENTED_EDGE('',*,*,#12389,.F.);
#17425 = ORIENTED_EDGE('',*,*,#17426,.F.);
#17426 = EDGE_CURVE('',#6773,#12390,#17427,.T.);
#17427 = SEAM_CURVE('',#17428,(#17432,#17439),.PCURVE_S1.);
#17428 = LINE('',#17429,#17430);
#17429 = CARTESIAN_POINT('',(112.42,-110.53,-1.E-02));
#17430 = VECTOR('',#17431,1.);
#17431 = DIRECTION('',(0.,0.,1.));
#17432 = PCURVE('',#6793,#17433);
#17433 = DEFINITIONAL_REPRESENTATION('',(#17434),#17438);
#17434 = LINE('',#17435,#17436);
#17435 = CARTESIAN_POINT('',(6.28318530718,-0.));
#17436 = VECTOR('',#17437,1.);
#17437 = DIRECTION('',(0.,1.));
#17438 = ( GEOMETRIC_REPRESENTATION_CONTEXT(2) 
PARAMETRIC_REPRESENTATION_CONTEXT() REPRESENTATION_CONTEXT('2D SPACE',''
  ) );
#17439 = PCURVE('',#6793,#17440);
#17440 = DEFINITIONAL_REPRESENTATION('',(#17441),#17445);
#17441 = LINE('',#17442,#17443);
#17442 = CARTESIAN_POINT('',(0.,-0.));
#17443 = VECTOR('',#17444,1.);
#17444 = DIRECTION('',(0.,1.));
#17445 = ( GEOMETRIC_REPRESENTATION_CONTEXT(2) 
PARAMETRIC_REPRESENTATION_CONTEXT() REPRESENTATION_CONTEXT('2D SPACE',''
  ) );
#17446 = ORIENTED_EDGE('',*,*,#6772,.T.);
#17447 = ORIENTED_EDGE('',*,*,#17426,.T.);
#17448 = ADVANCED_FACE('',(#17449),#6828,.F.);
#17449 = FACE_BOUND('',#17450,.F.);
#17450 = EDGE_LOOP('',(#17451,#17452,#17473,#17474));
#17451 = ORIENTED_EDGE('',*,*,#12419,.F.);
#17452 = ORIENTED_EDGE('',*,*,#17453,.F.);
#17453 = EDGE_CURVE('',#6808,#12420,#17454,.T.);
#17454 = SEAM_CURVE('',#17455,(#17459,#17466),.PCURVE_S1.);
#17455 = LINE('',#17456,#17457);
#17456 = CARTESIAN_POINT('',(105.1,-103.5,-1.E-02));
#17457 = VECTOR('',#17458,1.);
#17458 = DIRECTION('',(0.,0.,1.));
#17459 = PCURVE('',#6828,#17460);
#17460 = DEFINITIONAL_REPRESENTATION('',(#17461),#17465);
#17461 = LINE('',#17462,#17463);
#17462 = CARTESIAN_POINT('',(6.28318530718,-0.));
#17463 = VECTOR('',#17464,1.);
#17464 = DIRECTION('',(0.,1.));
#17465 = ( GEOMETRIC_REPRESENTATION_CONTEXT(2) 
PARAMETRIC_REPRESENTATION_CONTEXT() REPRESENTATION_CONTEXT('2D SPACE',''
  ) );
#17466 = PCURVE('',#6828,#17467);
#17467 = DEFINITIONAL_REPRESENTATION('',(#17468),#17472);
#17468 = LINE('',#17469,#17470);
#17469 = CARTESIAN_POINT('',(0.,-0.));
#17470 = VECTOR('',#17471,1.);
#17471 = DIRECTION('',(0.,1.));
#17472 = ( GEOMETRIC_REPRESENTATION_CONTEXT(2) 
PARAMETRIC_REPRESENTATION_CONTEXT() REPRESENTATION_CONTEXT('2D SPACE',''
  ) );
#17473 = ORIENTED_EDGE('',*,*,#6807,.T.);
#17474 = ORIENTED_EDGE('',*,*,#17453,.T.);
#17475 = ( GEOMETRIC_REPRESENTATION_CONTEXT(3) 
GLOBAL_UNCERTAINTY_ASSIGNED_CONTEXT((#17479)) 
GLOBAL_UNIT_ASSIGNED_CONTEXT((#17476,#17477,#17478)) 
REPRESENTATION_CONTEXT('Context #1',
  '3D Context with UNIT and UNCERTAINTY') );
#17476 = ( LENGTH_UNIT() NAMED_UNIT(*) SI_UNIT(.MILLI.,.METRE.) );
#17477 = ( NAMED_UNIT(*) PLANE_ANGLE_UNIT() SI_UNIT($,.RADIAN.) );
#17478 = ( NAMED_UNIT(*) SI_UNIT($,.STERADIAN.) SOLID_ANGLE_UNIT() );
#17479 = UNCERTAINTY_MEASURE_WITH_UNIT(LENGTH_MEASURE(1.E-07),#17476,
  'distance_accuracy_value','confusion accuracy');
#17480 = CONTEXT_DEPENDENT_SHAPE_REPRESENTATION(#17481,#17483);
#17481 = ( REPRESENTATION_RELATIONSHIP('','',#32,#10) 
REPRESENTATION_RELATIONSHIP_WITH_TRANSFORMATION(#17482) 
SHAPE_REPRESENTATION_RELATIONSHIP() );
#17482 = ITEM_DEFINED_TRANSFORMATION('','',#11,#15);
#17483 = PRODUCT_DEFINITION_SHAPE('Placement','Placement of an item',
  #17484);
#17484 = NEXT_ASSEMBLY_USAGE_OCCURRENCE('1','=>[0:1:1:2]','',#5,#27,$);
#17485 = PRODUCT_RELATED_PRODUCT_CATEGORY('part',$,(#29));
#17486 = SHAPE_DEFINITION_REPRESENTATION(#17483,#17487);
#17487 = SHAPE_REPRESENTATION('',(#15),#17475);
#17488 = MECHANICAL_DESIGN_GEOMETRIC_PRESENTATION_REPRESENTATION('',(
    #17489,#17497),#17475);
#17489 = STYLED_ITEM('color',(#17490),#33);
#17490 = PRESENTATION_STYLE_ASSIGNMENT((#17491));
#17491 = SURFACE_STYLE_USAGE(.BOTH.,#17492);
#17492 = SURFACE_SIDE_STYLE('',(#17493));
#17493 = SURFACE_STYLE_FILL_AREA(#17494);
#17494 = FILL_AREA_STYLE('',(#17495));
#17495 = FILL_AREA_STYLE_COLOUR('',#17496);
#17496 = COLOUR_RGB('',0.313304153717,0.484529207832,0.410020903123);
#17497 = OVER_RIDING_STYLED_ITEM('overriding color',(#17498),#33,#17489
  );
#17498 = PRESENTATION_STYLE_BY_CONTEXT((#17499),#17487);
#17499 = SURFACE_STYLE_USAGE(.BOTH.,#17500);
#17500 = SURFACE_SIDE_STYLE('',(#17501));
#17501 = SURFACE_STYLE_FILL_AREA(#17502);
#17502 = FILL_AREA_STYLE('',(#17503));
#17503 = FILL_AREA_STYLE_COLOUR('',#17504);
#17504 = COLOUR_RGB('',0.313304153717,0.484529207832,0.410020903123);
ENDSEC;
END-ISO-10303-21;
